-- MySQL dump 10.13  Distrib 8.0.38, for Linux (x86_64)
--
-- Host: localhost    Database: givutake
-- ------------------------------------------------------
-- Server version	8.0.38

/*!40101 SET @OLD_CHARACTER_SET_CLIENT=@@CHARACTER_SET_CLIENT */;
/*!40101 SET @OLD_CHARACTER_SET_RESULTS=@@CHARACTER_SET_RESULTS */;
/*!40101 SET @OLD_COLLATION_CONNECTION=@@COLLATION_CONNECTION */;
/*!50503 SET NAMES utf8mb4 */;
/*!40103 SET @OLD_TIME_ZONE=@@TIME_ZONE */;
/*!40103 SET TIME_ZONE='+00:00' */;
/*!40014 SET @OLD_UNIQUE_CHECKS=@@UNIQUE_CHECKS, UNIQUE_CHECKS=0 */;
/*!40014 SET @OLD_FOREIGN_KEY_CHECKS=@@FOREIGN_KEY_CHECKS, FOREIGN_KEY_CHECKS=0 */;
/*!40101 SET @OLD_SQL_MODE=@@SQL_MODE, SQL_MODE='NO_AUTO_VALUE_ON_ZERO' */;
/*!40111 SET @OLD_SQL_NOTES=@@SQL_NOTES, SQL_NOTES=0 */;

--
-- Table structure for table `addresses`
--

DROP TABLE IF EXISTS `addresses`;
/*!40101 SET @saved_cs_client     = @@character_set_client */;
/*!50503 SET character_set_client = utf8mb4 */;
CREATE TABLE `addresses` (
  `address_idx` int NOT NULL AUTO_INCREMENT,
  `created_date` datetime(6) NOT NULL,
  `modified_date` datetime(6) NOT NULL,
  `address_name` varchar(8) NOT NULL,
  `bname` varchar(10) NOT NULL,
  `bname1` varchar(10) NOT NULL,
  `building_name` varchar(20) NOT NULL,
  `detail_address` varchar(50) NOT NULL,
  `is_apartment` bit(1) NOT NULL,
  `is_deleted` bit(1) NOT NULL,
  `is_reprentative` bit(1) NOT NULL,
  `jibun_address` varchar(50) NOT NULL,
  `region_idx` int NOT NULL,
  `road_address` varchar(50) NOT NULL,
  `zone_code` varchar(5) NOT NULL,
  `user_idx` int NOT NULL,
  PRIMARY KEY (`address_idx`),
  KEY `FKpsmnw4j5wxrscoqmv36n6ryuu` (`user_idx`),
  CONSTRAINT `FKpsmnw4j5wxrscoqmv36n6ryuu` FOREIGN KEY (`user_idx`) REFERENCES `users` (`user_idx`)
) ENGINE=InnoDB AUTO_INCREMENT=61 DEFAULT CHARSET=utf8mb4 COLLATE=utf8mb4_0900_ai_ci;
/*!40101 SET character_set_client = @saved_cs_client */;

--
-- Dumping data for table `addresses`
--

LOCK TABLES `addresses` WRITE;
/*!40000 ALTER TABLE `addresses` DISABLE KEYS */;
INSERT INTO `addresses` VALUES (1,'2024-10-07 17:50:18.951614','2024-10-07 17:50:18.951614','교회','동삼동','','태종대교회','1층',_binary '\0',_binary '\0',_binary '','부산 영도구 동삼동 976-2',29,'부산 영도구 감지길 8','49126',4),(2,'2024-10-07 23:46:55.345049','2024-10-08 23:49:28.775394','교회','동삼동','','태종대교회','1층',_binary '\0',_binary '\0',_binary '\0','부산 영도구 동삼동 976-2',29,'부산 영도구 감지길 8','49126',6),(3,'2024-10-08 10:10:32.682236','2024-10-08 10:10:32.682236','교회','동삼동','','태종대교회','1층',_binary '\0',_binary '\0',_binary '','부산 영도구 동삼동 976-2',29,'부산 영도구 감지길 8','49126',8),(4,'2024-10-08 10:12:27.712570','2024-10-08 10:12:27.712570','교회','동삼동','','태종대교회','1층',_binary '\0',_binary '\0',_binary '','부산 영도구 동삼동 976-2',29,'부산 영도구 감지길 8','49126',9),(5,'2024-10-08 10:13:46.794728','2024-10-08 10:13:46.794728','교회','동삼동','','태종대교회','1층',_binary '\0',_binary '\0',_binary '','부산 영도구 동삼동 976-2',29,'부산 영도구 감지길 8','49126',10),(6,'2024-10-08 10:14:49.549670','2024-10-08 10:14:49.549670','교회','동삼동','','태종대교회','1층',_binary '\0',_binary '\0',_binary '','부산 영도구 동삼동 976-2',29,'부산 영도구 감지길 8','49126',11),(7,'2024-10-08 15:51:07.519959','2024-10-08 15:51:07.519959','교회','동삼동','','태종대교회','1층',_binary '\0',_binary '\0',_binary '','부산 영도구 동삼동 976-2',29,'부산 영도구 감지길 8','49126',12),(8,'2024-10-08 15:51:25.128454','2024-10-08 15:51:25.128454','교회','동삼동','','태종대교회','1층',_binary '\0',_binary '\0',_binary '','부산 영도구 동삼동 976-2',29,'부산 영도구 감지길 8','49126',13),(9,'2024-10-08 15:51:33.131515','2024-10-08 15:51:33.131515','교회','동삼동','','태종대교회','1층',_binary '\0',_binary '\0',_binary '','부산 영도구 동삼동 976-2',29,'부산 영도구 감지길 8','49126',14),(10,'2024-10-08 15:51:39.518044','2024-10-08 15:51:39.518044','교회','동삼동','','태종대교회','1층',_binary '\0',_binary '\0',_binary '','부산 영도구 동삼동 976-2',29,'부산 영도구 감지길 8','49126',15),(11,'2024-10-08 15:51:45.797674','2024-10-08 15:51:45.797674','교회','동삼동','','태종대교회','1층',_binary '\0',_binary '\0',_binary '','부산 영도구 동삼동 976-2',29,'부산 영도구 감지길 8','49126',16),(12,'2024-10-08 15:52:02.911902','2024-10-08 15:52:02.911902','교회','동삼동','','태종대교회','1층',_binary '\0',_binary '\0',_binary '','부산 영도구 동삼동 976-2',29,'부산 영도구 감지길 8','49126',17),(13,'2024-10-08 15:52:10.860632','2024-10-08 15:52:10.860632','교회','동삼동','','태종대교회','1층',_binary '\0',_binary '\0',_binary '','부산 영도구 동삼동 976-2',29,'부산 영도구 감지길 8','49126',18),(14,'2024-10-08 15:52:17.769113','2024-10-08 15:52:17.769113','교회','동삼동','','태종대교회','1층',_binary '\0',_binary '\0',_binary '','부산 영도구 동삼동 976-2',29,'부산 영도구 감지길 8','49126',19),(15,'2024-10-08 15:52:23.962391','2024-10-08 15:52:23.962391','교회','동삼동','','태종대교회','1층',_binary '\0',_binary '\0',_binary '','부산 영도구 동삼동 976-2',29,'부산 영도구 감지길 8','49126',20),(16,'2024-10-08 15:52:31.032249','2024-10-08 15:52:31.032249','교회','동삼동','','태종대교회','1층',_binary '\0',_binary '\0',_binary '','부산 영도구 동삼동 976-2',29,'부산 영도구 감지길 8','49126',21),(17,'2024-10-08 15:52:56.026564','2024-10-08 15:52:56.026564','교회','동삼동','','태종대교회','1층',_binary '\0',_binary '\0',_binary '','부산 영도구 동삼동 976-2',29,'부산 영도구 감지길 8','49126',22),(18,'2024-10-08 15:53:01.607557','2024-10-08 15:53:01.607557','교회','동삼동','','태종대교회','1층',_binary '\0',_binary '\0',_binary '','부산 영도구 동삼동 976-2',29,'부산 영도구 감지길 8','49126',23),(19,'2024-10-08 15:53:11.238648','2024-10-08 15:53:11.238648','교회','동삼동','','태종대교회','1층',_binary '\0',_binary '\0',_binary '','부산 영도구 동삼동 976-2',29,'부산 영도구 감지길 8','49126',24),(20,'2024-10-08 15:53:20.767220','2024-10-08 15:53:20.767220','교회','동삼동','','태종대교회','1층',_binary '\0',_binary '\0',_binary '','부산 영도구 동삼동 976-2',29,'부산 영도구 감지길 8','49126',25),(21,'2024-10-08 15:53:26.713269','2024-10-08 15:53:26.713269','교회','동삼동','','태종대교회','1층',_binary '\0',_binary '\0',_binary '','부산 영도구 동삼동 976-2',29,'부산 영도구 감지길 8','49126',26),(22,'2024-10-08 15:53:44.143520','2024-10-08 15:53:44.143520','교회','동삼동','','태종대교회','1층',_binary '\0',_binary '\0',_binary '','부산 영도구 동삼동 976-2',29,'부산 영도구 감지길 8','49126',27),(23,'2024-10-08 15:53:49.692770','2024-10-08 15:53:49.692770','교회','동삼동','','태종대교회','1층',_binary '\0',_binary '\0',_binary '','부산 영도구 동삼동 976-2',29,'부산 영도구 감지길 8','49126',28),(24,'2024-10-08 15:53:56.507246','2024-10-08 15:53:56.507246','교회','동삼동','','태종대교회','1층',_binary '\0',_binary '\0',_binary '','부산 영도구 동삼동 976-2',29,'부산 영도구 감지길 8','49126',29),(25,'2024-10-08 15:54:02.862005','2024-10-08 15:54:02.862005','교회','동삼동','','태종대교회','1층',_binary '\0',_binary '\0',_binary '','부산 영도구 동삼동 976-2',29,'부산 영도구 감지길 8','49126',30),(26,'2024-10-08 15:54:13.034797','2024-10-08 15:54:13.034797','교회','동삼동','','태종대교회','1층',_binary '\0',_binary '\0',_binary '','부산 영도구 동삼동 976-2',29,'부산 영도구 감지길 8','49126',31),(27,'2024-10-08 15:54:24.628964','2024-10-08 15:54:24.628964','교회','동삼동','','태종대교회','1층',_binary '\0',_binary '\0',_binary '','부산 영도구 동삼동 976-2',29,'부산 영도구 감지길 8','49126',32),(28,'2024-10-08 15:54:31.763020','2024-10-08 15:54:31.763020','교회','동삼동','','태종대교회','1층',_binary '\0',_binary '\0',_binary '','부산 영도구 동삼동 976-2',29,'부산 영도구 감지길 8','49126',33),(29,'2024-10-08 15:54:39.014061','2024-10-08 15:54:39.014061','교회','동삼동','','태종대교회','1층',_binary '\0',_binary '\0',_binary '','부산 영도구 동삼동 976-2',29,'부산 영도구 감지길 8','49126',34),(30,'2024-10-08 15:54:44.950019','2024-10-08 15:54:44.950019','교회','동삼동','','태종대교회','1층',_binary '\0',_binary '\0',_binary '','부산 영도구 동삼동 976-2',29,'부산 영도구 감지길 8','49126',35),(31,'2024-10-08 15:54:53.481029','2024-10-08 15:54:53.481029','교회','동삼동','','태종대교회','1층',_binary '\0',_binary '\0',_binary '','부산 영도구 동삼동 976-2',29,'부산 영도구 감지길 8','49126',36),(32,'2024-10-08 15:55:03.508484','2024-10-08 15:55:03.508484','교회','동삼동','','태종대교회','1층',_binary '\0',_binary '\0',_binary '','부산 영도구 동삼동 976-2',29,'부산 영도구 감지길 8','49126',37),(33,'2024-10-08 15:55:11.729144','2024-10-08 15:55:11.729144','교회','동삼동','','태종대교회','1층',_binary '\0',_binary '\0',_binary '','부산 영도구 동삼동 976-2',29,'부산 영도구 감지길 8','49126',38),(34,'2024-10-08 15:55:18.000310','2024-10-08 15:55:18.000310','교회','동삼동','','태종대교회','1층',_binary '\0',_binary '\0',_binary '','부산 영도구 동삼동 976-2',29,'부산 영도구 감지길 8','49126',39),(35,'2024-10-08 15:55:23.446615','2024-10-08 15:55:23.446615','교회','동삼동','','태종대교회','1층',_binary '\0',_binary '\0',_binary '','부산 영도구 동삼동 976-2',29,'부산 영도구 감지길 8','49126',40),(36,'2024-10-08 15:55:31.460335','2024-10-08 15:55:31.460335','교회','동삼동','','태종대교회','1층',_binary '\0',_binary '\0',_binary '','부산 영도구 동삼동 976-2',29,'부산 영도구 감지길 8','49126',41),(37,'2024-10-08 15:55:45.108217','2024-10-08 15:55:45.108217','교회','동삼동','','태종대교회','1층',_binary '\0',_binary '\0',_binary '','부산 영도구 동삼동 976-2',29,'부산 영도구 감지길 8','49126',42),(38,'2024-10-08 15:55:52.066428','2024-10-08 15:55:52.066428','교회','동삼동','','태종대교회','1층',_binary '\0',_binary '\0',_binary '','부산 영도구 동삼동 976-2',29,'부산 영도구 감지길 8','49126',43),(39,'2024-10-08 15:55:58.506250','2024-10-08 15:55:58.506250','교회','동삼동','','태종대교회','1층',_binary '\0',_binary '\0',_binary '','부산 영도구 동삼동 976-2',29,'부산 영도구 감지길 8','49126',44),(40,'2024-10-08 15:56:03.785379','2024-10-08 15:56:03.785379','교회','동삼동','','태종대교회','1층',_binary '\0',_binary '\0',_binary '','부산 영도구 동삼동 976-2',29,'부산 영도구 감지길 8','49126',45),(41,'2024-10-08 15:56:09.063327','2024-10-08 15:56:09.063327','교회','동삼동','','태종대교회','1층',_binary '\0',_binary '\0',_binary '','부산 영도구 동삼동 976-2',29,'부산 영도구 감지길 8','49126',46),(42,'2024-10-08 15:56:18.324339','2024-10-08 15:56:18.324339','교회','동삼동','','태종대교회','1층',_binary '\0',_binary '\0',_binary '','부산 영도구 동삼동 976-2',29,'부산 영도구 감지길 8','49126',47),(43,'2024-10-08 15:56:25.559578','2024-10-08 15:56:25.559578','교회','동삼동','','태종대교회','1층',_binary '\0',_binary '\0',_binary '','부산 영도구 동삼동 976-2',29,'부산 영도구 감지길 8','49126',48),(44,'2024-10-08 15:56:32.417224','2024-10-08 15:56:32.417224','교회','동삼동','','태종대교회','1층',_binary '\0',_binary '\0',_binary '','부산 영도구 동삼동 976-2',29,'부산 영도구 감지길 8','49126',49),(45,'2024-10-08 15:56:38.124283','2024-10-08 15:56:38.124283','교회','동삼동','','태종대교회','1층',_binary '\0',_binary '\0',_binary '','부산 영도구 동삼동 976-2',29,'부산 영도구 감지길 8','49126',50),(46,'2024-10-08 15:56:45.204977','2024-10-08 15:56:45.204977','교회','동삼동','','태종대교회','1층',_binary '\0',_binary '\0',_binary '','부산 영도구 동삼동 976-2',29,'부산 영도구 감지길 8','49126',51),(47,'2024-10-08 15:57:00.234053','2024-10-08 15:57:00.234053','교회','동삼동','','태종대교회','1층',_binary '\0',_binary '\0',_binary '','부산 영도구 동삼동 976-2',29,'부산 영도구 감지길 8','49126',52),(48,'2024-10-08 15:57:19.546629','2024-10-08 15:57:19.546629','교회','동삼동','','태종대교회','1층',_binary '\0',_binary '\0',_binary '','부산 영도구 동삼동 976-2',29,'부산 영도구 감지길 8','49126',53),(49,'2024-10-08 15:57:27.259991','2024-10-08 15:57:27.259991','교회','동삼동','','태종대교회','1층',_binary '\0',_binary '\0',_binary '','부산 영도구 동삼동 976-2',29,'부산 영도구 감지길 8','49126',54),(50,'2024-10-08 15:57:32.699527','2024-10-08 15:57:32.699527','교회','동삼동','','태종대교회','1층',_binary '\0',_binary '\0',_binary '','부산 영도구 동삼동 976-2',29,'부산 영도구 감지길 8','49126',55),(51,'2024-10-08 15:57:39.200581','2024-10-08 15:57:39.200581','교회','동삼동','','태종대교회','1층',_binary '\0',_binary '\0',_binary '','부산 영도구 동삼동 976-2',29,'부산 영도구 감지길 8','49126',56),(52,'2024-10-08 15:57:49.316546','2024-10-08 15:57:49.316546','교회','동삼동','','태종대교회','1층',_binary '\0',_binary '\0',_binary '','부산 영도구 동삼동 976-2',29,'부산 영도구 감지길 8','49126',57),(53,'2024-10-08 15:57:55.022308','2024-10-08 15:57:55.022308','교회','동삼동','','태종대교회','1층',_binary '\0',_binary '\0',_binary '','부산 영도구 동삼동 976-2',29,'부산 영도구 감지길 8','49126',58),(54,'2024-10-08 15:58:01.852173','2024-10-08 15:58:01.852173','교회','동삼동','','태종대교회','1층',_binary '\0',_binary '\0',_binary '','부산 영도구 동삼동 976-2',29,'부산 영도구 감지길 8','49126',59),(55,'2024-10-08 15:58:08.360333','2024-10-08 15:58:08.360333','교회','동삼동','','태종대교회','1층',_binary '\0',_binary '\0',_binary '','부산 영도구 동삼동 976-2',29,'부산 영도구 감지길 8','49126',60),(56,'2024-10-08 15:58:14.991232','2024-10-08 15:58:14.991232','교회','동삼동','','태종대교회','1층',_binary '\0',_binary '\0',_binary '','부산 영도구 동삼동 976-2',29,'부산 영도구 감지길 8','49126',61),(57,'2024-10-08 23:49:28.768331','2024-10-08 23:49:28.768331','뭐','금곡동','','신화명리버뷰자이','105동',_binary '\0',_binary '\0',_binary '','부산광역시 북구 금곡동 1918-',33,'부산광역시 북구 금곡대로470번길 29','46508',6),(58,'2024-10-10 13:44:06.790206','2024-10-10 13:44:06.790206','교회','동삼동','','태종대교회','1층',_binary '\0',_binary '\0',_binary '','부산 영도구 동삼동 976-2',29,'부산 영도구 감지길 8','49126',70),(59,'2024-10-10 21:39:03.628203','2024-10-10 21:39:03.628203','교회','동삼동','','태종대교회','1층',_binary '\0',_binary '\0',_binary '','부산 영도구 동삼동 976-2',29,'부산 영도구 감지길 8','49126',71),(60,'2024-10-10 22:35:21.348311','2024-10-10 22:35:21.348311','교회','동삼동','','태종대교회','1층',_binary '\0',_binary '\0',_binary '','부산 영도구 동삼동 976-2',29,'부산 영도구 감지길 8','49126',72);
/*!40000 ALTER TABLE `addresses` ENABLE KEYS */;
UNLOCK TABLES;

--
-- Table structure for table `answer`
--

DROP TABLE IF EXISTS `answer`;
/*!40101 SET @saved_cs_client     = @@character_set_client */;
/*!50503 SET character_set_client = utf8mb4 */;
CREATE TABLE `answer` (
  `answer_idx` int NOT NULL AUTO_INCREMENT,
  `created_date` datetime(6) NOT NULL,
  `modified_date` datetime(6) NOT NULL,
  `answer_content` varchar(1000) NOT NULL,
  `admin_idx` int DEFAULT NULL,
  `qna_idx` int DEFAULT NULL,
  PRIMARY KEY (`answer_idx`),
  UNIQUE KEY `UKbql8q8j9lobo07svdea4g64ll` (`qna_idx`),
  KEY `FKnvmgjvwy6m26pidkjgimc136q` (`admin_idx`),
  CONSTRAINT `FKnvmgjvwy6m26pidkjgimc136q` FOREIGN KEY (`admin_idx`) REFERENCES `users` (`user_idx`),
  CONSTRAINT `FKoj0b7sc1leqe9uru0n5ucxldd` FOREIGN KEY (`qna_idx`) REFERENCES `qna` (`qna_idx`)
) ENGINE=InnoDB AUTO_INCREMENT=2 DEFAULT CHARSET=utf8mb4 COLLATE=utf8mb4_0900_ai_ci;
/*!40101 SET character_set_client = @saved_cs_client */;

--
-- Dumping data for table `answer`
--

LOCK TABLES `answer` WRITE;
/*!40000 ALTER TABLE `answer` DISABLE KEYS */;
INSERT INTO `answer` VALUES (1,'2024-10-08 16:14:10.500810','2024-10-08 16:14:10.500810','개같이 놀고싶다',7,2);
/*!40000 ALTER TABLE `answer` ENABLE KEYS */;
UNLOCK TABLES;

--
-- Table structure for table `business_registration_certificates`
--

DROP TABLE IF EXISTS `business_registration_certificates`;
/*!40101 SET @saved_cs_client     = @@character_set_client */;
/*!50503 SET character_set_client = utf8mb4 */;
CREATE TABLE `business_registration_certificates` (
  `certificate_idx` int NOT NULL AUTO_INCREMENT,
  `created_date` datetime(6) NOT NULL,
  `modified_date` datetime(6) NOT NULL,
  `file_path` varchar(2048) NOT NULL,
  `user_idx` int NOT NULL,
  PRIMARY KEY (`certificate_idx`),
  UNIQUE KEY `UKlsevhmxkxawgk7o0ltdcmcl2l` (`user_idx`),
  CONSTRAINT `FK5p8g2lvepxyra0h50nwaf139o` FOREIGN KEY (`user_idx`) REFERENCES `users` (`user_idx`)
) ENGINE=InnoDB DEFAULT CHARSET=utf8mb4 COLLATE=utf8mb4_0900_ai_ci;
/*!40101 SET character_set_client = @saved_cs_client */;

--
-- Dumping data for table `business_registration_certificates`
--

LOCK TABLES `business_registration_certificates` WRITE;
/*!40000 ALTER TABLE `business_registration_certificates` DISABLE KEYS */;
/*!40000 ALTER TABLE `business_registration_certificates` ENABLE KEYS */;
UNLOCK TABLES;

--
-- Table structure for table `cards`
--

DROP TABLE IF EXISTS `cards`;
/*!40101 SET @saved_cs_client     = @@character_set_client */;
/*!50503 SET character_set_client = utf8mb4 */;
CREATE TABLE `cards` (
  `card_idx` int NOT NULL AUTO_INCREMENT,
  `created_date` datetime(6) NOT NULL,
  `modified_date` datetime(6) NOT NULL,
  `card_cvc` varchar(3) NOT NULL,
  `card_company` varchar(30) NOT NULL,
  `card_expired_date` date NOT NULL,
  `card_number` varchar(19) NOT NULL,
  `card_password` varchar(60) NOT NULL,
  `is_deleted` bit(1) NOT NULL,
  `is_representative` bit(1) NOT NULL,
  `user_idx` int NOT NULL,
  PRIMARY KEY (`card_idx`),
  KEY `FKbc82phsh3ogj82fqwdw7b7hfr` (`user_idx`),
  CONSTRAINT `FKbc82phsh3ogj82fqwdw7b7hfr` FOREIGN KEY (`user_idx`) REFERENCES `users` (`user_idx`)
) ENGINE=InnoDB AUTO_INCREMENT=23 DEFAULT CHARSET=utf8mb4 COLLATE=utf8mb4_0900_ai_ci;
/*!40101 SET character_set_client = @saved_cs_client */;

--
-- Dumping data for table `cards`
--

LOCK TABLES `cards` WRITE;
/*!40000 ALTER TABLE `cards` DISABLE KEYS */;
INSERT INTO `cards` VALUES (1,'2024-10-08 23:40:16.343394','2024-10-08 23:43:47.439231','444','국민은행','2033-08-28','3333-3333-3333-3333','$2a$10$QnDoqarbB8bqAmYTUKz3RuMF7933tr8dtrkwbHyq4XsqZVCW8JXP6',_binary '',_binary '\0',6),(2,'2024-10-08 23:43:47.436460','2024-10-08 23:44:39.530122','123','IBK기업은행','2029-11-28','3333-3333-2423-4241','$2a$10$8qnPMvUkRGEcRyD6coZ4ZejRmUXC7HHYhgi.Rx/H.u9Hvm4SZs0xW',_binary '',_binary '\0',6),(3,'2024-10-08 23:44:39.527501','2024-10-08 23:44:39.527501','444','부산은행','2025-03-28','5570-4203-2725-7043','$2a$10$IhmW3h5KLuWXwvKI2b8dy.tG7xpO1150AxwsjWncsZ5/8JdzxlC5m',_binary '',_binary '',6),(4,'2024-10-09 23:54:15.061243','2024-10-11 03:29:37.208148','111','NH농협','2026-10-28','5461-1120-4424-7801','$2a$10$Q12P1W193q4eKUdO4hECQOnBre20Wc4BwzhKzuzTDWSYxaJzoC/vu',_binary '',_binary '\0',12),(5,'2024-10-10 13:53:48.670071','2024-10-10 14:03:41.560242','111','NH농협','2028-04-28','5461-1171-4016-3133','$2a$10$3UdwNmgNpO3gwcjeUnYFlefJI3ktqx7SU13Dn3FsQwxI6T4ctJnhm',_binary '',_binary '\0',70),(6,'2024-10-10 14:03:41.557259','2024-10-10 14:07:26.430276','444','경남은행','2028-10-28','5425-8671-9115-8359','$2a$10$2mQMlxnVBcvDQm6uFJfR8OkMvCi6UembJgjMVUd4CbIkOW2kwFZl2',_binary '',_binary '\0',70),(7,'2024-10-10 14:07:26.428124','2024-10-10 14:44:43.159432','444','부산은행','2030-11-28','9441-1676-9892-1637','$2a$10$N5QGHEAfSU73Ip3Nya4mx.vd4MXrhsLXcAeyeMEb6Ou8u90PmCmk6',_binary '',_binary '\0',70),(8,'2024-10-10 14:44:43.157501','2024-10-10 15:24:46.524745','111','국민은행','2027-02-28','6758-0405-4859-5002','$2a$10$u0.FFfltbhMIonh3Ij6zI..fIEdqttTAM7z4aBElcjUUoSFPIftj2',_binary '',_binary '\0',70),(9,'2024-10-10 15:24:46.523266','2024-10-10 15:24:46.523266','477','씨티은행','2028-12-28','5155-9450-1086-7446','$2a$10$bERJ2uVAiQMkxxcIE1DNG.qfZk6a3S8sSIscAVOrBA9ppcpB/lH8y',_binary '',_binary '',70),(10,'2024-10-10 23:54:59.855629','2024-10-10 23:58:21.619739','123','IBK기업은행','2028-11-28','2222-2222-2222-2222','$2a$10$D6BOBgZ3DRyx7tEkJMXn9e9Fpad7uoZ5oxI8a3qtIHUlY1HhjGdxK',_binary '\0',_binary '\0',71),(11,'2024-10-10 23:58:21.618305','2024-10-10 23:58:41.339185','123','대구은행','2032-12-28','4444-4444-4444-4444','$2a$10$9vZNgLilHGMYlcCMNZjw6.JKy3lWO6HicCmZwfObTt.VdjiWSUy9e',_binary '\0',_binary '\0',71),(12,'2024-10-10 23:58:41.336044','2024-10-10 23:58:41.336044','543','씨티은행','2045-09-28','4444-2222-3333-1111','$2a$10$7Cy67zjdtWRfle8eFlg5sOsYY2iEMWb9bEY8I0dnG5mNrHyM7N3Lq',_binary '\0',_binary '',71),(13,'2024-10-11 03:29:37.200517','2024-10-11 03:29:37.200517','111','국민은행','2030-01-28','9490-9476-7691-1068','$2a$10$yEnfFvSF59hP42ZHzojco.EoUIzNxbqtpsYljZba0VzD6BgLqcXmu',_binary '',_binary '',12),(14,'2024-10-11 03:33:22.967400','2024-10-11 03:53:47.522131','111','NH농협','2028-11-28','4854-7978-1946-3829','$2a$10$oCi1vH8cXA.kEzAdYar9NOgr1f.Fm5K/uOlmcEwuQresuBppcqjZe',_binary '',_binary '\0',12),(15,'2024-10-11 03:53:47.520583','2024-10-11 03:53:47.520583','111','NH농협','2026-10-28','5461-1120-4424-7801','$2a$10$CI3RqFFql8nwxRTiCPRcveCqFBqG4MvuhOcU26TMqKJnrzxJq3sxK',_binary '',_binary '',12),(16,'2024-10-11 03:54:22.520009','2024-10-11 03:54:22.520009','111','NH농협','2026-10-28','5461-1120-4424-7801','$2a$10$qtOGPjM9aFIanvKIoXMVle8myUoAi/9hYr.P22PquICBfLGc18IEq',_binary '',_binary '',12),(17,'2024-10-11 03:56:28.692674','2024-10-11 03:56:28.692674','111','NH농협','2026-10-28','5461-1120-4424-7801','$2a$10$GWWma4wFYq2TmIgyxXW3BexQydga07xbm1adD0kM0ZLDbseY9a7gq',_binary '',_binary '',12),(18,'2024-10-11 03:57:15.956417','2024-10-11 03:57:15.956417','875','IBK기업은행','2028-10-28','5425-8671-9115-8359','$2a$10$FkWcQMduo51.Kvo0WxZKye9Ae3tZUArL8oPnM.aEuMT9rxww/Zb5G',_binary '\0',_binary '',70),(19,'2024-10-11 04:47:36.184009','2024-10-11 09:59:02.206408','236','신한은행','2028-12-28','5155-9450-1086-7446','$2a$10$LLUkqMdnuzgeRf6NYGWvc.qkMGVeDBVc2McJjPOVkipVxTxPRWtU.',_binary '\0',_binary '',9),(20,'2024-10-11 09:51:05.170694','2024-10-11 09:51:05.170694','525','NH농협','2026-10-28','5461-1120-4424-7801','$2a$10$sbi6hapTZGa/IeHwJ3/PluI/XKMzS22mX0NIEhMRT3518egIbD3DW',_binary '',_binary '',12),(21,'2024-10-11 09:51:28.958852','2024-10-11 09:51:28.958852','555','NH농협','2026-10-28','5461-1120-4424-7801','$2a$10$Xrgrgh8yw1sy2QNbtLbo2ee/PEZIWMgUgUUxY0O5NMx95LlcHyTte',_binary '\0',_binary '',12),(22,'2024-10-11 09:58:40.276056','2024-10-11 09:58:40.276056','411','NH농협','2025-03-28','5570-4203-2725-7043','$2a$10$HZXvJpnjv5aR4AVmzqLepu46cGKc/OcNDp0BwUvSQp7CotFmxCRY6',_binary '',_binary '',9);
/*!40000 ALTER TABLE `cards` ENABLE KEYS */;
UNLOCK TABLES;

--
-- Table structure for table `carts`
--

DROP TABLE IF EXISTS `carts`;
/*!40101 SET @saved_cs_client     = @@character_set_client */;
/*!50503 SET character_set_client = utf8mb4 */;
CREATE TABLE `carts` (
  `cart_idx` int NOT NULL AUTO_INCREMENT,
  `created_date` datetime(6) NOT NULL,
  `modified_date` datetime(6) NOT NULL,
  `amount` int DEFAULT NULL,
  `gift_idx` int DEFAULT NULL,
  `user_idx` int DEFAULT NULL,
  PRIMARY KEY (`cart_idx`),
  KEY `FK1u3xq2igf1pp3knwnh7yabcfd` (`gift_idx`),
  KEY `FKtdqrw8oadtx4x3uo93yp46f3o` (`user_idx`),
  CONSTRAINT `FK1u3xq2igf1pp3knwnh7yabcfd` FOREIGN KEY (`gift_idx`) REFERENCES `gifts` (`gift_idx`),
  CONSTRAINT `FKtdqrw8oadtx4x3uo93yp46f3o` FOREIGN KEY (`user_idx`) REFERENCES `users` (`user_idx`)
) ENGINE=InnoDB AUTO_INCREMENT=88 DEFAULT CHARSET=utf8mb4 COLLATE=utf8mb4_0900_ai_ci;
/*!40101 SET character_set_client = @saved_cs_client */;

--
-- Dumping data for table `carts`
--

LOCK TABLES `carts` WRITE;
/*!40000 ALTER TABLE `carts` DISABLE KEYS */;
INSERT INTO `carts` VALUES (56,'2024-10-11 00:00:41.132986','2024-10-11 00:00:56.720565',10,7,71),(85,'2024-10-11 02:30:20.921344','2024-10-11 02:30:20.921344',1,17,6),(86,'2024-10-11 03:05:35.144890','2024-10-11 03:05:35.144890',1,26,6);
/*!40000 ALTER TABLE `carts` ENABLE KEYS */;
UNLOCK TABLES;

--
-- Table structure for table `categories`
--

DROP TABLE IF EXISTS `categories`;
/*!40101 SET @saved_cs_client     = @@character_set_client */;
/*!50503 SET character_set_client = utf8mb4 */;
CREATE TABLE `categories` (
  `category_idx` int NOT NULL AUTO_INCREMENT,
  `created_date` datetime(6) NOT NULL,
  `modified_date` datetime(6) NOT NULL,
  `category_name` varchar(30) NOT NULL,
  `category_type` int NOT NULL,
  PRIMARY KEY (`category_idx`)
) ENGINE=InnoDB AUTO_INCREMENT=8 DEFAULT CHARSET=utf8mb4 COLLATE=utf8mb4_0900_ai_ci;
/*!40101 SET character_set_client = @saved_cs_client */;

--
-- Dumping data for table `categories`
--

LOCK TABLES `categories` WRITE;
/*!40000 ALTER TABLE `categories` DISABLE KEYS */;
INSERT INTO `categories` VALUES (1,'2024-10-07 17:38:47.000000','2024-10-07 17:38:47.000000','지역상품권',0),(2,'2024-10-07 17:38:47.000000','2024-10-07 17:38:47.000000','농축산물',0),(3,'2024-10-07 17:38:47.000000','2024-10-07 17:38:47.000000','수산물',0),(4,'2024-10-07 17:38:47.000000','2024-10-07 17:38:47.000000','가공식품',0),(5,'2024-10-07 17:38:47.000000','2024-10-07 17:38:47.000000','공예품',0),(6,'2024-10-07 17:38:47.000000','2024-10-07 17:38:47.000000','재난재해',1),(7,'2024-10-07 17:38:47.000000','2024-10-07 17:38:47.000000','지역기부',1);
/*!40000 ALTER TABLE `categories` ENABLE KEYS */;
UNLOCK TABLES;

--
-- Table structure for table `cheer_comments`
--

DROP TABLE IF EXISTS `cheer_comments`;
/*!40101 SET @saved_cs_client     = @@character_set_client */;
/*!50503 SET character_set_client = utf8mb4 */;
CREATE TABLE `cheer_comments` (
  `comment_idx` int NOT NULL AUTO_INCREMENT,
  `created_date` datetime(6) NOT NULL,
  `modified_date` datetime(6) NOT NULL,
  `comment_content` varchar(400) NOT NULL,
  `is_deleted` bit(1) NOT NULL,
  `funding_idx` int NOT NULL,
  `user_idx` int NOT NULL,
  PRIMARY KEY (`comment_idx`),
  KEY `FKp2s088de2yifyc4lny83n2k23` (`funding_idx`),
  KEY `FKax3kocf4yi5q7em1paw3c3j9t` (`user_idx`),
  CONSTRAINT `FKax3kocf4yi5q7em1paw3c3j9t` FOREIGN KEY (`user_idx`) REFERENCES `users` (`user_idx`),
  CONSTRAINT `FKp2s088de2yifyc4lny83n2k23` FOREIGN KEY (`funding_idx`) REFERENCES `fundings` (`funding_idx`)
) ENGINE=InnoDB AUTO_INCREMENT=9 DEFAULT CHARSET=utf8mb4 COLLATE=utf8mb4_0900_ai_ci;
/*!40101 SET character_set_client = @saved_cs_client */;

--
-- Dumping data for table `cheer_comments`
--

LOCK TABLES `cheer_comments` WRITE;
/*!40000 ALTER TABLE `cheer_comments` DISABLE KEYS */;
INSERT INTO `cheer_comments` VALUES (2,'2024-10-10 21:44:59.124763','2024-10-10 21:44:59.124763','응원합니다',_binary '\0',2,6),(3,'2024-09-06 00:00:00.000000','2024-10-11 00:45:41.411715','임실군 주민 여러분, 힘내세요! 모두가 함께 이겨낼 수 있습니다. 대한민국이 임실과 함께 합니다',_binary '\0',46,52),(4,'2024-09-13 00:00:00.000000','2024-10-11 00:46:20.286325','임실의 아름다운 자연이 하루빨리 회복되길 바랍니다. 여러분의 안전과 빠른 복구를 진심으로 응원합니다.',_binary '\0',46,48),(5,'2024-09-18 00:00:00.000000','2024-10-11 00:47:00.174292','임실군 여러분, 어려운 시기지만 희망을 잃지 마세요. 우리 모두 한마음으로 도와드리겠습니다. 함께 이겨냅시다!',_binary '\0',46,45),(6,'2024-09-28 00:00:00.000000','2024-10-11 00:47:33.990121','임실의 치즈처럼 강하고 맛있는 여러분! 이 어려움도 꼭 이겨내실 거예요. 전국에서 응원하고 있습니다.',_binary '\0',46,38),(7,'2024-10-02 00:00:00.000000','2024-10-11 00:48:08.013008','임실군 주민분들과 소방관, 자원봉사자 여러분 모두 힘내세요. 여러분의 안전과 임실의 온전한 회복을 간절히 기원합니다.',_binary '\0',46,25),(8,'2024-10-11 09:59:25.982895','2024-10-11 09:59:25.982895','힘내세요 조금이나마 보탬이 됐으면 좋겠습니다',_binary '',38,9);
/*!40000 ALTER TABLE `cheer_comments` ENABLE KEYS */;
UNLOCK TABLES;

--
-- Table structure for table `experience_village`
--

DROP TABLE IF EXISTS `experience_village`;
/*!40101 SET @saved_cs_client     = @@character_set_client */;
/*!50503 SET character_set_client = utf8mb4 */;
CREATE TABLE `experience_village` (
  `experience_village_idx` int NOT NULL AUTO_INCREMENT,
  `experience_village_address` varchar(100) NOT NULL,
  `experience_village_division` varchar(100) NOT NULL,
  `experience_village_homepage_url` varchar(50) NOT NULL,
  `experience_village_name` varchar(30) NOT NULL,
  `experience_village_phone` varchar(13) NOT NULL,
  `experience_village_program` varchar(800) NOT NULL,
  `region_idx` int NOT NULL,
  PRIMARY KEY (`experience_village_idx`),
  KEY `FKchxvn2bb0b5jlb41wkaotq2ck` (`region_idx`),
  CONSTRAINT `FKchxvn2bb0b5jlb41wkaotq2ck` FOREIGN KEY (`region_idx`) REFERENCES `region` (`region_idx`)
) ENGINE=InnoDB AUTO_INCREMENT=272 DEFAULT CHARSET=utf8mb4 COLLATE=utf8mb4_0900_ai_ci;
/*!40101 SET character_set_client = @saved_cs_client */;

--
-- Dumping data for table `experience_village`
--

LOCK TABLES `experience_village` WRITE;
/*!40000 ALTER TABLE `experience_village` DISABLE KEYS */;
INSERT INTO `experience_village` VALUES (1,'강원특별자치도 정선군 북평면 장열길 83-2','기타+전통문화체험+만들기체험','','365행복마을','033-562-1365','고추장만들기+전만들기체험+전기보트+잼만들기체험+장아찌체험+요리체험+신데렐라마차+숙박+비누공예체험+레진공예체험+공예체험+깡통열차+농산물재배.수확체험+뗏목타기+독도만들기체험+곤드레밥체험',241),(2,'전라남도 보성군 겸백면 충의로 2496','농작물경작체험+건강+만들기체험+전통문화체험','','가람뜰','061-853-3326','김장김치담그기체험+호박칼국수만들기+천연비누만들기+자전거타기체험+우드버닝공예+사과잼만들기+사과따기+별자리망원경관+두부만들기+꽃차만들기',175),(3,'경상북도 안동시 도산면 퇴계로 3443','농작물경작체험+기타','','가송마을','054-859-6660','두부만들기+사과따기체험',191),(4,'경상남도 합천군 가야면 가야산로 1267','농작물경작체험+만들기체험+자연생태체험+건강+기타','http://www.sorimasilcamp.com','가야권역소리마실마을','','감자케기+성수기한달캠핑+주말농장+캠핑체험+한달주말캠핑체험+탄소고무신+천연염색+옥수수다따기+배부른소리솥밥+도자기체험',227),(5,'경상남도 합천군 가야면 야천로 101','기타+자연생태체험','http://cafe.naver.com/boldong','각사뽈똥마을','055-934-0905','대장경테마파크+해인사소리길생태체험+해인사역사탐방+펜션+뽈똥따기및효소담그기+산나물캐기+산삼캐기',227),(6,'충청남도 태안군 원북면 대기길 12-20','농작물경작체험+만들기체험+전통문화체험','','갈두천권역','041-675-4848','D아트펜+프린트페인팅+진로체험-자동자kt만들기+조물떡체험+전통놀이(달팽이집찾기)+미니어쳐+목공공방체험+마을생태체험+마늘캐기+떡메치기+드론축구+두부만들기체험+넥타만들기+꽃차만들기+인성코딩보드게임+음악활동외+요리체험+예절교육+염색체험+연만들어날리기+에너지체험장-쉐플러조리기+에너지체험-자동차만들기경주하기+양말목공예+암호만들기체험+아망드쇼콜라만들기+아로마테라피+브리코어린이건축교실+분장사체험+북아트로만나는세상+복숭아체험+배깍두기만들기+국궁활쏘기+공방체험도마만들기+고구마심기및캐기+갯벌생태관찰하기+감자캐기체험+가래떡만들기체험',165),(7,'전북특별자치도 임실군 덕치면 강동로 865-20','전통문화체험+건강+자연생태체험+기타','http://gang42.com','강변사리마을','063-642-5351','마당극관람+자연물로만들기체험+지겟길걷기+천연아이스크림만들기체험+음식물만들기체험',258),(8,'강원특별자치도 횡성군 갑천면 외갑천로107번길 71','농작물경작체험+자연생태체험+기타+전통문화체험+만들기체험','','개나리마을','','EM샴프만들기+생태체험+쌀베이킹+체험+찰옥수수따기+지문트리+전통썰매타기+수영장사용+사과수확체험+감자캐기+고추장담그기+떡메치기+나무호루라기만들기',238),(9,'강원특별자치도 정선군 남면 광락로 354','농작물경작체험+자연생태체험+만들기체험+기타','','개미들마을','070-8876-9991','개미들꽃김밥+식사+자전거하이킹체험+숲체험+수공예한복포프리+수공예체험C+수공예체험B+수공예체험A+송어잡기체험+떡메치기체험+떡공예+한지거울+풍경차타기+풍경차+난타치기+풀패키지체험C+풀패키지체험B+풀패키지체험A+타임캡슐+조물조물바람떡만들기+전래놀이+개미들빙수만들기+난타체험+농사체험(수확)+달걀꾸러미+농사체험(파종)+개미들꽃김밥만들기',241),(10,'경상남도 남해군 설천면 설천로 291-6','기타+만들기체험+건강+자연생태체험+전통문화체험','http://남해체험알리미.kr/s1/s1_2.php','갱번마루','055-862-5590','골프체험+대국산성역사탐방+도둑게야+내마음을훔쳐봐+독일집만들기+시골운동회+테라리움+캠핑체험+초롱불만들기+전통염색체험+우럭.진고동잡이+쏙잡이체험+동죽잡이체험+도둑게체험+도둑게스트링아트+농촌체험+그라운드골프체험+나만의목걸이만들기',222),(11,'충청남도 공주시 반포면 상하신길 396','농작물경작체험+건강+만들기체험+전통문화체험','http://blog.naver.com/dudaokr','계룡산상신농촌체험휴양마을','041-852-1479','두부체험+만두만들기+만두전골체험+방과후학습+인절미체험+청국장만들기체험+한국전통명상체험+전통촌락문화탐방+상신호흡학교철야명상+바베큐체험',152),(12,'강원특별자치도 횡성군 청일면 봉명로 375-1','농작물경작체험+전통문화체험+건강+자연생태체험+만들기체험+기타','http://blog.naver.com/psypsy0053','고라데이마을','','감자캐기+화덕나물밥짓기+한더빠+하바리움+찜질족욕+쇠발톱빙구놀이+산골운동회+봉명폭포트래킹+보석방향제만들기+버섯농장체험+밤도깨비랑담력훈련+메밀전병+감자전체험+더덕효소담그기+더덕캐기+자연석목걸이+움막체험+움막모형만들기+우드버닝체험+염색체험+어고들+썰매타기(눈+얼음)+심마니체험+숲속명상체험+고라데이대탐험+곤드레나물수확+나무연필만들기+농산물수확(감자)+농가탐방+고구마캐기',238),(13,'대구광역시 군위군 효령면 장군당1길 24-6','농작물경작체험+만들기체험+전통문화체험','http://www.town3964.com','고지바위권역 장군마을','054-382-5777','가시오이피클만들기체험+돈가스+식사+돈가스만들기.식사+드립커피+천연폼클렌징만들기+천연촉촉스킨만들기+천연창포삼푸만들기+천연비누만들기.선물용포장박스+천연비누만들기+천연EM주방세제+찰떡만들기+장군밥상+장구만들기+향기솔솔석고방향제+핸드크림만들기+하바리룸+프리저브드플라워시계+프리저브드플라워+특산물모양절편+탱탱미백에센스만들기+쿠키+커피빵만들기+커피.음료+커피+축제행사+옥수수수확체험+아카시아콜라겐크림만들기+수제소세지만들기+소이캔들만들기+석고방향제+샌드위치만들기+바리스타체험학습+립밤+돈까스만들기+돈가스만들기+농작물수확체험+교육+꽃(플라워)떡만들기+꽃차만들기',50),(14,'충청남도 부여군 초촌면 응추로 110-9','농작물경작체험+자연생태체험+건강+기타+만들기체험+전통문화체험','','고추골솔바람마을','','가족나무심기+두레풍장배우기+솔숲협동밧줄놀이+소나무숲체험+선사인의아침+서각체험_좋은문구(중)+서각체험_좋은문구(소)+서각체험_좋은문구(대)+서각체험_음각문패만들기+서각체험_양각문패만들기+부침개만들기+흙크레파스그림그리기+항아리바위솔화분만들기+프레임에색칠하기+치매치유농장+청동거울을찾아라+전통부채만들기+전통놀이+장명등을찾아라+외갓집숙박+예쁜쵸콜릿만들기+시골밥상+스마트에코페어링+솔향초만들기+솔향기종이만들기+솔잎차(솔순발효액)+솔잎와플만들기+부채동양화그리기+목공체험_평상만들기+목공체험_파라솔벤치(인)+목공체험_간이의자만들기+마을한바퀴+들꽃에코백손수건물들이기+들길걸어서+두부만들기+다도와다식만들기+고추골서당체험+나만의ASMR만들기+나만의화분만들기+농사체험+김장배추담그기+걷기명상',160),(15,'전라남도 고흥군 포두면 팔영로 385','농작물경작체험+자연생태체험+만들기체험+기타','http://badasggebi.modoo.at/','고흥해창만바닷깨비마을','','굴구이체험+동물체험+유자청만들기+바지락캐기+농촌체험',174),(16,'충청북도 제천시 한수면 미륵송계로1길 272-42','농작물경작체험+만들기체험+건강','http://www.golmegol.com','골뫼골명품마을','','감자캐기체험+산딸기체험+산채체험프로그램+양파캐기와장아찌담그기+캠핑체험+손두부체험+사과.복숭아따기',142),(17,'전북특별자치도 남원시 주천면 웅치길 55-13','농작물경작체험+만들기체험+자연생태체험+전통문화체험','http://www.곰재강정.com','곰재다무락(웅치)마을','063-635-2157','꽃차체험+수확체험+옥수수강정만들기+장구놀이+실내낚시체험+무궁화꽃동산그네타기',252),(18,'강원특별자치도 횡성군 공근면 금계서로 15','농작물경작체험+만들기체험+기타','http://www.공근봉화마을.com','공근봉화마을','033-342-0760','고구마+감자심기/캐기+손모내기체험+옥수수수확및껍질까기+체험행사+옥수수씨앗심기+배추가꾸기',238),(19,'전북특별자치도 임실군 덕치면 천담2길 287-4','기타','','구담마을','063-644-9051','간편고추장담그기+한지뜨기마음뜨기+전통놀이+장아찌정식+자신만의태극기+오방색실뜨기+쑥개떡만들기체험+손두부정식+섬진강길걷기체험+벌들의쿠테타(예정)+강숲명상체험+다슬기수제비+다슬기어항+매실효소담그기+매실따기체험+감따기와곶감깍기',258),(20,'충청남도 부여군 내산면 홍내로천보길 149','농작물경작체험+만들기체험+전통문화체험','http://cafe.daum.net/chunbo12','구레울체험마을','041-834-5900','겨울놀이+두부+밤맛탕만들기+밤줏기+호랭이콩따기+표고버섯+집풀공예품제작+완두콩따기+벼홀태+밤묵만들기+매실따기+대나무통밥+고구마캐기+고사리꺽기체험+낙화봉제작',160),(21,'경상북도 상주시 내서면 서만4길 50','농작물경작체험+만들기체험+자연생태체험+건강+기타','','구마이곶감정보화마을','054-533-0952','감깎기체험+활공체험+짬내서+짬*내서-누에별빛조명만들기+자연손수건염색하기+자연손수건액자만들기+자연생태이야기와생태놀이+곶감컵케익만들기+자연손수건+구마이오토캠핑장+나만의곶감만들기+자연색으로물들이기+박일가족캠핑체험+곶감컵케익만들기',195),(22,'강원특별자치도 태백시 사군드리길 7','농작물경작체험+자연생태체험+만들기체험+전통문화체험+기타','','구문소마을','033-581-8600','감자체험+나무간판만들기+농사체험+두부만들기+장담그기체험+음식만들기+용궁전설역활극체험+승마체험+소시지만들기+사시랭이손수건염색+미꾸라지집기+떡메치기+딸기따기체험+주말농장분양+제과제빵+전통공예체험+전래놀이+달구지타고마을탐방+농가탐방+구문소이야기탐험대+건강한음식만들기+고추장만들기+과즐만들기',234),(23,'전북특별자치도 순창군 동계면 귀미로 290','농작물경작체험+전통문화체험+건강+자연생태체험','','구미(거북장수)마을','063-653-9289','교육.연수+매실+복분자수확체험+밤+감수확체험+숙박체험+역사문화체험+자전거하이킹+야영장테크+복지관사용+다슬기채취',259),(24,'충청북도 보은군 속리산면 구병길 8','기타+만들기체험','','구병마을','','떡메치기+천연염색+메밀국수만들기+민화소품+숙박',143),(25,'강원특별자치도 횡성군 서원면 신평석화로 513 (옥계리 야영장)','기타+자연생태체험+건강+전통문화체험','','구슬내마을','','격려금+능이판매+야영장사용+야영장입장료+야영장체험+전통인절미절구체험+전통잘구인절미체험+절구체험+추석노래자랑+전통절구인절미체험+전통인절미체험+전통먹거리체험+야영장참여+야영장사용료+야영장및방갈로체험',238),(26,'경상남도 하동군 적량면 중서길 74-9','기타+만들기체험','http://구재봉자두중서마을.com/','구재봉자두중서','','구재봉등반및생태체험+녹차만들기+녹차수제비만들기+매실액만들기+야생녹차따기+매실따기+녹차비누만들기+김치축제+귀곡산장체험',223),(27,'경상북도 문경시 농암면 궁터길 179-8','농작물경작체험+만들기체험+전통문화체험','http://www.gtstvillage.com/','궁터마을','054-571-8395','얼음썰매+오미자고추장+취나물+콩잎+고들빼기김치+후백제문화체험+트리클라이밍+자연물공예+오미자+콩+고구마+아로니아+산나물채취+두부만들기+물놀이+다슬기잡기+메기잡기',196),(28,'충청남도 보령시 미산면 내평봉성길 342','농작물경작체험+만들기체험+자연생태체험','','그리고마을','041-935-1005','고사리친구녹두전+자급자족캠핑+아크릴무드등+숲에서놀자+꽃과함께',153),(29,'강원특별자치도 횡성군 공근면 금계로 837','전통문화체험+자연생태체험+만들기체험','http://ggtt837.modoo.at','금계뜰마을','033-345-8370','EM흙공만들기+국궁체험+목공체험(책꽂이)+전통두부체험+천연비누+염색+천연비누+치약+천연비누+목공체험학습(보석함)+목공체험(벤치)',238),(30,'충청북도 영동군 심천면 국악로1길 4','농작물경작체험+전통문화체험+자연생태체험','','금도끼은도끼','','고구마심기체험+도자기만들기+포도따기체험+다육식물심기',145),(31,'전북특별자치도 순창군 적성면 담순로 2128-80','만들기체험','','금돼지권역 농촌체험휴양마을','063-652-0777','비누만들기',259),(32,'전라남도 고흥군 영남면 사도진해안길 131-1','농작물경작체험+자연생태체험+기타','http://sadovillage.modoo.at','금사사도마을','','갯벌체험+농수산물판매+견학및답사+낚시체험',174),(33,'충청북도 보은군 마로면 세중기대로 261-129','기타+만들기체험+자연생태체험+건강+전통문화체험','','기대리선애빌','070-7845-3090','깃대캠핑장+꿈이열리는나무+꿈찾기리더십캠프+명상스테이(박일)+목공체험(새집만들기)+생태감수성캠프+선애빌의삶+마을둘러보기+심신회복힐링스테이+풍등날리기+쿠키만들기+컨디션트레이닝+체조+에코티어링+시골마을파티+생태비누만들기+삶의여백을찾아떠나는힐링캠프+명상스테이(장기)+들풀요리+꿈연날리기',143),(34,'강원특별자치도 평창군 미탄면 평창동강로 471-22','농작물경작체험+건강+자연생태체험+전통문화체험','http://gihwari.kr','기화코끼리농촌체험휴양마을협의회','033-336-0591','성황제체험+지역농산물체험+조용한숲길+일반캠핑+예뻐지는캠핑',240),(35,'충청남도 태안군 안면읍 길우지길 332-46','농작물경작체험+만들기체험+자연생태체험','','길우지마을','','고구마캐기체험+목공예체험+와송화분만들기체험',165),(36,'충청남도 공주시 정안면 고성1길 250-34','농작물경작체험+만들기체험+기타','','꽃내미풀꽃이랑마을','041-852-1255','감자+손수건치자물들이기+차박팜핑체험+인성교육및활동+옥수수따기+알밤줍기+쑥개떡만들기+밤경단만들기+군밤+두부만들기+떡메치기(인절미만들기)+물놀이+꽃신만들기+고구마캐기',152),(37,'전북특별자치도 임실군 오수면 둔덕2길 36','농작물경작체험+만들기체험+자연생태체험+건강+기타','','꽃심지 둔데기마을','063-642-8254','꽃심지패키지+옛생활문화체험-한지바람+마을문화탐방교육-역사문화이야기+식생활교육-공동체오방비밥+식생활교육-체험+옛생활문화체험-장명루+아로마테라피+농촌생활체험',258),(38,'경상북도 문경시 마성면 하내1길 32-32','농작물경작체험+건강','http://www.nasil.co.kr','나실마을','070-8134-0874','다슬기줍기+사과따기+마을둘레길걷기',196),(39,'경상남도 남해군 남면 남서대로 1144','농작물경작체험+건강+자연생태체험','http://sea-garden.kr','남구마을','','낚시갯벌체험+박물관체험+콘텐츠발전소+원데이클래스+바닷마을치유체험+남해한달살기+라벤더치유체험',222),(40,'전라남도 신안군 지도읍 원내양길 61','농작물경작체험+만들기체험','','내양마을','061-261-2629','감자캐기+김장아찌만들기+농촌풍경즐기기+문패만들기+소원적은풍등날리기+화분만들기+한지필통만들기+태양광선풍기모자만들기+짚공예+전통연날리기+전남살아보기+인절미만들기+유체꽃체험+워터볼+쌀과자만들기+신비의바닷길체험+미꾸라지체험+메주만들기+나만의옷만들기+고추장만들기+개똥쑥체험+고구마캐기',187),(41,'경상북도 상주시 내서면 배골길 505','농작물경작체험+전통문화체험+건강+자연생태체험+만들기체험','http://noryu.kr','노류2리마을','','누에고치체험+장아찌체험+짬내서+엿만들기체험+물놀이+밀랍초만들기+송이따기체험+알알이조청만들기+밀랍비누만들기+도라지캐기체험',195),(42,'전북특별자치도 남원시 사매면 노봉길 84','농작물경작체험+만들기체험+자연생태체험+건강+기타','','노봉혼불문학마을','','감자고구마캐기체험+목공예만들기체험+물레체험+서도역트레킹+흑초및효소시음+혼불엽서쓰기+혼불부각+혼불문학신행길축제+캠핑+족욕테라피+우드시계만들기+식초미스트만들기+스카프천연염색체험+빵도마만들기+목판혼불소원쓰기+딸기오이따기체험+교복체험+다도체험+도자기만들기체험',252),(43,'충청남도 태안군 소원면 법산길 274-7','농작물경작체험+만들기체험+기타','http://www.seavillage.net','노을지는갯마을','041-674-5842','갯벌체험+마늘캐기+염색체험+염전체험+칠게잡이+봄화전부침체험+두부만들기',165),(44,'강원특별자치도 평창군 대관령면 차항길 11','전통문화체험+자연생태체험+기타','','눈꽃마을','033-333-3301','눈썰매장운영+숲체험+레일봅슬레이체험',240),(45,'경상남도 남해군 남면 남면로679번길 21','농작물경작체험+건강+자연생태체험+만들기체험+전통문화체험','','다랭이마을','','다랭애유자풍덩팥빙수+허수아비만들기체험+해맞이행사+페이퍼토이+축제참여+짚풀공예복조리만들기체험+전통악기+전통모내기체험+전래놀이+오리엔티어링+별관찰체험+손그물낚시+스노쿨링+연만들기+시금치캐기+달빛걷기',222),(46,'전라남도 보성군 회천면 남부관광로 2248','만들기체험+건강+기타','http://다향울림촌.com/','다향울림촌','061-852-9855','밀랍캔들만들기+천역녹차족욕체험',175),(47,'강원특별자치도 정선군 정선읍 가내길 16','기타','','달뜨락마을','033-563-2007','장담그기체험',241),(48,'충청북도 영동군 황간면 원촌동1길 27','기타+자연생태체험','','달빛머무는마을','','(숲체험(자연물놀이)+두부체험+들국화차·베게만들기+포도따기+국화주만들기',145),(49,'충청남도 공주시 정안면 쌍달길 160','농작물경작체험+만들기체험+전통문화체험','','달빛영근마을','','떡매치기+벼의일생+숙박(체험관)+짚풀공예+호롱불체험+밤줍기대회',152),(50,'경상북도 안동시 북후면 월전큰마길 116-82','농작물경작체험+기타','','달사과마을','054-842-0117','사과따기+사과쨈만들기+와인+연밥만들기+사과쥬스',191),(51,'전북특별자치도 남원시 인월면 인월서길 42','농작물경작체험+건강+자연생태체험+전통문화체험+만들기체험','http://dalorum.go2vil.org','달오름마을','063-635-2231','고사리수확체험+달떡만들기+달오름물놀이+달오름소원빌기+달오름의꿈(박공예)+흥부잔치밥+천연염색+지리산흑돼지구이체험+야콘한과만들기+식.농학습농장+비누만들기+미각체험+마을설명회+달오름에코티어링(숲체험)+달오름미각체험+달오름김부각만들기+농사체험(고구마+포도+사과)+김장체험+농사체험(감자+토마토)',252),(52,'경상남도 합천군 가회면 대기2길 17','기타+만들기체험','','대기철쭉꽃마을','055-931-1313','밤.단감.배.+숙박및시설임대+키트상품+표고버섯+특산물+숯불삼겹살+산나물+블루베리',227),(53,'전북특별자치도 임실군 신평면 가덕로 707','농작물경작체험+전통문화체험+만들기체험','http://cafe.daum.net/healing-village','대리만족힐리지','063-644-0905','곡물뻥튀기만들기+물놀이체험+민속팽이꾸미기+솟대만들기+표고버섯체험+절임배추체험+나만의누룽지만들기',258),(54,'전북특별자치도 무주군 부남면 부남로 195-23','농작물경작체험+건강','','대문바위권역','','아로니아차만들기+아로니아천연염색',256),(55,'강원특별자치도 횡성군 서원면 신평석화로 172','농작물경작체험+만들기체험+기타','','대산마을','033-342-8979','감자캐기+치약만들기+옥수수체험+양말목공예+쑥개떡만들기+쌈채소수확+부침개만들기+민물고기잡기+김장체험+다육식물심기+두부만들기+떡메체험+땅콩피넛쿠키+고구마캐기',238),(56,'충청남도 공주시 계룡면 갑사로 307','만들기체험+기타','','대장이랜드마을','','냅킨아트+두부만들기체험+우드버닝체험+두부만들기체험(고급)',152),(57,'강원특별자치도 횡성군 횡성읍 덕고로 410','농작물경작체험+전통문화체험+만들기체험+자연생태체험+건강+기타','','덕고마을','033-342-8583','고구마양갱+떡메치기+물놀이체험+화전만들기+천연수세미만들기+전통혼례+전통의상체험+전통음식만들기+오미자청담그기체험+야생화화분만들기+아동요리체험+쌀베이킹+심마니체험+삼색고구마경단+민속마당+목화작품만들기+농사체험+곡물액자+꽃차시음+나만의머그컵만들기+꽃차체험',238),(58,'충청남도 논산시 벌곡면 수락로237번길 20','농작물경작체험+만들기체험','http://blog.naver.com/jintian68','덕곡마을','063-322-8814','사과따기체험+사과청만들기+사과쨈만들기',256),(59,'강원특별자치도 정선군 정선읍 대촌길 56','농작물경작체험+건강+자연생태체험+만들기체험+기타','http://www.덕우리체험마을.com','덕우리마을','','감자전만들기+족대어항체험+운기석스트랩+옥수수양말꾸미기+아크릴무드등+신호등김밥만들기+스톤아트+스칸디아모스+소원장명루+보자기배드민턴+황금물고기낚시+향토음식만들기+쿠키베이커리+콤부차만들기+커피양갱만들기+주물럭비누만들기+물풍선나르기+맷돌커피바리스타+라탄바구니만들기+떡메치기+들꽃염색+드론체험+도토리묵만들기+덕우리트레킹+곤드레주먹밥만들기+꽃바람떡만들기+냅킨아트체험+덕우리올림픽+농사체험+계곡맨손송어잡기체험',241),(60,'경상남도 남해군 남면 남서대로 1176-19','농작물경작체험+자연생태체험+만들기체험+전통문화체험','','덕월마을','','농사체험+떡메치기체험+선상낚시+치자비누만들기체험+통발낚시+치자염색체험+장아찌만들기+무인도바지락체험',222),(61,'충청남도 공주시 의당면 강백년길 29','농작물경작체험+기타','','도담골호반마을','','강백년권역체험+찾아가는농촌체험+자전거여행+낚시체험+솟대와장승만들기체험+시골길마차여행+알밤줍기체험+생태야놀자(계절별)+고향순두부만들기체험',152),(62,'전북특별자치도 순창군 팔덕면 평창길 4','농작물경작체험+건강+만들기체험+자연생태체험','','도라지마을','063-653-5015','과일수확+힐링아트+도라지쿠키만들기+오정삼의천수+하지감자캐기+향토음식만들기+맨손으로미꾸라기잡기+꽃차+꽃청만들기',259),(63,'강원특별자치도 평창군 용평면 도사길 273','만들기체험+기타','http://blog.naver.com/dosamaul','도사산촌마을','','강원토속메밀공이국수체험+솔향사포체험',240),(64,'충청북도 제천시 청풍면 옥순봉로 1455','농작물경작체험+만들기체험+기타','','도화리마을','','개복숭아발효액담그기+김장체험+꽃차체험+나만의머그컵만들기+나만의거울만들기',142),(65,'강원특별자치도 정선군 정선읍 동강로 2500','전통문화체험','','동강할미꽃마을','','목공예체험+숲속놀이',241),(66,'충청북도 보은군 산외면 대원길 28','농작물경작체험+건강+만들기체험+기타','http://두메마을.kr','두메마을','','농사체험+번유정란이좋다+쌈채소샌드위치만들기+양계+쌈채소체험+에너지학교+짚풀계란꾸러미만들기+양계학교+알아버지만들기+식구의건강을찾아라',143),(67,'경상남도 남해군 상주면 양아로533번길 18','농작물경작체험+자연생태체험+전통문화체험','','두모마을','','개매기체험+통발체험+꽃차체험+노도문화탐방+선상낚시+씨카약체험+시금치영농체험+갯벌생태체험',222),(68,'전북특별자치도 무주군 안성면 덕유산로 876','전통문화체험+만들기체험+기타','','두문마을','','곤충액자만들기+불미나리체험+서당체험+외부행사참여+유등띄우기+낙화봉만들기',256),(69,'충청북도 괴산군 칠성면 둔율길 142','농작물경작체험+건강+만들기체험+기타','','둔율올갱이마을','043-830-3903','감자캐기체험+김장김치+내희망나무갖기+둔배미펜션+풍경마차+펜션체험+천연화장품만들기+천연밀랍초만들기+제회둔율올갱이축제+제철농산물수확체험+자연산수세미만들기체험+자연물을활용한올갱이공예+스트레스날리기+풍등날리기+소루쟁이체험+사과수확체험+벼베기체험+반딧불이체험+반디와나비+모내기체험+메기구워먹기체험+떠먹는건강피자+인절미체험+음식체험+올갱이축제+올갱이전만들어먹기+올갱이공예품+옥수수체험+연날리기체험+썰매타기+시골팬션체험+두부만들기+김장배추체험+고구마캐기(쪄먹기)체험+계절농산물수확체험+계절농산물요리+계절농산물체험',148),(70,'전라남도 신안군 자은면 둔장길 2','농작물경작체험+자연생태체험','','둔장농촌체험휴양마을','','낚시체험+삼강망그물체험+소라고동체험+후릿질+석화체험+백합체험+독살체험',187),(71,'전라남도 보성군 득량면 청암길 22-7','전통문화체험+건강+자연생태체험+만들기체험+전통문화체험','http://blog.naver.com/kito1975','득량청암마을','061-853-5885','갯벌체험+천연염색+황토체험미꾸라지체험+풍등날리기체험+천연녹차양초만들기체험+대나무연필꽂이만들기체험+전통고추장만들기+전통인절미만들기체험+전통탈만들기체험+식사체험+녹차아이스크림만들기체험',175),(72,'전북특별자치도 남원시 덕과면 덕과덕동안길 10-4','농작물경작체험+자연생태체험+만들기체험+전통문화체험','','란두리 덕동마을','063-625-2211','고구마수확체험+대나무피리만들기+배수확체험+새해해맞이+전통한지만들기체험+전통놀이+작은장구만들기체험+유아숲체험+우리차다도체험+옥수수수확체험+알밥만들기+쌀과자초코그림그리기+솟대만들기체험+친환경딸기따기+천연염색+복숭아수확+마을들녁걷기+농경문화체험+교육+연수(강의)+기체조+기타체험(장터등)',252),(73,'전라남도 보성군 벌교읍 벌교마동길 226','농작물경작체험+기타','','마동마을','','국화꽃따기+내마음전달하기',175),(74,'충청남도 태안군 이원면 원이로 2571-10','농작물경작체험+만들기체험+자연생태체험+기타','','만대마을','','농사체험+바다생태체험+염전체험+도자기체험',165),(75,'전북특별자치도 남원시 산동면 만행산길 109','전통문화체험+자연생태체험','http://만행산천문체험관.kr','만행산상신마을','063-625-1030','당일-천문체험교육프로그램+당일나형+박일체험나형+인문학강좌+박일-천문체험교육프로그램',252),(76,'충청남도 태안군 원북면 동해길 301-41','농작물경작체험+만들기체험+전통문화체험+기타','','매화둠벙마을','041-672-0109','감자캐기+노래방+농산물보물찾기+마늘뽑기체험+미꾸라지잡기+손두부만들기+선진지견학마을소개+새집만들기체험+삼색쌀찐빵만들기+삼굿구이+삼구연필꽃이만들기+사례발표+벼도정+버섯체험+황금들판둠벙이야기+한과만들기+캠프파이어체험+짚풀공예+장뇌삼심기+인절미만들기+먹거리체험+둠벙생태체험+농사체험+건강쥬스만들기+감효소담그기+갯벌체험',165),(77,'경상북도 안동시 도산면 퇴계로 2642-8','기타+건강+전통문화체험+만들기체험+자연생태체험','http://www.maison.co.kr','맹개마을체험휴양마을','','감자/고구마수확체험+메밀차덖기체험+밀서리축제및체험+우리밀쿠키만들기체험+팜콘서트+진맥소주증류체험+전통주시음체험+유기농석식체험+유기농다과체험+우리밀빵만들기+메밀피자만들기+메밀꽃나들이체험+건강조식체험+맹개마을나들이+맹개마을나들이+식사',191),(78,'충청남도 보령시 천북면 사호장은로 563-5','농작물경작체험+만들기체험+건강+자연생태체험+기타','http://mudas.modoo.at','머드농수산체험마을','041-641-9940','굴구이+바다체험+숙박(솔향휴양)+휴양치유+효소담그기+캠프운영+장류담그기+유기농김장담그기+산채+문화체험+김뜨기+농사체험+머드고구마가공+동물체험',153),(79,'경상남도 하동군 청암면 명사길 382-10','농작물경작체험+건강+자연생태체험+만들기체험+기타','','명사마을','055-882-5608','대나무솟대만들기+하동투어+폭포물놀이+취나물캐기+참두릅수확하기+전통매듭체험+인숙박+식물염색체험+돌배따기.축제+동배김치(물김치)+둘레길투어+봄나물_수확체험+매실따기+돌배김치(깍두기)',223),(80,'전라남도 고흥군 금산면 거금일주로 2067-37','농작물경작체험+전통문화체험+기타','','명천체험마을','','갯벌체험+불꽃놀이+편백향주머니만들기+해조류표본만들기+편백팔찌만들기+미역줄기만들기',174),(81,'전라남도 장성군 서삼면 모암길 45-2','기타+전통문화체험+만들기체험+자연생태체험','','모암마을','','녹차비누만들기+달밤의메기낚시+핀버튼만들기+소원등만들기+녹차제다다도체험',223),(82,'경상북도 안동시 일직면 일직점곡로 34','기타+만들기체험+전통문화체험','','몽실마을','','계절별수확체험+나만의컵만들기+마차타고고고+안동찜닭+비누만들기+동화나라고고',191),(83,'전북특별자치도 무주군 무주읍 내도로 356','전통문화체험+기타+자연생태체험+만들기체험','http://sta365.modoo.at','무릉도원후도인성학교','063-322-8806','가족사랑별빛투어+달콤한빵만들기+무드등만들기+반딧불이캐릭터판화그리기+색칼국수만들기+콤비네이션체험+희망시계만들기+희망바람개비만들기+희망등만들기+파우치만들기+탬블러만들기+쿠키만들기체험+인절미만들기+방패연만들기+반딧불이열쇄고리만들기+머루씨앗호떡만들기+날위한특별한오늘만들기+나리부트소통과이해',256),(84,'경상남도 고성군 개천면 나선길 73-10','기타+만들기체험+자연생태체험+전통문화체험','','무지돌이마을','','고무줄총만들기+바베큐+수세미효소만들기+황토염색체험+전래놀이+자연생태연구+울금염색체험+압화공예체험+식체험+상감공예목걸이만들기+밀납초만들기+농산물수확+농산물파종+도자기만들기+대나무피리만들기',221),(85,'경상북도 문경시 동로면 노은1길 26','농작물경작체험+만들기체험','','문경오미자권역마을','','도예수강+오미자청만들기+오미자청담기+도예체험+도자기핸드페인팅+오미자따기+사과따기',196),(86,'경상북도 문경시 산북면 거무길 9','농작물경작체험+만들기체험+기타','','문경큰사람마을','054-552-1035','가마솥밥짓기+조식+옥수수따기+오미자청담기+오미자고추장만들기+도자기체험(핸드페인팅)+도자기체험(흙놀이)+두부만들기+사과따기+바베큐체험+고구마캐기',196),(87,'전북특별자치도 무주군 안성면 원통사로 294','농작물경작체험+자연생태체험+기타+만들기체험','http://www.무주솔밭펜션.com','물숲(명천)','063-323-1132','나만의가랜드만들기+캠핑농장+썰매타기체험+솔향기힐링체험+솔잎두부만들기+솔방울가습기만들기+달집태우기및풍등올리기+맨손송어잡기+물놀이+소나무숲에서나만의도마만들기체험+반려견캠핑+나의화분만들기',256),(88,'경상남도 합천군 용주면 용지1길 78-1','건강','','물안개피는마을','','명상교육',227),(89,'전북특별자치도 순창군 구림면 구산로 122','농작물경작체험+건강+만들기체험+기타','','물통골마을','063-653-9325','단순방문이용상담+두부만들기체험+딸기수학체험+무쇠가마솥밥짓기체험+물통골체험(둘레길)+알밤줍기체험+하지감자수확체험+체험상담및담사+쌈채소수확체험+물통골마을종체험후식사+메주만들기+단체농활',259),(90,'전북특별자치도 임실군 삼계면 삼계1길 14','기타+건강','','미산자락농촌체험휴양마을','','게이트볼체험+특산물판매',258),(91,'충청북도 괴산군 칠성면 연풍로 61','농작물경작체험+만들기체험+기타','http://miseonnamu.modoo.at/','미선나무농촌체험휴양마을','','미서니강정만들기+미서니견과칩만들기+미선미스트만들기+미선비누만들기+미선쌈밥체험+소품분재만들기체험+오이롤초밥+원예체험+압화체험+분경만들기+미선식초만들기+미선분화체험+미선나무묘목심기체험',148),(92,'충청남도 보령시 남포면 원제길 37','농작물경작체험+건강+전통문화체험+만들기체험','http://www.artvillage.kr/','미친서각마을','041-934-2203','김밥만들기체험+꽃차체험+도자기핸드페인팅+떡갈비프로그램+머그컵체험+목공예+민화그리기체험+벽화프로그램+인생의벗+나무:바구니만들기+원예치료프로그램+요가프로그램+와플만들기+오침안정법+염색프로그램+염색체험+압화만들기+아로마테라피+쿠키(갈레트)+커피박화분+커피박프로그램+커피박열쇠고리만들기+캄포나무빵도마+제본제책만들기+절편프로그램+절편만들기+전통문양머그컵만들기+핸드페인팅+풍물프로그램+페이퍼플라워+페이스페인팅+쿠키만들기+스트링아트+수제청만들기+소시지만들기+서각프로그램(재능)+서각프로그램+서각작품프로그램+새싹인삼키우기+빵도마+민화프로그램+목공예프로그램+메리골드꽃에이드+머그컵만들기+떡갈비체험+달고나뽑기',153),(93,'대구광역시 군위군 삼국유사면 화산산성길 65','기타','','바람이좋은화산마을','','화산마을비빔밥체험+화산마을화전민솥밥체험+화산마을화전민밥상체험',50),(94,'충청북도 제천시 백운면 구학산로 736','농작물경작체험+자연생태체험+전통문화체험+만들기체험','','박달재초록꿈체험마을','043-651-1233','건강밥상+캠핑체험+향기담은석고방향제만들기+쿠키만들기+천연염색스카프+건강찰떡만들기+민박체험+전래놀이',142),(95,'전북특별자치도 임실군 삼계면 세심길 26','농작물경작체험+건강+전통문화체험','','박사골권역','063-642-7077','감자캐기+물놀이체험+박사골농촌체험+전통쌀엿바람넣기+전통음식체험+옥수수따기+고구마케기체험',258),(96,'강원특별자치도 횡성군 횡성읍 반곡3길 6','농작물경작체험+만들기체험+자연생태체험+전통문화체험+기타','','밤두둑마을','','만들기체험(공예)+영농체험+전통고추장만들기+전통먹거리체험+한우먹이주기체험+전통놀이체험+육묘체험(쌈채)+생태체험+목공체험(냄비받침)',238),(97,'경상남도 합천군 덕곡면 율지2길 13-7','농작물경작체험+전통문화체험','','밤마리권역','055-932-9258','감자파종수확+캐릭터수제비만들기+활인대탈마을탐방+탈없이놀자+전통놀이+나도바리스타+마늘고추장담그기+오광대탈만들기+마늘장아찌만들기',227),(98,'경상북도 상주시 내서면 서원3길 29-80','농작물경작체험+만들기체험+자연생태체험+건강+기타','http://www.bamwon.org','밤원농촌체험휴양마을','070-4259-3654','감따기체험+복숭아수확체험+상주와잠_누에별빛조명만들기+상주와잠꽃차체험+상주와잠시골조찬+우두산사과체험+오디따기체험+어성초비누만들기+야간풋살체험+식용곤충과놀기+시공양식체험+솔향꾸버스BBQ체험+샤인머스켓수확체험+상주와잠자연놀이체험+홍차갤러리+플로솜체험패키지+표고버섯수확체험+포도수확체험(캠벨)+탄소저감머그컵만들기+커피나무화분심기힐링체험+유기농건강체식체험(한농패키지)+상주와잠숙면힐링여행+상주와잠_데크캠핑체험+상주곶감체험+말목장힐링체험+고구마수확체험+나누담표고키우기체험',195),(99,'충청남도 공주시 정안면 북계새뜸길 61','농작물경작체험+전통문화체험+만들기체험+기타','','밤톨이마을','041-854-7770','공룡만들기+밤을넣어만든음식+새총쏘기+알밤줍고추억담고+불피우기+밤양갱(밤묵)만들기+밤붕어빵만들기',152),(100,'전북특별자치도 임실군 신덕면 삼길1길 177-80','전통문화체험+기타','','방길마을','','김장체험+절임배추체험+전통놀이체험',258),(101,'전북특별자치도 순창군 구림면 방화1길 30','농작물경작체험+전통문화체험','','방화마을','','농산물수확체험+효사랑체험',259),(102,'강원특별자치도 평창군 대화면 선애길 90','농작물경작체험+자연생태체험+전통문화체험+만들기체험','http://700farmstay.modoo.at/','배두둑마을','033-333-8614','나만의우든펜만들기+목공교육+숲밧줄놀이+원목도마만들기+전래놀이+식용곤충쿠키만들기+농경체험',240),(103,'강원특별자치도 정선군 임계면 눈꽃마을길 178-30','기타','','백두대간약초마을','','떡메치기체험+모노레일체험+숙박+전통활쏘기+맨손송어잡기체험',241),(104,'강원특별자치도 횡성군 서원면 백로마을길 29','농작물경작체험+자연생태체험+기타+만들기체험','http://백로마을.한국','백로마을','','가을프로그램+두부만들기체험+모기퇴치제만들기+쌀베이킹체험+양말목공예만들기(대)+진로체험프로그램+여름프로그램+양말목공예만들기(소)+압화액자만들기+봄프로그램+떡메치기체험+다식만들기키트+겨울프로그램+나무선반만들기(소)',238),(105,'충청북도 괴산군 사리면 사리로 517','농작물경작체험+만들기체험+기타','http://ok100ma.kr','백마권역마을','043-836-9911','겨울놀이축제+고구마+밤굽기체험+김장김치체험+나전칠기+농작물수확체험+두부만들기체험+미꾸라지잡기체험+오색찰떡공예체험+팝콘체험+티볼놀이체험+천연비누만들기+전통놀이체험패키지+인두화만들기+위원장강의+요리사체험+어린이요리교실+두부체험(자유학기제)+된장체험+논생물생태체험+김장담그기+고추장만들기체험',148),(106,'강원특별자치도 평창군 용평면 백옥포길 24','농작물경작체험+만들기체험+건강+기타','','백옥마을','','꽃차체험+메밀막국수+산양삼체취후술담그기+토종갓따기+오미자효소담그기+떡치기',240),(107,'충청남도 부여군 은산면 지천로 539-3','기타','','백제인동마을','041-833-7564','계절별두부만들기체험+연만들기+연날리기+텃밭채소로비빔밥만들기+알밤줍기체험+계절별떡만들기체험+꽃부채만들기+시기별농산물수확체험+나만의도자기목걸이만들기',160),(108,'경상북도 상주시 화동면 중화로 1324','농작물경작체험+자연생태체험+기타','http://cafe.daum.net/b-maul','버드니마을','054-531-0118','감자+옥수수따기+포도주만들기+포도수확체험+전통놀이체험+봄나물뜯기+신의터재백두대간숲체험+얼음썰매장+일일농부해보기+오미자따기+곶감만들기',195),(109,'전북특별자치도 순창군 유등면 유등로 621','농작물경작체험+건강+전통문화체험+자연생태체험+기타','http://www.순창나루터권역.com/','버들나루터마을','063-652-8157','딸기따기체험+맛체험+물고기잡기+숲길걷기체험(책여산)+카누체험+캠프파이어+윷놀이+물놀이체험+떡매치기',259),(110,'경상북도 상주시 모서면 득수1길 186-13','농작물경작체험+자연생태체험+기타','http://cafe.daum.net/menemiakdmf','버들뱅이마을','','곶감만들기+사과따기체험+산버섯체험+산양삼캐기체험B+인절미만들기+토종꿀뜨기체험(대)+풍뎅이+푸룬재배관리+포도재배교육+토종벌양봉교육+토종벌사양관리기초B+토종벌사양관리기초A+토종꿀뜨기체험(소)+전통순대만들기+시골살이+산양삼캐기체험A+산나물체험+사과꽃체험+별밤을즐겨요',195),(111,'전북특별자치도 남원시 보절면 벌촌길 28','농작물경작체험+전통문화체험+기타+자연생태체험+만들기체험','','벌촌천황봉마을','063-626-4771','딱지만들기+소밥주기+한식고기부페+숲밧줄놀이+미꾸리잡기체험+떡메체기+마을예술단공연',252),(112,'강원특별자치도 횡성군 공근면 금계로 505','농작물경작체험+만들기체험','http://www.벽봉마을.com','벽봉마을','','농산물수확체험+타일공예+동물체험',238),(113,'전라남도 고흥군 포두면 상오길 65','농작물경작체험+기타+자연생태체험','http://byulnarovill.com','별나로마을','','갯벌체험+마늘쫑뽑기+칠게잡기+유자차담그기체험+동물체험+낚시+대체메뉴:바지락칼국수',174),(114,'충청남도 태안군 이원면 볏가리길 62','농작물경작체험+기타+전통문화체험+만들기체험','','볏가리마을','041-672-7296','인절미만들기+오디수확+염전체험+볏가릿대세우기+갯벌체험+고구마수확+다육식물화분만들기+두부만들기+동물농장체험+감자수확',165),(115,'충청남도 공주시 유구읍 안동해동길 5','농작물경작체험+기타','','보리감자마을','041-841-8869','감자캐기+농작물수확+딸기화분만들기+보리감자마을축제+생태체험+오미자팝콘만들기+합동새배+알밤줍기+산신제+떡메치기+달집태우기+김장담그기',152),(116,'전라남도 보성군 득량면 예당길 165-1','기타+건강+만들기체험','','보성 예당 체험휴양마을','061-853-9009','김치체험장운영+한지공예+차훈명상+숙박',175),(117,'경상북도 영천시 화북면 정각길 71-39','기타+만들기체험+전통문화체험','http://www.bohyeonsanvil.com','보현산권역정각마을','','가죽공예+천연염색+천문대별관측+농사체험+먹거리체험+손두부만들기+미나리푸딩',194),(118,'경상북도 상주시 외서면 천봉서로 755','농작물경작체험+만들기체험','http://cafe.daum.net/sangjucamp','봉강농촌체험휴양마을','','만화그리기+목공체험+아열대/덩굴식물체험+피자만들기(대형)+피자만들기(소형)+맥주만들기',195),(119,'경상북도 안동시 서후면 봉정사길 163-4','농작물경작체험','','봉정사국화마을','054-859-8600','수확',191),(120,'전라남도 보성군 복내면 당촌길 8','농작물경작체험+자연생태체험+만들기체험+전통문화체험','','봉천마을','061-853-5896','두부만들기+식물도감+압화+잿콩나물+천연염색+콩도감+한지공예+청국장쿠키과자+천연비누+연만들기+메주만들기',175),(121,'강원특별자치도 평창군 대화면 금당계곡로 824','농작물경작체험+건강+자연생태체험+만들기체험+전통문화체험+기타','','봉황마을','','고랭지배추김장만들기+둘레길체험+목공체험+즉석떡볶이만들기+줌바댄스+전통부채만들기체험+전통놀이체험+자연생태체험+약선고추장만들기+애플양갱+숲체험+산골비빔밥+핸드드립커피체험+트랙터관광+캠핑+차박+사과차체험+사과와플만들기+사과따기+불멍+봉황산골백반+별자리체험+물고기수렵체험+무드등만들기+떡볶이만들기+농촌관광교육+곰취따기+국궁(활쏘기)체험+김자전만들기+귀농귀촌교육',240),(122,'충청남도 부여군 부여읍 월함로 277','농작물경작체험+건강+만들기체험+전통문화체험+기타','http://www.부여기와마을.kr','부여기와마을','041-834-8253','공기청정기만들기+오이소박이담기+오이+방울토마토따기체험+연잎밥만들고먹기+연잎밥과일꽃우드플레이팅+쌀랑해요쥬얼리+스카프염색체험+수박화채만들기+수박떡바+백제문양팬던트만들기+풀장체험+콩고기햄버거만들기+추억의도시락체험+천연비누만들기+와송심고그림시쓰고+백제떡만들기+발효식초만들기+미니버거만들기+멜론고추장만들기(kg)+멜론고추장만들기(g)+땅속보물찿기+대가키우는보약+다식만들기+손수건염색하기+손두부만들기+색동인절미만들기+새싹삼심기+사비길자전거여행+브리또만들기+보리영양빵만들기+백제활만들기+백제석궁만들기+나만의농장만들기+나만의쌀주얼리만들기+나무곤충만들기+내가키우는보약+낙화암향초+김장체험',160),(123,'충청남도 부여군 석성면 금백로 425','농작물경작체험+자연생태체험+전통문화체험+만들기체험','','부여양송이마을','','나도요리사+물놀이체험+버섯돌이체험+양송이머핀만들기+양송이에코백만들기+양송이파스타+역사보고탐험대+자유학기진로체험+주말화덕피자+전부치기체험+인성학교프로그램+양송이화덕피자만들기+양송이치즈구이+양송이버거만들기체험+수영장(물놀이체험)+나만의화분심기',160),(124,'경상남도 하동군 옥종면 북방우회길 7-4','기타','','북방마을','','딸기체험',223),(125,'강원특별자치도 고성군 간성읍 중두골길 7','농작물경작체험+만들기체험','','블루베리마을','','딸기따는체험행사+메밀수확체험행사+전통장담그는체험행사+토마토따는체험행사+블루베리열매따기',221),(126,'충청북도 영동군 양산면 수두1길 20-42','농작물경작체험+기타','','비단강숲마을','043-745-5432','기타+비단강자연체험+손두부+과일잼+시골밥상체험등+인용자전거하이킹+풍물체험+올갱이체험+뻥튀기+떡메+짚공예+짚꼬기+뗏목체험+떡메치기',145),(127,'충청북도 제천시 금성면 월림로4길 50-132','농작물경작체험+건강','','비단권역농촌체험휴양마을','','꽃차체험+족욕.물놀이체험',142),(128,'충청북도 괴산군 청천면 사기막길 44-29','농작물경작체험+건강','','사기막리마을','','글쓰기+도자기+목공+춤명상+숲길트레킹+막걸리',148),(129,'충청북도 괴산군 칠성면 명태재로사은1길 59-39','농작물경작체험+자연생태체험+만들기체험+전통문화체험','','사오랑마을','043-830-3904','감자캐기체험+미꾸라지잡기체험+새집만들어달기+표고버섯수확체험+추억의고무신그림그리기+밤줍기체험+매실따기체험+고구마캐기체험+두부만들기체험+뚝딱고추장만들기체험+딸기수확체험',148),(130,'강원특별자치도 횡성군 안흥면 서동로상안8길 9-14','농작물경작체험+전통문화체험+건강+자연생태체험+만들기체험+기타','http://cafe.naver.com/sjs2909','사재산마을','','가마솥밥짓기+향초만들기+향주머니만들기+피라미드게임+탱크게임+카트+천연비누만들기+몽땅꼬치구이+명품숲체험+마을체험차타기+루지+레크레이션+레일바이크+떡메치기+드림캐쳐+두릅따기+산나물채취+전통형벌체험+오토캠핑+연만들어날리기+얼음팽이+얼음축구+앉은뱅이썰매타기+안흥찐빵만들기+스키캠프+스노우카트+수영장+송어잡기+손수건물들이기+서바이벌+비료포대썰매타기+벌레퇴치제만들기+미니스탠드만들기+물놀이+국궁+금강소나무숲길+나무피리만들기+대관령양떼목장+농산물수확+경포해수욕장',238),(131,'전라남도 고흥군 영남면 팔영로 1103','자연생태체험','','사포희망마을','','고사리체험+블루베리체험',174),(132,'전북특별자치도 남원시 운봉읍 산덕길 15','기타+만들기체험+자연생태체험','','산덕마을','063-625-9428','농산물수확체험+허브밸리+상추치약만들기+천연비누만들기',252),(133,'충청북도 괴산군 칠성면 명태재로외사4길 1','농작물경작체험+건강+자연생태체험+만들기체험','http://www.bbvill.com','산막이옛길농촌체험휴양마을','043-832-3527','농촌생태체험+숙박체험+유람선체험+표고버석따기체험+숲속작은책방체험+산막이옛길숲체험+떡메치기체험+목공체험',148),(134,'경상북도 안동시 와룡면 이하오산로 388','농작물경작체험+전통문화체험+자연생태체험+만들기체험+기타','http://sanmaegol.com','산매골마을','054-853-0577','김치만들기+파파야장아찌+파파야심기+숙박.+도산서원.국학진흥원방문등+미꾸라지잡기.메뚜기잡기등+박일+손두부만들기+손두부.인절미.손국수+농산물수확체험',191),(135,'충청북도 제천시 수산면 옥순봉로6길 3','기타+건강+만들기체험','','산야초마을','043-651-3336','농사체험+천연염색스카프+천연염색(에코백소)+천연염색(에코백대)+천연염색(면티)+천연염색+천연비누만들기+인절미떡매치기+에센스만들기+약초환만들기+약초향기주머니만들기+약초술만들기+약초베게만들기+약초막장만들기+석고방향제+쌍화차만들기+아토피연고만들기+약초떡만들기+약초고추장만들기+두부만들기',142),(136,'경상남도 하동군 화개면 부춘길 211','농작물경작체험+만들기체험+건강+자연생태체험+전통문화체험','','산야초치유휴양마을','','나만의차만들기(숙박)+차를어떻게마실까+자연먹거리고사리+내가심은차나무+명상/요가+압화',223),(137,'충청북도 제천시 봉양읍 명암로 574','전통문화체험+건강+자연생태체험+만들기체험+기타','http://명암산채건강마을.kr','산채건강마을','043-653-7788','국궁+장아찌담기+효소담기+황기엿만들기+한방체험+평상놀이체험+캠프파이어체험+천연몀색+찜질방체험+족구장+잔디구장이용+명의와약초찜질+바베큐구이체험+사과따기체험+음악치유프로그램+몸펴기생활운동체험+나전칠기손거울만들기',142),(138,'강원특별자치도 횡성군 둔내면 용현로 492','만들기체험','','산채마을','033-345-9196','머그컵만들기',238),(139,'강원특별자치도 평창군 평창읍 대골길 5','농작물경작체험+건강+기타','','산채으뜸마을','033-333-5009','곤드레짜아지/씨앗그림+김치체험+산나물체험+곤드레축제',240),(140,'대구광역시 군위군 산성면 산성가음로 722','농작물경작체험+기타+만들기체험+전통문화체험','http://www.화본마을.com','삼국유사화본마을','054-382-3361','(공예체험)나무장난감만들기+(공예체험)텀블러꾸미기+(공예체험)팬시우드+고구마수확체험+(화본카페)아메리카노+(화본카페)복숭아아이스티+(야생화)압화열쇠고리(일자형)+(야생화)압화사각손거울만들기+(야생화)아로마디퓨저만들기ml+(야생화)마리모체험원형볼+(야생화)마리모체험블럭어항+(야생화)곰돌이(토피어리)+(석고방향제)++(사랑의자물쇠)+(사격장)++(야생화)향기나는젤만들기+(야생화)하바리움전구만들기+(야생화)콜라겐에센스만들기+(야생화)콜라겐보습크림만들기+(야생화)촉촉상큼핸드크림만들기+(야생화)천연모기퇴치제만들기+(야생화)천연고체버물리만들기+(야생화)차량용(아로마디퓨저)+(야생화)자석액자(압화공예)+(화본카페)과일스무디+(핀볼게임)+(쿠키만들기)++(추억의도시락)++(자전거)륜+(일본식관사숙박체험)+(옛날오락실)추억의오락기+(옛날오락실)두더지잡기+(에어바운스)+(레일카페)아메리카노+(레일카페)라떼+(레일카페)과일스무디+(도자기만들기)+(달고나만들기)+(농구게임기)+(꽃차만들기)+(꼬마기차)+(공예체험)팔찌꾸미기+(공예체험)춤추는발레리나꾸미기+(공예체험)미니거울만들기+(공예체험)알록달록우산꾸미기+(공예체험)원목냄비받침대만들기+(공예체험)에어로켓만들기',50),(141,'전북특별자치도 무주군 설천면 삼도봉로 468 (대불리)','농작물경작체험+자연생태체험+기타','','삼도봉권역','063-324-3738','나물체취체험+발효식초만들기체험+사과따기체험+발효주만들기체험+물고기잡기체험',256),(142,'전라남도 보성군 조성면 삼정한옥길 74','기타+건강','','삼정마을','','민박+한옥체험+참다래농장체험',175),(143,'경상북도 문경시 마성면 상내1길 99','농작물경작체험+자연생태체험+만들기체험+기타','','상내권역나실마을','054-572-0402','김잠담그기숙박체험+유리공예(목걸이만들기)+표고버섯따기체험+손두부만들기+두릅따기체험+맨손물고기잡기+사과따기+사과고추장담기',196),(144,'강원특별자치도 횡성군 갑천면 갑천로 839','농작물경작체험+만들기체험+건강+기타','http://향기마을.kr','상대마을(향기마을)','033-343-3435','감자부침개+도토리묵만들기+떡메치기+송편만들기+옥수수전+숲길걷기+밀납양초만들기+두부만들기+농사체험+고추장만들기+김장김치체험',238),(145,'전라남도 함평군 해보면 상모길 55-17','기타+만들기체험','','상모마을','','고구마체험+냇가체험+단호박체험+떡메체험+양파체험+완두콩체험+쿠키만들기+쥐불체험+에코백체험+목공체험+둠벙체험+농촌문화체험(팸투어)',182),(146,'강원특별자치도 평창군 미탄면 서동로 3834','기타','','서시래연화마을','','연잎밥만들기',240),(147,'강원특별자치도 정선군 화암면 소금강로 204','농작물경작체험+전통문화체험+자연생태체험','','석곡2리산골마을','','메주만들기+물고기(뚜구리)잡기+사과따기+옥수수따기+목공예체험',241),(148,'대구광역시 군위군 고로면 석산길 193','기타+자연생태체험','http://seoksanri.kr','석산약바람산촌생태마을','054-383-6866','고로쇠수액체험+산나물채취+모노레일체험',50),(149,'전북특별자치도 남원시 산내면 입석길 49-3','농작물경작체험+만들기체험+건강+기타','http://www.jirisundol.com','선돌촌마을','063-626-9981','감자수확체험+전통한지만들기체험+힐링캠프+포도수확체험+천지화랑지리산캠프+지리산한달살이+전통가옥숙박체험+고사리채취체험+다슬기체험+달집태우기+사과수확체험+귀촌캠프+계곡물놀이체험',252),(150,'전라남도 고흥군 남양면 선정새샘길 3','기타+전통문화체험+자연생태체험+건강','http://www.mudlympic.co.kr','선정은하수꼬막마을','','그늘막쉼터(캠핑체험)+바지락채취체험+선상체험+열두당산굿별신제+사계절(풀장)어페류잡기체험+머드림픽체험',174),(151,'강원특별자치도 정선군 임계면 장찬동길 439-67','기타','','설레는마을','','물고기잡기+오디따기',241),(152,'전라남도 고흥군 도덕면 오마안길 11-7','농작물경작체험+자연생태체험','','섬너울 오마','061-844-9391','갯뻘체험+수제쏘시지만들기체험+식용곤충으로반찬과자.등..+농산물수확체험',174),(153,'강원특별자치도 평창군 진부면 경강로 3346-9','기타+만들기체험','http://sododuk.modoo.at','소도둑놈마을','','감자떡만들기+산적체험+숲체험+비누만들기+균형잠자리+당귀쿠기만들기+당귀피자만들기+당귀향주머니만들기+당귀다식만들기+공룡화석찍기',240),(154,'강원특별자치도 고성군 간성읍 소똥령마을길 82','농작물경작체험+만들기체험+자연생태체험+건강+기타','http://cafe.naver.com/sottong0','소똥령마을','033-681-8126','감자수확체험+농산물수확+떡만들기(절편)+떡메치고인절미만들기+모닥불피우고바베큐해먹기+블루베리수확+천연염색(손수건)+천연염색(면티-재료본인준비)+천연염색(면티)+절편만들기+절편+일주일살기+이장마을소개+오미자청만들기-역량교육+오가피막걸리만들기+해양심층수두부만들기+해양심층수두부(특)+팜트레블러+축제체험종+축제체험재료판매+축제맨손송어잡기+체험물량증가추가비+청계란수확+천연염색실크스카프+예쁜연못집농장체험+아름다운집농장체험+심층수두부만들기+숲속창의미술교실+숲속명상무예체험+솟대만들기+소똥모양비누만들기+소똥령트랙킹(마을해설사)+밤따기줍기체험+맨손메기잡기+떡메치고떡만들기+드럼통열차+나만의컵만들기+조류농장체험+고구마캐기kg',221),(155,'충청남도 공주시 정안면 정안마곡사로 396','농작물경작체험+만들기체험+자연생태체험+전통문화체험','http://blog.naver.com/soraengi','소랭이마을','041-852-8250','귀촌(밤단호박찜)+귀촌(약식)+귀촌(양초체험)+귀촌(타일공예)+밤물김치(귀촌)+우리것+세상채우기(찾아가는+우리것+세상채우기+압화도자기(찾아가는)+압화도자기+밤트레킹+군밤+밤트레킹+밤전만들기+밤양갱만들기(찾아가는)+밤양갱만들기+전통놀이(소)+전통놀이(대)+율피비누만들기(찾아가는)+율피비누만들기+율란(찾아가는)+율란+귀촌(테라리움)+귀촌(율피)+귀촌(양갱이체험)+귀촌(압화)+귀촌(밤물김치)+귀촌(수확작물음식만들기)',152),(156,'경상북도 상주시 화남면 동관3길 141-12','전통문화체험+만들기체험+건강+전통문화체험','','속리산아트힐링센터','','간편요리+기문둔갑중급+레진+서각+오감자극힐링체험+자미두수+타로로보는마음지도+힐링댄스+토불만들기+캘리명상+옻칠염색+서예+명리로보는마음지도+기문둔갑초급',195),(157,'강원특별자치도 정선군 북평면 와가길 25','농작물경작체험+기타+만들기체험','','솔돌마을','033-562-3727','김장담그기체험+오븐찰떡만들기+파인애플찹쌀타르트+테라리움만들기+쿠키만들기+케잌만들기+정선다움치매안심걷기체험행사+유자휘낭시에+원예체험+원목연필꽂이+오토마타+피자만들기+스콘만들기+롤케잌+목공무드등+벼베기체험+쇠머리찰떡+모심기체험+대추타르트',241),(158,'전북특별자치도 남원시 덕과면 비촌길 92','농작물경작체험+건강+자연생태체험+만들기체험+전통문화체험','http://솔바람세상.com/','솔바람권역마을','063-632-9078','감자+고구마캐기+떡메체험+허브에센스+크림+허브스킨+로션+비누+허브샴푸+치약+향춘과만들기+콩나물키우기+정자투어+옛놀이+달고나+솜사탕+방향제+목화+물레+허브캔들+발향주머니+들꽃향기주머니+꽃강정체험+꽃음료+꽃식초+꽃젤리+꽃양갱+도자기체험+꽃비빔밥+김부각',252),(159,'충청남도 부여군 장암면 원문로 53-6','농작물경작체험+만들기체험+전통문화체험','','송죽마을','041-837-1152','김장체험+두부만들기+방울토마토따기+손수건+티셔츠염색체험+추억의도시락+천연비누만들기+짚공예+전래놀이+억새연필꽂이만들기+억새발만들기+압화공예(부채)+송편+인절미떡만들기+소원풍등날리기+바베큐구워먹기체험+대나무화분심기+달집태우기(고구마+밤구워먹기)+대나무압화향초만들기+대나무통밥만들기',160),(160,'경상남도 고성군 하일면 자란만로 1622-8','농작물경작체험+만들기체험+자연생태체험+전통문화체험','http://hrvill.co.kr','송천들농촌체험휴양마을','055-673-9696','가리비양식체험+갯벌체험+다육체험+박일프로그램(갯벌체험+숙박)+친환경부채만들기+탄소중립체험+예절+전래놀이+도장절편만들기+다도체험',221),(161,'강원특별자치도 평창군 대관령면 갈골길 33-5','만들기체험+건강+기타','http://cafe.daum.net/Chahang','수레마을','','김장체험+황태구이체험+찻잔받침만들기+떡볶이체험+배추모양만두체험+백김치체험+족욕체험+배추김치체험',240),(162,'전북특별자치도 임실군 청웅면 향교로 124-3','농작물경작체험+기타','http://blog.naver.com/kungolvil','수풍마을','','귀농귀촌교육+쌀강정만들기+유기농토마토먹거리체험+유기농토마토성장체험+숙박시설사용',258),(163,'전북특별자치도 순창군 구림면 산내길 38','농작물경작체험+자연생태체험+만들기체험','http://www.gochujangvillage.com','순창 고추장익는 마을','063-653-7117','고추장불고기+캠프+인절미체험+순창전통고추장체험+순창전통고추장+즉석떡볶이체험+순창고추장체험성인+순창고추장kg만들기+순창고추장kg+순창고추장g+인절미체험+순창고추장g+떡볶이+순창고추장g+순창고추장+떡볶이+매직폴리미니+순창고추장+떡볶이+생태체험+김장체험+매실장아찌체험+발효항아리젤캔들+블루베리파이체험+블루베리수확체험+고추장비빔밥체험',259),(164,'충청북도 제천시 수산면 월악로26길 36','전통문화체험+건강+만들기체험','http://blog.naver.com/susan7060','슬로시티수산마을','','국궁+석부작+자연물봉투만들기체험+카누+카약+수수부꾸미+버닝체험+돌맹이커피체험+민속모듬북체험+버닝',142),(165,'경상북도 상주시 낙동면 승곡1길 34','농작물경작체험+건강+전통문화체험+만들기체험+자연생태체험+기타','','승곡마을','054-531-0154','감깎이+모두투어곶감여행+문패만들기+피자+핫도그+음료+전통매듭만들기체험+소시지만들기+상감고추장만들기+사과피자+사과수확kg+사과수확(.kg)+사과/감파이만들기+배꽃축제(나물뜯기+배꽂따기등)+피자만들기+목공체험+도자기냄비받침+고추장만들기(투어)+고택체험(한옥+고택)+나도바리스타+곶감강정만들기',195),(166,'충청북도 영동군 학산면 용화양강로 1359','농작물경작체험+자연생태체험+전통문화체험+만들기체험','','시항골마을','043-744-5900','곤충관찰체험+블루베리체험+포도따기체험+음식체험+압화엽서만들기+송편만들기+생태미술체험+복숭아따기체험+곶감만들기+두부만들기체험+딸기체험+별자리및반디불이관찰+두릅체험+곤충체험',145),(167,'전북특별자치도 무주군 안성면 덕유산로 161-8','농작물경작체험+만들기체험+자연생태체험+기타','','신무마을','','강정만들기+미니수생식물관관찰+블루베리따기+타일냄비빋침+천마캐기+천마주만들기+인삼캐기+오미자청담그기+야생화다육이심기체험+반딧불탐방+땅콩캐기체험+고구마캐기체험+김장체험+두릅따기(봄나물)+다슬기잡기및수제비만들기',256),(168,'전북특별자치도 임실군 관촌면 상월로 478','기타+만들기체험+전통문화체험','','신전마을(다락골)','063-644-1331','감자캐기+병조림복숭아황도만들기+전통놀이+힐링원예체험+옻닭체험+메주만들기+고구마심기+캐기+고추장만들기+된장만들기+도자기만들기',258),(169,'충청남도 보령시 천북면 삼산농현길 147-17','농작물경작체험+만들기체험+자연생태체험+건강+기타','','신현(쌈지돈)마을','041-641-7744','EM비누만들기+고구마캐기+논두렁밭두렁+동력패러글라이딩A+떡메치기+벼베기+삼색칼국수/삼색수제비+손두부만들기+텃밭정원가꾸기교육+추억훔치기-헛서리+인식물키우기+연만들기+씨앗파종+쑥개떡만들기+쌀강정만들기+수제소세지만들기+수경재배체험+황토염색체험+환경산업/EM쥬스만들기+향기산업/직업체험+토끼야오리야놀자+테라리움만들기+샤인머스켓수확+봄체험패키지+모내기체험+동력패러글라이딩B+다육이화분만들기+김치담그기',153),(170,'전북특별자치도 임실군 지사면 영천3길 40-5','농작물경작체험+자연생태체험+건강+전통문화체험','','십이연주권역','063-644-8103','건강.휴양체험+마을자원탐방+먹거리체험+예절.전통문화체험+축제.테마체험+자연생태체험+영농체험+농촌생활체험',258),(171,'전북특별자치도 순창군 쌍치면 국사봉로 516','기타','','쌍치오룡마을','','숙박고당산+숙박국사봉',259),(172,'경상북도 안동시 남후면 무릉1길 20-13','농작물경작체험+자연생태체험+기타','http://www.adswanvill.com','안동백조마을','054-856-7005','백조관람+안동찜닭+토마토체험(김치)+토마토체험(쿠키)+토마토체험(토마토잼)+백조체험',191),(173,'경상북도 안동시 임하면 금소길 348','농작물경작체험+건강+전통문화체험+기타','http://www.안동한옥마을.kr','안동포길쌈마을','054-822-6464','고택체험+한옥숙박체험+주문형체헙+안동버버리찰떡+삼훑기+다슬기줍기+불멍체헙+비닐하우스체헙+삼벗기기+사과따기+농촌식단만들기',191),(174,'전라남도 고흥군 대서면 동서로 1029','자연생태체험','','안뜰거북이마을','','별자리관측+지층/단층학습체험',174),(175,'전북특별자치도 임실군 지사면 안하4길 40','농작물경작체험+전통문화체험+만들기체험+기타','','안하마을','070-7755-4033','고추장만들기+두부만들기+비석치기+안하제낚시하기+장승+솟대만들기+한지+목공예+천연비누+방향제만들기+연주산책+산삼식체험+미꾸라지잡기',258),(176,'경상북도 안동시 남후면 암산1길 61','기타+건강+자연생태체험+전통문화체험','','암산마을','054-858-4433','깡통열차및보트체험+스케이트+체험관숙박(펜션)+썰매+빙어낚시체험+농사체험',191),(177,'전라남도 신안군 압해읍 중촌길 8','농작물경작체험+전통문화체험+만들기체험+자연생태체험+기타','','압해도용마을','','갯펄생태체험+추억에먹거리+천연향초만들기+전통음식만들기+마늘양파핏자체험+마스크만들기+명품배다기체험+전통김치체험+문화놀이+농사짓기',187),(178,'전북특별자치도 무주군 무주읍 앞섬1길 7','농작물경작체험+전통문화체험+자연생태체험+건강+만들기체험','http://cafe.naver.com/abseom','앞섬마을','','디퓨저만들기체험+반딧불이탐사+복숭아꽃사진콘테스트+복숭아따기체험+복숭아아이스케끼만들기+사과따기체험+사과쨈만들기+향초만들기+텀블러만들기+장미애플파이만들기+자전거트레킹+압화책갈피만들기+사과소스만들기+복숭아쨈만들기+복숭아빙수+복숭아꽃책갈피만들기+복숭아꽃길자전거트레킹+미니크리스마시트리만들기',256),(179,'강원특별자치도 평창군 진부면 방아다리로 348','기타+전통문화체험+자연생태체험','','약초마을','033-335-0700','감자옹심이+감자전체험+산나물장아찌담그기+씨앗파종및수확체험+제철비빔밥만들어먹기+캠프화이어+풍등띄우기+커피내려마시기+추억의도시락체험+전통음식체험+송어잡기체험+민물고기잡기체험',240),(180,'강원특별자치도 평창군 미탄면 마하길 41-5','기타+자연생태체험+전통문화체험','http://www.mahari.kr','어름치마을','033-332-1260','강의(마을소개)+송어해부+숲해설+오리엔티어링+에코런+야생동물관찰+야간민물고기탐사+슬로우보트+스카이라인/스카이점프+수서곤충관찰+백룡동굴탐사+동강래프팅+동굴래프팅패키지+밤소풍+민물고기잡기체험',240),(181,'충청남도 공주시 정안면 어물음지말길 1','농작물경작체험+만들기체험+자연생태체험+기타','','어무실구정승마을','','감자수확체험+김장체험+불고기전골체험+산채수확체험+숙박체험+음식체험+전통농경문화체험+전래벼베기및수확체험+알밤줍기체험+수생생물생태체험+뻥튀기한과체험+바베큐체험+김밥체험',152),(182,'충청북도 보은군 회남면 연꽃마을길 39','농작물경작체험+자연생태체험+건강+기타+전통문화체험+만들기체험','http://www.oubudong.kr','어부동연꽃마을','','(먹거리)삶은밤+(음료)보리수차+(음료)아이스대추차+(체험)고무보트타기+(체험)보리수수확+(체험)버들피리+(체험)목화관찰+(체험)륜자전거+(체험)동물먹이주기+(체험)농산물수확+(체험)낚시(~인단체)+(체험)낚시+(체험)기타놀이체험+연잎밥+사진촬영+보리수효소+보리수음료+(체험)한달살기+(체험)접목삽목+(체험)인승자전거+(체험)인력마차+(체험)연수련채취+(체험)연날리기+(체험)알밤줍기+(체험)썰매+(체험)손페달보트+(체험)새총쏘기+(체험)사탕수수관찰+(체험)보리수쨈발효액만들기+(음료)연잎차+(음료)비트쥬스+(음료)대추차+(먹거리)연잎상투과자+(먹거리)호박와플+(음료)고구마라떼',143),(183,'강원특별자치도 정선군 남면 민둥산로 142','기타','','억새마을','033-591-1768','농사체험+전통음식만들기+민둥산산나물뜯기',241),(184,'경상남도 하동군 횡천면 경서대로 953','농작물경작체험+자연생태체험+기타','','여울목원곡농촌체험휴양마을','','감따기체험+매실수확+밤줍기체험+산야채나물+미나리수확체험+매실따기+다슬기잡기+딸기체험',223),(185,'충청북도 영동군 학산면 모리1길 38','농작물경작체험+만들기체험+자연생태체험+기타','http://mochi.or.kr','영동금강모치마을','043-744-4488','감따고곶감깍기+떡메치기(인절미)+협동제기치기+향토전통음식만들기+한지공예만들기체험+포도투호체험+포도수확체험+포낚시체험+팝콘만들기+투호던지기+손두부만들기+소원등날리기+산제당소원빌기+블루베리화분만들기+블루베리쨈만들기+블루베리빙수만들기체험+블루베리따기+박일체험+물놀이및다슬기잡기+캠프파이어+청국장만들기+찹쌀떡만들기+짚풀공예+전통염색체험+전통놀이종체험+올갱이잡기+시골밥상+스내그골프체험+당일체험+감자캐기+국궁활쏘기+깡통열차타기+단감따기체험+고구마캐기',145),(186,'전라남도 신안군 흑산면 영산길 21','기타+자연생태체험+전통문화체험','http://yeongsando.co.kr/','영산도명품마을','061-261-1003','나만의셀카체헙+해상체험+나만의힐링숲체험+도선체험+떼배체험+조개따기체험+모래성쌓기+나만의열두가지휴식',187),(187,'충청남도 공주시 우성면 무재길 23-6','기타+만들기체험+전통문화체험','','예울림물레방아마을','041-852-5530','가면만들기+꽃짚신만들기+밤줍기및두부만들기+숙박+윷놀이+해바라기그리기(캔버스)+인절미만들기+예절교육+설매타기.눈사람만들기+민화채색(족자만들기)+꽃물들이기+고무신만들기',152),(188,'충청남도 공주시 의당면 서당길 72','농작물경작체험+자연생태체험+만들기체험+전통문화체험','','예하지마을','','고구마캐러가자+진로체험(공주시)+제철밥상체험+워크숍장이용+워크숍+예하지전통두부만들기+예하지마을인절미체험+알밤줍기+아로니아효소만들기+솟대와장승그게뭐야+황토방숙박+한옥방숙소이용+하지감자캐기+추석맞이송편만들기+체험관이용+체험관숙소이용+찾아가는농촌체험+집터다지기체험+서당골학동체험+북치고장구치고+백제문화제+무지개인절미체험+무지개다식만들기+모내기체험+마을학교체험+마을돌봄+김장축제+김장하고수육먹고+농산물판매+마을광장이용+마을가꾸기박람회새총체험+김장체험',152),(189,'충청북도 괴산군 장연면 미선로오가2길 29','농작물경작체험+기타','','오가마을농촌체험휴양마을','043-832-5585','김장김치체험+두부만들기+원예교실+꽃차만들기',148),(190,'경상북도 상주시 함창읍 신흥3길 1','만들기체험+건강+자연생태체험','','오봉산마을','054-541-1700','떡매치기+오봉산두부+염색체험+양파고추장담기+생강청담그기+산나물장이찌만들기+민화그리기',195),(191,'충청남도 보령시 청소면 넙티로 513-6','기타','','오서산산촌생태마을','041-933-6882','고추따기체험+매실따기체험+산채취체험+밤줍기체험+두부만들기체험',153),(192,'전북특별자치도 임실군 성수면 왕방길 360','농작물경작체험+만들기체험+기타','','왕방힐링마을','','고추따기+흑염소체험+토끼먹이주기+전통발효액담그기+작약꽃체험',258),(193,'전북특별자치도 남원시 이백면 황산로 89','농작물경작체험+건강+자연생태체험+전통문화체험+만들기체험','','요천다슬기마을','063-636-7048','감자옥수수구워먹기+김장체험+농촌마을문화탐방+도시민초청김장축제+리숲길탐방+부각만들기+사진액자만들기+편백베개만들기+편백나무도마만들기+천연비누만들기+전래놀이+원예체험+왜가리탐조+아로마목걸이만들기+쑥인절미만들기+숲체험+부채만들기+목공예만들기+도자기만들기+도농교류도시민농촌문화탐방+냇가체험+고구마수확체험',252),(194,'전라남도 보성군 웅치면 용추덕림길 89-34','기타+만들기체험','','용추마을','061-853-5115','올벼쌀강정만들기+올벼쌀막걸리만들기+팥죽만들기+천연염색물들이기',175),(195,'경상북도 상주시 화북면 청화로 148','농작물경작체험+건강+기타','http://www.우복동.com','우복동마을','054-536-9722','감자-수확체험+농산물체험+식사체험-자연산버섯전골+힐링숲체험+야외바베큐+블루베리수확체험+고추-수확체험',195),(196,'경상북도 상주시 모동면 수봉3길 91-16','농작물경작체험+자연생태체험+전통문화체험+만들기체험','','우분투 농촌체험휴양마을','','균형잠자리색칠하기+포도수확포도주담그기+백화산둘레길숲길체험+옥돌도장만들기+옥동서원선비체험+포도수확+포도밭체험및일손도우기+드론날리기체험',195),(197,'전라남도 신안군 증도면 우전길 21','농작물경작체험+자연생태체험','','우전 설레미농촌체험휴양마을','','고구마농사체험+땅콩체험+바지락조개체험+오리배체험+카약체험+후리질체험+카약+염전체험+무화과체험+돌게체험+낚시체험',187),(198,'충청북도 보은군 삼승면 천남송죽로 383','농작물경작체험+만들기체험','','우진송죽마을','','대추따기체험+천연염색손수건+천연염색실크스카프+천연염색티셔츠+사과따기체험',143),(199,'전라남도 함평군 해보면 산내길 55-63','기타','','원산마을','','고구마캐기체험+한과만들기체험+인문학교실+옥수수체험+오디따기체험+산나물체취체험+블루베리체험+복분자따기체험+민박+무화과체험+목공예체험+도자기체험+녹차떡케익체험+교육연수',182),(200,'전북특별자치도 남원시 산내면 산내원천길 33','기타','http://www.jirisanchon.com','원천마을','063-636-2032','두부제조판매+사과즙가공+마을펜션숙박',252),(201,'경상북도 상주시 은척면 황령길 9','농작물경작체험+자연생태체험+만들기체험','','은자골마을','054-541-6182','곶감만들기+배란다텃밭만들기+별자리보기와불멍+농산물수확',195),(202,'경상북도 영천시 청통면 대동로 423','농작물경작체험+전통문화체험+자연생태체험','','은해로운휴양마을','054-336-8083','간식(국수)무료제공+전통놀이체험+야생화관찰체험+승마체험+산나물채취체험+복숭아쨈만들기+복숭아따기체험+복숭아꽃축제+메뚜기잡기체험+동물체험농장+도토리묵만들기체험+농작물재배체험+농작물수확체험+농산물심기체험+꽃마차타기체험',194),(203,'경상남도 하동군 화개면 화개로 1405-4','기타+건강+자연생태체험+만들기체험+전통문화체험','http://bearvillage.co.kr','의신 베어빌리지','055-883-3580','걱정인형만들기+도토리묵만들기+반달곰머그컵만들기+밤묵만들기+선학당+에코백만들기+휴양관+천연밀랍양초만들기+조약돌페인팅+숲체험+선학관식체험+반달곰티만들기+반달가슴곰탐방해설+녹차인절미만들기+계곡물놀이체험',223),(204,'전라남도 신안군 임자면 진리길 44','농작물경작체험+자연생태체험+건강+전통문화체험','http://imjalove.imweb.me/','임자만났네마을','061-261-0153','갯벌체험+깡통열차+대파수확체험+버기카체험+에어바운스+전통놀이체험+카약체험+용난굴트레일러체험+생존수영교육+떡매치기체험+귀농귀촌프로그램',187),(205,'경상남도 하동군 악양면 악양서로 291','기타','www.ipseok.org','입석마을','','과실수확+매실고추장만들기+매실따기체험+식초만들기+산나물채취+대봉감.곶감만들기',223),(206,'충청북도 보은군 산외면 내북산외로 661','농작물경작체험+만들기체험+자연생태체험+전통문화체험','','잘산대대박마을','043-543-6570','계란꾸러미만들기+박공예체험(냅킨공예)+일체험+일숲체험+우드버닝(인두화체험교육)+우드버닝+옥수수따기+숲체험(무봉산)+숲생태체험+숲밧줄놀이/트리클라이밍+사과따기+사과두부만들기+보은미니어처공원견학교육+박공예체험+고구마캐기+덩굴식물+목공예체험+박공예+김치담그기',143),(207,'충청남도 공주시 이인면 선근리1길 34','농작물경작체험+기타','','장익는마을','','가을추수체험+하지감자캐기체험+포도따기체험+고추따기+무우뽑기+새싹심기+시설임대사용료+농촌일손돕기+고구마캐기체험',152),(208,'경상북도 안동시 풍천면 장수길 70','기타+자연생태체험+전통문화체험','','저우리마을','','고택체험+야생화.분재체험+안동식혜만들기+딸기수확체험+메론체험+사군자.국궁체험+미술체험',191),(209,'경상남도 남해군 창선면 흥선로 1196-1','농작물경작체험+전통문화체험+건강+자연생태체험+기타','','적량해비치마을','','고사리채취체험+보트체험+축구로힐링하기+해맞이행사+통발체험+요트+바다생태체험+낙시체험+대보름소망풍선날리기+무화과따기및쨈만들기+동초및시금치캐기',222),(210,'전북특별자치도 순창군 적성면 적성로 330','기타+만들기체험','','적성슬로공동체','','목공미술체험+식음체험-크로와상+식음료체험-티차+식음료체험-커피헤즐럿아메리카노+식음료체험-커피캬라멜마끼아또+식음료체험-커피카페라떼+식음료체험-커피아이스아메리카노+식음료체험-커피아메리카노+식음료체험-에이드+식음료체험-스무디+식음료체험-쉐이크+식음료체험-농가밥상부페+식음료체험-농가밥상+숙박체험(평일)+숙박체험(주말휴일)+발효체험-제빵체험+발효체험-제과체험+발효체험-수제맥주만들기+목공미술체험-대형액자만들기+목공미술체험-소형액자만들기+목공미술체험-중대형액자만들기+발효체험-메주체험+목공미술체험-중형액자만들기+목공미술체험-나무인형색칠하기',259),(211,'전북특별자치도 남원시 운봉읍 가산화수길 51-2','농작물경작체험+전통문화체험+자연생태체험+만들기체험+기타','http://www.dongpyeonje.co.kr','전촌(동편제)마을','063-625-3183','꼬까옷만들기+산양과친구되기+우리농업의이해+흑돈수제소세지체험+활쏘기체험+지리산생햄체험+전통놀이+샤키테리체험+들깨초콜릿체험+농사체험+다도체험+둘레길걷기+동편제국악체험',252),(212,'강원특별자치도 정선군 화암면 소금강로 1511','전통문화체험+만들기체험+기타','','정선곤드레마을','','간장만들기+소원도깨비체험+장아찌+효소+임종체험+된장만들기+고추장만들기',241),(213,'경상남도 하동군 옥종면 고성산동학로 862','농작물경작체험+전통문화체험+만들기체험+건강+자연생태체험+기타','','정티움','055-884-5111','감자수제비만들기+도자기체험+딸기고추장만들기+캠핑체험+천연염색+지렁이분변토화분만들기+전래놀이+인성컨퍼런스+이순신장군백의종군로탐방+우리밀빵만들기+연잎밥만들기+연관찰체험+시골밥상만들기+숲체험+소여물주기체험+생태어관찰체험+새콤달콤딸기잼만들기+물놀이체험+모심기체험+딸기젤리만들기+딸기따기체험+딸기국수+된장담그기+단호박식혜만들기+고구마수확체험+고구마피자만들기+다슬기관찰+권역강의',223),(214,'충청남도 태안군 고남면 옷점길 122-13','기타','','조개부리마을','','갯벌체험+함초인절미체험+함초비누만들기+농산물수확체험+망둥어낚시+연만들기체험+바다낚시',165),(215,'경상남도 고성군 대가면 갈천로 174','기타','','종생마을','055-672-3436','농작물생산체험+짚풀공예+활만들어쏘기+다슬기담수어잡기체험',221),(216,'전북특별자치도 순창군 쌍치면 국사봉로 308-16','기타','','종암마을','','감따기체험+비닐포대눈썰매타기+복분자체험+모내기체험+등산로산책+나만의복분자만들기',259),(217,'전북특별자치도 무주군 안성면 장무로 1637','만들기체험+기타','http://www.soldabakps.com/','죽장마을(솔다박마을)','','머루와인만들기+블루베리쨈스무디만들기+블루베리콩포트+솔방울가습기+천연스카프만들기+모기기피제만들기',256),(218,'경상남도 합천군 쌍백면 하안삼리길 168','농작물경작체험+자연생태체험+전통문화체험+기타','','죽전마을','','감자캐기+두릅따기+썰매타기+옥수수따기+표고버섯성장과정및따기+잠자리잡기+여름캠프+별보러오세요+고로쇠체험+겨울캠프+고구마캐기',227),(219,'전북특별자치도 무주군 안성면 중산길 28','기타+만들기체험','','중산마을','','들고튀어라+빨간손의역습',256),(220,'충청북도 영동군 학산면 넘벌길 32','기타','','지내권역마을','','농촌에서살아보기+시골살이체험+임시거주시설살기',145),(221,'전북특별자치도 남원시 주천면 정령치로 101-16','농작물경작체험+자연생태체험+기타+만들기체험+전통문화체험','','지리산나들락농촌체험휴양마을','063-634-6655','김장체험+샌드위치만들기+허수아비만들기+천연염색+전통놀이체험+손수건체험+산수유따기체험+농산물수확체험+다식만들기+매실청만들기+물놀이체험+다도체험',252),(222,'경상남도 남해군 삼동면 삼이로24번길 39','기타','','지족갯마을','055-867-1277','갯벌생태체험+굴줍기체험+쏙잡기+석방렴체험',222),(223,'경상남도 하동군 북천면 경서대로 2253-21','농작물경작체험+만들기체험+자연생태체험+기타','','직전마을','055-882-9653','감자삼곳+고구마캐기+나만의컵만들기+나무목걸이만들기+나무저금통만들기+돗단배타기+뗏목타기+천연화장품+조롱박꾸미기+조롱박공예+조개부채만들기+오리배타기+압화+산나물캐기+미꾸라지잡기+메밀묵만들기+화전만들기+허브자수놓기+허브스틱만들기+허브꽃다발만들기+코스모스꽃물들이기+초크베리따기+천연화장품만들기+떡메치기+냅킨아트+나무액자만들기+나무곤충만들기+나만의부채만들기+강정만들기',223),(224,'전북특별자치도 무주군 안성면 진성로 2416-4','농작물경작체험+전통문화체험+만들기체험','http://www.bandigil.co.kr','진원반디길','063-323-0300','견학및교육+텀블러만들기+캐릭터열쇠고리만들기+청국장체험+청국장만들기+전통장담그기체험()+전통장담그기체험+전통된장만들기()+보막이체험+반디길체험+모닥불체험+떡만들기+도예체험+농산물수확+구량천생태체험+고추장만들기체험',256),(225,'전라남도 고흥군 과역면 과역로 832','농작물경작체험+만들기체험+자연생태체험','','참살이조가비촌','','딸기따기체험+목공체험DIY+복숭아따기체험+핸드드립커피체험+원예체험+바지락캐기체험',174),(226,'경상북도 안동시 길안면 송사시장길 102','농작물경작체험+건강+만들기체험+기타','http://www.yessong.co.kr','천지갑산마을','054-822-8833','고구마캐기+사과피자만들기+옥수수따기+황토온돌방체험+자전거타기체험+옥수수+사과파이만들기+두부만들기+사과따기+사과따기체험(kg)+사과따기체험',191),(227,'충청남도 공주시 사곡면 부곡산성로 139','농작물경작체험+전통문화체험+건강+만들기체험','','천탑마을','041-841-6521','단순방문객+편백나무숲해먹타고하늘보기+편백나무숲오수체험+편백나무숲명상체험+토종물고기관찰체험+짚플공예체험+뗏목타기체험+맷돌커피(홍보부스체험)+숲속바베큐체험+옥수수따먹고계곡에서힐링+알밤줍기+돌탑쌓기체험',152),(228,'경상남도 고성군 개천면 영회로 1296','농작물경작체험+자연생태체험+만들기체험+전통문화체험','http://cknf.co.kr','청광새들녘마을','','감따기체험+마을지도만들기+방앗간+시골밥상체험+야외물놀이체험+전통놀이체험+한과(강정)만들기+표고버섯따기체험+청광새들녘펜션+청광새들녘캠핑+천연비누만들기+찰떡만들기+영상제작체험or버스킹체험+식혜(단술)만들기+솔방울가습기만들기+모종심기체험+나무공예품만들기+기름짜기체험',221),(229,'경상남도 합천군 청덕면 동부로 1754','기타','','청덕권역농촌체험휴양마을','','교육',227),(230,'강원특별자치도 평창군 미탄면 수리재길 21','농작물경작체험+만들기체험+자연생태체험+기타','','청옥산깨비마을','','김장체험+깨비락체험+숲체험+도깨비모형석고방향제',240),(231,'전라남도 보성군 문덕면 가내길 18-37','농작물경작체험+건강+자연생태체험+전통문화체험+만들기체험','http://www.ganai.kr','청정가내농촌체험휴양마을','061-853-4989','고구마표고버섯체험+농산물수확체험+돔우주선체험+바베큐체험+송재생가체험+용암산림치유체험+천상재및월봉생가체험+하트토피어리+힐링치유체험+천상재에서의인문학+차체험+압화체험+솟대만들기+목공예체험+나만의DIY',175),(232,'충청북도 제천시 청풍면 비봉길 53','농작물경작체험+건강+만들기체험','','청풍호권역농촌체험휴양마을','','강정만들기+초코송이만들기+황토둥지캠핑장+팍종이만들기+옥수수따기+마카롱만들기',142),(233,'전북특별자치도 무주군 적상면 초리길 6','만들기체험+자연생태체험+건강','','초리넝쿨마을','','머그컵만들기+초리꽁꽁놀이축제+초리물장구놀이축제+한달살기체험',256),(234,'강원특별자치도 정선군 남면 영곡길 414','기타','','초향산골짜기마을','','송어잡기+풍경차투어',241),(235,'전북특별자치도 순창군 쌍치면 피노길 23-1','농작물경작체험+만들기체험+건강+기타+전통문화체험','http://www.총댕이마을.com','총댕이마을','','나무인식표만들기+캠프파이어+이벤트프로그램+우당탕탕총댕이에서살아남기+야외야간서바이벌체험+야외서바이벌체험_일반단체+야외서바이벌체험_군민단체+야외서바이벌체험(군민)+야외서바이벌체험+실내저격총사격체험+실내소총사격체험+맷돌+비지전만들기',259),(236,'전북특별자치도 무주군 무주읍 삼방로 934','농작물경작체험+자연생태체험+만들기체험+기타','http://늘품.net','추동체험휴양마을','','감자샌드위치만들기+나만의밀집모자만들기+추자나무문패만들기+물고기잡기체험(여름)+김부각만들기+감자수확체험+고구마수확체험',256),(237,'전북특별자치도 남원시 보절면 용동길 28','농작물경작체험+건강+자연생태체험+전통문화체험+만들기체험','','추어마을','063-634-4640','고구마캐기+머그컵꾸미기+미꾸리개운죽테라리움+삼굿구이+추어음식만들기+천연염색/비누만들기+짚풀공예+음식판매+오디따기+야생차만들기+아로마테라피+시래기엮기+손모내기+캐모마일꽃따기+부채꾸미기+미꾸라지잡기+만행산트레킹+나도천연화장품제조사+농사체험+마을길걷기',252),(238,'강원특별자치도 횡성군 청일면 춘당로 232','농작물경작체험+전통문화체험+건강+만들기체험+기타','http://cafe.naver.com/ypcwcamping','춘당노다지마을','','가족패키지체험+부대시설사용료+성당캠프(자체운영)+풋골프체험+캠프파이어+자연물보물찾기+옥수수따기체험+야외캠핑+식+숙박+성당캠프(위탁운영)+바베큐패키지체험+고르곤졸라피자만들기+날계란구출작전+바베큐음식문화체험+물고기잡기',238),(239,'전북특별자치도 무주군 적상면 치목길 83','농작물경작체험+전통문화체험+자연생태체험+기타','','치목삼베마을','063-324-3649','꽃차만들기+떡만들기체험+블루베리따기체험+삼베짜기+사과따기+봄축제+두부체험+대마밥상',256),(240,'전북특별자치도 임실군 임실읍 치즈마을1길 4','농작물경작체험+만들기체험+전통문화체험+기타','','치즈마을','063-643-3700','모객지원+피자만들기체험+쿠키체험+치즈빵체험+치즈만들기체험+윷가락치즈가락+요거트체험+에코백만들기+산양먹이주기체험+방앗간체험+경운기타기체험+레귤러피자만들기체험+마을투어+미니피자만들기+머그컵만들기+C코스',258),(241,'충청남도 부여군 초촌면 진호로 2','농작물경작체험+만들기체험+기타','','친환경까치마을','','농촌에서한달살기+토종곡물쿠키만들기+현미빵만들기+전통놀이체험+딸기체험+삼색캔들만들기체험+양봉체험+시골밥상체험',160),(242,'강원특별자치도 횡성군 청일면 청일로779번길 117','전통문화체험+만들기체험+건강+자연생태체험','','태기산마을','033-342-7675','EM천연주물럭비누만들기+박일치유프로그램+봉숭아물들이기+야생화그리기(천아트)+양말목공예+전통연만들기+야생화꽃바구니+숲체험치유+복조리플라워+국자랑-선도기혈치유',238),(243,'충청남도 태안군 남면 별주부길 102','농작물경작체험+자연생태체험+만들기체험+전통문화체험','','태안별주부마을','041-672-3359','갯벌체험(맛조개잡이)+황토호박고구마캐기+독살체험+방향제만들기+별주부자라빵만들기+취나물채취하기+취나물인절미떡메치기체험+꽃게그물털기체험',165),(244,'충청남도 보령시 청라면 윗장골길 113','기타','','토정마을','041-935-3033','눈꽃송이만들기+표고피자만들기+표고버섯체험+쑥개떡만들기+숲체험+숙박(캠핑)+떡메치기+박쥐동굴체험+뻥튀기+숙박(시설물임대)+석고부조색칠하기+눈썰매장',153),(245,'경상남도 하동군 악양면 악양서로 92','전통문화체험+만들기체험+건강','','평사드레','055-883-6640','다도체험+동정호컬러링체험+족욕체험+코로나백신캔들만들기+도깨비소원판달기',223),(246,'전라남도 고흥군 과역면 과역로 402-50','농작물경작체험+자연생태체험+기타','','푸르내로마을','','감자/고구마캐기체험+망둥어낚시체험+복숭아따기+석류따기+유자체험+바지락체험+고동잡기',174),(247,'경상북도 문경시 문경읍 관음길 77','농작물경작체험+자연생태체험+전통문화체험+만들기체험','','하늘오름마실','','나무공예+자연생태체험+도자기교육+도자기체험+사과따기체험+산삼캐기체험+사발커피체험+다도체험',196),(248,'충청북도 보은군 회인면 부수길 111-2','기타+만들기체험+전통문화체험','http://www.busuri.com','하얀민들레마을','','계절별농산물수확체험+떡메치기+숲해설+조선시대생활체험+캠프파이어+팽이만들어체험하기+차시음+자수체험+민들레밥상체험+다도체험+곶감깍기',143),(249,'전북특별자치도 남원시 주천면 고주로 1274','농작물경작체험+건강+자연생태체험+만들기체험+전통문화체험','','하주발효마을회','','고구마빵+골드테라피+꽃차+남원음식디미방+라탄소품만들기+마들렌+목이버섯재배사+바느질체험+이단행거+우리밀건강빵만들기+오색인절미+염색체험+연잎+모싯잎바람떡만들기+쌀식빵만들기+소떡소떡만들기+사계절생태체험숲에서+발효테라피+효소담그기+피자만들기+편백도마만들기+쿠키만들기+케이크만들기+캐릭터바람떡+청만들기+전통주+전통된장담그기+전통고추장+잼만들기+작은학교:매칭글단풍+목이피클만들기+머핀만들기+레인보우가래떡만들기+농작물수확체험+나만의머그컵만들기+김장체험',252),(250,'전북특별자치도 임실군 삼계면 학정3길 43','농작물경작체험+전통문화체험+만들기체험','http://hjgreen.com','학정마을','063-644-8821','강정만들기+농사체험+전통놀이+팔찌만들기+치즈호떡만들기+엿체험+김장체험+국화꽃따기체험',258),(251,'충청북도 제천시 청풍면 학현소야로 299','농작물경작체험+자연생태체험','','학현마을','043-647-7080','고구마캐기체험+엄나무순채취+매실따기체험',142),(252,'경상북도 상주시 외서면 송죽동2길 15','농작물경작체험+만들기체험+자연생태체험+건강+전통문화체험','https://blog.naver.com/lohasvilg','한농마을','','GMO의유해성과유기농산물+꽃차체험+디톡스힐링+로푸드체험+야생화천아트+유기농채식요리체험+주변명소투어+해독힐링스쿨+참가비+자연만들기숲체험길+유기농건강식단체험+로푸드카페+레크레이션+농사',195),(253,'충청남도 공주시 우성면 무성산로 296','농작물경작체험+건강+자연생태체험+전통문화체험','','한방웰니스마을','','가을열매체험+사우나+자전거라이딩+족욕체험+캠핑+체육활동+전통놀이체험+쑥뜸+부황체험+물놀이',152),(254,'경상남도 합천군 쌍책면 황강옥전로 1620','만들기체험+기타','','합천박물관마을농촌체험휴양마을','','딸기떡만들기+떡(양파+딸기)만들기',227),(255,'경상남도 합천군 초계면 국사봉로 903','기타+만들기체험','','합천양떡메농촌체험휴양마을','055-931-7622','두부만들기+떡메치기/인절미만들기체험+장담기/항아리분양',227),(256,'전라남도 함평군 손불면 안악길 42-67','농작물경작체험+전통문화체험+건강+만들기체험','','해당화마을','061-324-9711','농촌생활체험+버물리밤+아로마족욕체험+천연화장품(에센스+크림)+향기치유프로그램(룸스프레이)+호흡기바이러스예방아로마스프레이+향초만들기+해당화미스트+아로마체험(근육관절스프레이)+수제비누만들기+미세먼지호흡기스프레이+다도예절+모기퇴치제',182),(257,'강원특별자치도 평창군 평창읍 고길천로 123','기타+자연생태체험+건강+전통문화체험','http://ohstarvillage.com','해락촌마을','','atv산악체험+동강래프팅+마차투어+야외웨딩+전통활쏘기체험+전통웰빙떡만들기+봄나물채취체험+깡통열차투어',240),(258,'경상남도 남해군 창선면 서부로 257','농작물경작체험+건강+자연생태체험+전통문화체험+만들기체험','http://haebari.kr','해바리마을','055-867-1616','(신)소망등체험+홰바리패키지+홰바리체험+편백향주머니만들기+패키지+팜파티+탄소중립체험+시금치수확+숲체험+소라화분만들기+선상어부패키지+선상어부체험+불멸의푸드체험+미니단호박수확체험+매실수확체험+마늘수확체험+탄소중립숲체험+참다래수확+짚공예+유자청만들기+유자수확+유자비누만들기체험+완두콩수확+영농실습체험+아로니아수확+감자수확체험+갯벌생태체험(신)+낭만패키지+땅콩호박수확체험+대산박일+(신)전래놀이',222),(259,'충청남도 태안군 안면읍 해안관광로 44-13','기타','','해비알마을','','올레길트래킹+효소찜질방',165),(260,'경상남도 남해군 창선면 흥선로 1330','농작물경작체험+자연생태체험+건강+만들기체험','http://blog.naver.com/haeullim2021','해울림마을','055-867-5998','강정만들기+체험용장갑및도구+유자청만들기+엿만들기+강정만들기+엿만들기+승마체험+섬초캐기체험+목장체험+대나무천연비누만들기+낙지통발던지기+고사리체험+갯벌체험-조개잡이+갯벌체험-쏙잡이',222),(261,'충청북도 영동군 매곡면 해평길 82','농작물경작체험+만들기체험+전통문화체험','https://www.sandrok.modoo.at','해평산뜰애마을','','감따기체험+전통놀이체험+통나무화분+포도따기+제철밥상체험+오디따기체험+건강차체험+과일요거트+다슬기요리',145),(262,'전북특별자치도 무주군 설천면 무설로 700','기타+자연생태체험+전통문화체험+만들기체험','','호롱불마을','063-322-8001','고사리체험+아르고+투명카누+호롱불무드등+우리농산물피클체험+떡메치기+꽃마차투어+농장체험(사과+배+포도)',256),(263,'충청북도 영동군 영동읍 임계길 249','기타+자연생태체험+전통문화체험','','황금을따는마을','','곶감만들기+산야초+솔잎효소담그기+스카프+T셔츠에그림그리기+자연산버섯채취+산채비빔밥재료채취+도자기만들기체험',145),(264,'강원특별자치도 평창군 용평면 의풍포길 23-10','농작물경작체험+전통문화체험+건강+기타','https://htgdv.modoo.at/','황토구들마을','','구들아궁이백숙체험+숲치유프로그램+어린이영어명상+힐링요가명상+황토화덕먹거리체험+한국전통구들교육+치유농업프로그램+천렵체험+전통음식체험+썰매+스케이트타기+숙박및기타+국궁및전통놀이체험+농산물수확체험+수제소시지/햄버거만들기+미니구들체험',240),(265,'전북특별자치도 순창군 금과면 목동1길 19','농작물경작체험+만들기체험+자연생태체험+건강+기타','','황토열매마을','','대나무빗자루만들기+대나무텐트꾸미기(가족체험)+마음챙김(치유글쓰기)+순창집고추장체험+자연물공예+텃밭야채오븐구이+천연염색(면티셔츠)+연잎밥식생활체험+빵떡어멈수다로굽다+또띠아피자',259),(266,'경상남도 남해군 서면 남서대로 2645','전통문화체험+건강+기타','','회룡농촌체험휴양마을','055-863-8888','수영장+야영+티볼',222),(267,'전북특별자치도 임실군 성수면 도인4길 3','농작물경작체험+자연생태체험+만들기체험','','후촌마을','063-643-0919','[박람회키트]무지개케익체험키트+클렌징만들기+임실치즈피자만들기+임실치즈블루베리무지개케익만들기+임실스트링치즈만들기+스킨만들기+산촌캠프패키지+블루베리쿠키만들기+불루베리따기+블루베리초코파이만들기+블루베리체험장대여비+블루베리양갱만들기+블루베리아이스크림만들기+블루베리수확하기+단블루베리무지개케익만들기+단블루베리무지개케익(단)만들기',258),(268,'전북특별자치도 무주군 무풍면 철목길 61','농작물경작체험+전통문화체험+만들기체험+자연생태체험+기타','http://www.hyumupung.co.kr','休무풍승지(철목)','063-324-5129','달집태우기+두부만들기+매실청만들기+블루베리체험+치즈만들기체험+천연비누만들기+와일드푸드체험+애플시나몬청+알고먹는돼지고기+산야초떡만들기+사선암가는길트래킹+사과펜케익만들기+사과따기+피자만들기+풍등날리기+포도체험+칡캐기체험+복숭아체험+매실발효소만들기+당나귀체험+농사체험(농경체험)+감따기체험+녹차화분분재',256),(269,'충청북도 영동군 영동읍 주곡1길 5','농작물경작체험+기타','http://www.no1podo.kr','흙진주포도체험마을','','각종과일즙+감자캐기+꽃산병(떡)체+농촌일손돕기+묵체험+블루베리따기+와인시음+포도주+포도와인만들기+포도따기체험+컨츄리와인견학+초코렛+쨈만들기+전래놀이+자원봉사+와인족욕+화전+포도초코렛만들기+숙박+버섯따기체험+맛체험+농수산물수확체험+곶감깍기+각종장아찌담기',145),(270,'전북특별자치도 남원시 아영면 흥부로 275','농작물경작체험+만들기체험+자연생태체험','http://cafe.naver.com/heungbumaeul','흥부마을','063-625-2932','농산물수확체험+불루베리수확체험+불루베리잼만들기+오미자젤리+흥부길걷기+블루베리화분심기+마쉬멜로만들기',252),(271,'강원특별자치도 평창군 미탄면 창터길 29-10','기타+만들기체험+전통문화체험','http://wcloud.modoo.at','흰구름산촌마을','033-333-0034','공예체험+메주만들기+송어맨손잡기+힐링워킹+장아찌담그기+오제미던지기+시골밥상+스크린체험홀+스크린체험+세그웨이체험+마을탐사및지도그리기+나만의컵만들기+농가농사체험+마을생태체험+두부만들기',240);
/*!40000 ALTER TABLE `experience_village` ENABLE KEYS */;
UNLOCK TABLES;

--
-- Table structure for table `funding_participants`
--

DROP TABLE IF EXISTS `funding_participants`;
/*!40101 SET @saved_cs_client     = @@character_set_client */;
/*!50503 SET character_set_client = utf8mb4 */;
CREATE TABLE `funding_participants` (
  `participant_idx` bigint NOT NULL AUTO_INCREMENT,
  `created_date` datetime(6) NOT NULL,
  `modified_date` datetime(6) NOT NULL,
  `card_number` varchar(20) DEFAULT NULL,
  `funding_fee` int NOT NULL,
  `payment_method` varchar(255) NOT NULL,
  `funding_idx` int NOT NULL,
  `user_idx` int NOT NULL,
  PRIMARY KEY (`participant_idx`),
  KEY `FKixbxqvqqo0am5k274acps0sfd` (`funding_idx`),
  KEY `FKdjn9e3pdmb17kfe2d6bqt5toh` (`user_idx`),
  CONSTRAINT `FKdjn9e3pdmb17kfe2d6bqt5toh` FOREIGN KEY (`user_idx`) REFERENCES `users` (`user_idx`),
  CONSTRAINT `FKixbxqvqqo0am5k274acps0sfd` FOREIGN KEY (`funding_idx`) REFERENCES `fundings` (`funding_idx`)
) ENGINE=InnoDB AUTO_INCREMENT=160 DEFAULT CHARSET=utf8mb4 COLLATE=utf8mb4_0900_ai_ci;
/*!40101 SET character_set_client = @saved_cs_client */;

--
-- Dumping data for table `funding_participants`
--

LOCK TABLES `funding_participants` WRITE;
/*!40000 ALTER TABLE `funding_participants` DISABLE KEYS */;
INSERT INTO `funding_participants` VALUES (1,'2024-10-07 11:36:20.723021','2024-10-08 10:08:48.374397',NULL,100000,'신한은행',2,6),(2,'2024-10-06 11:36:20.723021','2024-10-08 10:11:12.130046',NULL,200000,'신한은행',2,8),(3,'2024-10-07 11:36:20.723021','2024-10-08 10:12:56.477245',NULL,30000,'신한은행',2,9),(4,'2024-10-06 11:36:20.723021','2024-10-08 10:14:19.840500',NULL,500000,'신한은행',2,10),(5,'2024-10-07 11:36:20.723021','2024-10-08 10:15:12.928583',NULL,50000,'신한은행',2,11),(23,'2024-10-10 17:09:45.794242','2024-10-10 17:09:45.794242',NULL,0,'KAKAO',34,6),(24,'2024-10-10 17:10:05.817363','2024-10-10 17:10:05.817363',NULL,100000,'신용,체크+카드',34,6),(25,'2024-10-10 22:38:13.404024','2024-10-10 22:38:13.404024',NULL,150000000,'함정카드',34,72),(26,'2024-10-10 22:38:31.604382','2024-10-10 22:38:31.604382',NULL,250000000,'함정카드',36,72),(27,'2024-10-10 22:38:56.970011','2024-10-10 22:38:56.970011',NULL,600000000,'함정카드',38,72),(28,'2024-10-10 22:39:13.038003','2024-10-10 22:39:13.038003',NULL,100000000,'함정카드',40,72),(29,'2024-10-10 22:39:27.381485','2024-10-10 22:39:27.381485',NULL,450000000,'함정카드',42,72),(30,'2024-10-10 22:39:40.615445','2024-10-10 22:39:40.615445',NULL,500000000,'함정카드',44,72),(31,'2024-10-10 22:40:59.869088','2024-10-10 22:40:59.869088',NULL,100000000,'함정카드',38,72),(32,'2024-10-10 22:41:38.705916','2024-10-10 22:41:38.705916',NULL,250000000,'함정카드',35,72),(33,'2024-10-10 22:41:49.950885','2024-10-10 22:41:49.950885',NULL,200000000,'함정카드',37,72),(34,'2024-10-10 22:42:02.639914','2024-10-10 22:42:02.639914',NULL,150000000,'함정카드',39,72),(35,'2024-10-10 22:42:23.950074','2024-10-10 22:42:23.950074',NULL,200000000,'함정카드',41,72),(36,'2024-10-10 22:42:36.422161','2024-10-10 22:42:36.422161',NULL,900000000,'함정카드',43,72),(37,'2024-10-10 22:42:50.669620','2024-10-10 22:42:50.669620',NULL,500000000,'함정카드',45,72),(38,'2024-09-01 00:00:00.000000','2024-10-11 00:25:31.837362',NULL,50000,'KAKAO',46,12),(39,'2024-10-11 00:47:57.572691','2024-10-11 00:47:57.572691',NULL,0,'신용,체크+카드',40,60),(40,'2024-10-11 00:47:59.742635','2024-10-11 00:47:59.742635',NULL,0,'KAKAO',40,60),(42,'2024-10-08 02:28:56.648954','2024-10-11 02:27:35.404454',NULL,100000,'KAKAO',42,9),(43,'2024-10-10 02:28:56.648954','2024-10-11 02:28:56.648954',NULL,50000,'KAKAO',37,9),(44,'2024-10-11 04:16:24.677723','2024-10-11 04:16:24.677723',NULL,50000,'신용,체크+카드',42,9),(45,'2024-10-11 04:34:34.807789','2024-10-11 04:34:34.807789',NULL,50000,'KAKAO',46,70),(46,'2024-09-01 00:00:00.000000','2024-10-11 08:41:20.052299',NULL,1000000,'농협카드',46,12),(47,'2024-09-01 00:00:00.000000','2024-10-11 08:41:28.301142',NULL,1000000,'농협카드',54,12),(48,'2024-09-01 00:00:00.000000','2024-10-11 08:41:41.035929',NULL,2000000,'농협카드',52,12),(49,'2024-10-11 08:48:09.534628','2024-10-11 08:48:09.534628',NULL,0,'KAKAO',40,6),(50,'2024-09-02 00:00:00.000000','2024-10-11 08:52:58.395197',NULL,200000,'농협카드',46,13),(51,'2024-09-02 00:00:00.000000','2024-10-11 08:53:02.922304',NULL,200000,'농협카드',54,13),(52,'2024-09-02 00:00:00.000000','2024-10-11 08:53:09.757604',NULL,100000,'농협카드',52,13),(53,'2024-09-03 00:00:00.000000','2024-10-11 08:54:12.821704',NULL,300000,'농협카드',52,14),(54,'2024-09-03 00:00:00.000000','2024-10-11 08:54:17.743428',NULL,300000,'농협카드',54,14),(55,'2024-09-03 00:00:00.000000','2024-10-11 08:54:21.315643',NULL,300000,'농협카드',46,14),(56,'2024-09-04 00:00:00.000000','2024-10-11 08:56:14.083878',NULL,500000,'농협카드',46,15),(57,'2024-09-04 00:00:00.000000','2024-10-11 08:56:21.021061',NULL,500000,'농협카드',54,15),(58,'2024-09-04 00:00:00.000000','2024-10-11 08:56:27.392684',NULL,1000000,'농협카드',52,15),(59,'2024-09-05 00:00:00.000000','2024-10-11 08:57:12.442018',NULL,2000000,'농협카드',52,16),(60,'2024-09-05 00:00:00.000000','2024-10-11 08:57:17.826660',NULL,1000000,'농협카드',54,16),(61,'2024-09-05 00:00:00.000000','2024-10-11 08:57:22.739445',NULL,1000000,'농협카드',46,16),(62,'2024-09-06 00:00:00.000000','2024-10-11 08:58:02.355930',NULL,1000000,'농협카드',46,17),(63,'2024-09-06 00:00:00.000000','2024-10-11 08:58:10.399593',NULL,1000000,'농협카드',54,17),(64,'2024-09-06 00:00:00.000000','2024-10-11 08:58:16.530105',NULL,1500000,'농협카드',52,17),(65,'2024-09-07 00:00:00.000000','2024-10-11 08:59:11.462402',NULL,1400000,'농협카드',52,18),(66,'2024-09-07 00:00:00.000000','2024-10-11 08:59:16.129765',NULL,1000000,'농협카드',54,18),(67,'2024-09-07 00:00:00.000000','2024-10-11 08:59:18.450042',NULL,1000000,'농협카드',46,18),(68,'2024-09-08 00:00:00.000000','2024-10-11 09:00:10.117312',NULL,1000000,'농협카드',46,19),(69,'2024-09-08 00:00:00.000000','2024-10-11 09:00:12.530617',NULL,1000000,'농협카드',54,19),(70,'2024-09-08 00:00:00.000000','2024-10-11 09:00:17.505872',NULL,1700000,'농협카드',52,19),(71,'2024-09-09 00:00:00.000000','2024-10-11 09:00:43.593593',NULL,2500000,'농협카드',52,20),(72,'2024-09-09 00:00:00.000000','2024-10-11 09:00:49.343396',NULL,1000000,'농협카드',54,20),(73,'2024-09-09 00:00:00.000000','2024-10-11 09:00:51.917653',NULL,1000000,'농협카드',46,20),(74,'2024-09-10 00:00:00.000000','2024-10-11 09:01:16.401746',NULL,1000000,'농협카드',54,21),(75,'2024-09-10 00:00:00.000000','2024-10-11 09:01:19.209428',NULL,1000000,'농협카드',46,21),(76,'2024-09-10 00:00:00.000000','2024-10-11 09:01:25.192279',NULL,3000000,'농협카드',52,21),(77,'2024-09-11 00:00:00.000000','2024-10-11 09:01:41.142251',NULL,2000000,'농협카드',52,22),(78,'2024-09-11 00:00:00.000000','2024-10-11 09:01:47.239468',NULL,400000,'농협카드',54,22),(79,'2024-09-11 00:00:00.000000','2024-10-11 09:01:50.765710',NULL,400000,'농협카드',46,22),(80,'2024-09-12 00:00:00.000000','2024-10-11 09:02:22.638339',NULL,600000,'농협카드',46,23),(81,'2024-09-12 00:00:00.000000','2024-10-11 09:02:24.960287',NULL,600000,'농협카드',54,23),(82,'2024-09-12 00:00:00.000000','2024-10-11 09:02:30.279659',NULL,2000000,'농협카드',52,23),(83,'2024-09-13 00:00:00.000000','2024-10-11 09:02:53.013112',NULL,1000000,'농협카드',46,24),(84,'2024-09-13 00:00:00.000000','2024-10-11 09:02:55.482282',NULL,1000000,'농협카드',54,24),(85,'2024-09-13 00:00:00.000000','2024-10-11 09:03:02.529068',NULL,5000000,'농협카드',52,24),(86,'2024-09-14 00:00:00.000000','2024-10-11 09:03:25.784724',NULL,4000000,'농협카드',52,25),(87,'2024-09-14 00:00:00.000000','2024-10-11 09:03:31.809326',NULL,400000,'농협카드',46,25),(88,'2024-09-14 00:00:00.000000','2024-10-11 09:03:45.243189',NULL,400000,'농협카드',54,25),(89,'2024-09-15 00:00:00.000000','2024-10-11 09:04:06.424399',NULL,200000,'농협카드',54,26),(90,'2024-09-15 00:00:00.000000','2024-10-11 09:04:10.135499',NULL,200000,'농협카드',46,26),(91,'2024-09-15 00:00:00.000000','2024-10-11 09:04:14.786804',NULL,2000000,'농협카드',52,26),(92,'2024-09-16 00:00:00.000000','2024-10-11 09:04:35.083426',NULL,3000000,'농협카드',52,27),(93,'2024-09-16 00:00:00.000000','2024-10-11 09:04:39.982777',NULL,300000,'농협카드',54,27),(94,'2024-09-16 00:00:00.000000','2024-10-11 09:04:42.577930',NULL,300000,'농협카드',46,27),(95,'2024-09-17 00:00:00.000000','2024-10-11 09:05:03.640682',NULL,100000,'농협카드',46,28),(96,'2024-09-17 00:00:00.000000','2024-10-11 09:05:06.132566',NULL,100000,'농협카드',54,28),(97,'2024-09-17 00:00:00.000000','2024-10-11 09:05:11.093077',NULL,1500000,'농협카드',52,28),(98,'2024-09-18 00:00:00.000000','2024-10-11 09:05:38.726878',NULL,1200000,'농협카드',46,29),(99,'2024-09-18 00:00:00.000000','2024-10-11 09:05:42.217087',NULL,1200000,'농협카드',54,29),(100,'2024-09-18 00:00:00.000000','2024-10-11 09:05:51.311804',NULL,7000000,'농협카드',52,29),(101,'2024-09-19 00:00:00.000000','2024-10-11 09:06:11.412008',NULL,4000000,'농협카드',52,30),(102,'2024-09-19 00:00:00.000000','2024-10-11 09:06:16.166307',NULL,400000,'농협카드',54,30),(103,'2024-09-19 00:00:00.000000','2024-10-11 09:06:18.690421',NULL,400000,'농협카드',46,30),(104,'2024-09-20 00:00:00.000000','2024-10-11 09:06:30.508490',NULL,400000,'농협카드',46,31),(105,'2024-09-20 00:00:00.000000','2024-10-11 09:06:35.622299',NULL,400000,'농협카드',54,31),(106,'2024-09-20 00:00:00.000000','2024-10-11 09:06:39.729780',NULL,4500000,'농협카드',52,31),(107,'2024-09-21 00:00:00.000000','2024-10-11 09:07:03.656380',NULL,3200000,'농협카드',52,32),(108,'2024-09-21 00:00:00.000000','2024-10-11 09:07:09.199175',NULL,300000,'농협카드',46,32),(109,'2024-09-21 00:00:00.000000','2024-10-11 09:07:11.864804',NULL,300000,'농협카드',54,32),(110,'2024-09-22 00:00:00.000000','2024-10-11 09:07:47.402263',NULL,300000,'농협카드',54,33),(111,'2024-09-22 00:00:00.000000','2024-10-11 09:07:52.798766',NULL,300000,'농협카드',46,33),(112,'2024-09-22 00:00:00.000000','2024-10-11 09:07:58.274381',NULL,3500000,'농협카드',52,33),(113,'2024-09-23 00:00:00.000000','2024-10-11 09:08:22.669587',NULL,2500000,'농협카드',52,34),(114,'2024-09-23 00:00:00.000000','2024-10-11 09:08:28.482996',NULL,250000,'농협카드',54,34),(115,'2024-09-23 00:00:00.000000','2024-10-11 09:08:30.553448',NULL,250000,'농협카드',46,34),(116,'2024-09-24 00:00:00.000000','2024-10-11 09:08:53.508387',NULL,450000,'농협카드',46,35),(117,'2024-09-24 00:00:00.000000','2024-10-11 09:08:57.930792',NULL,450000,'농협카드',54,35),(118,'2024-09-24 00:00:00.000000','2024-10-11 09:09:04.763868',NULL,4500000,'농협카드',52,35),(119,'2024-09-25 00:00:00.000000','2024-10-11 09:09:30.120752',NULL,1500000,'농협카드',52,36),(120,'2024-09-25 00:00:00.000000','2024-10-11 09:09:34.339806',NULL,150000,'농협카드',54,36),(121,'2024-09-25 00:00:00.000000','2024-10-11 09:09:36.644658',NULL,150000,'농협카드',46,36),(122,'2024-09-26 00:00:00.000000','2024-10-11 09:09:59.099144',NULL,550000,'농협카드',46,37),(123,'2024-09-26 00:00:00.000000','2024-10-11 09:10:02.038448',NULL,550000,'농협카드',54,37),(124,'2024-09-26 00:00:00.000000','2024-10-11 09:10:06.003028',NULL,5500000,'농협카드',52,37),(125,'2024-09-27 00:00:00.000000','2024-10-11 09:10:32.594820',NULL,1300000,'농협카드',52,38),(126,'2024-09-27 00:00:00.000000','2024-10-11 09:10:37.400371',NULL,130000,'농협카드',54,38),(127,'2024-09-27 00:00:00.000000','2024-10-11 09:10:40.514754',NULL,130000,'농협카드',46,38),(128,'2024-09-28 00:00:00.000000','2024-10-11 09:11:04.949427',NULL,110000,'농협카드',46,39),(129,'2024-09-28 00:00:00.000000','2024-10-11 09:11:07.714948',NULL,110000,'농협카드',54,39),(130,'2024-09-28 00:00:00.000000','2024-10-11 09:11:13.884916',NULL,1100000,'농협카드',52,39),(131,'2024-09-29 00:00:00.000000','2024-10-11 09:11:40.404317',NULL,1700000,'농협카드',52,40),(132,'2024-09-29 00:00:00.000000','2024-10-11 09:11:45.475557',NULL,170000,'농협카드',46,40),(133,'2024-09-29 00:00:00.000000','2024-10-11 09:11:48.003583',NULL,170000,'농협카드',54,40),(134,'2024-09-30 00:00:00.000000','2024-10-11 09:12:20.253216',NULL,160000,'농협카드',54,41),(135,'2024-09-30 00:00:00.000000','2024-10-11 09:12:22.489413',NULL,160000,'농협카드',46,41),(136,'2024-09-30 00:00:00.000000','2024-10-11 09:12:26.604345',NULL,1600000,'농협카드',52,41),(137,'2024-09-01 00:00:00.000000','2024-10-11 09:13:44.887421',NULL,5000000,'농협카드',46,42),(138,'2024-09-02 00:00:00.000000','2024-10-11 09:14:13.666626',NULL,6000000,'농협카드',52,43),(139,'2024-09-03 00:00:00.000000','2024-10-11 09:14:29.104461',NULL,5000000,'농협카드',54,44),(140,'2024-09-04 00:00:00.000000','2024-10-11 09:14:47.999540',NULL,3000000,'농협카드',46,45),(141,'2024-09-05 00:00:00.000000','2024-10-11 09:15:08.251270',NULL,8000000,'농협카드',52,46),(142,'2024-09-06 00:00:00.000000','2024-10-11 09:15:24.671737',NULL,2000000,'농협카드',54,47),(143,'2024-09-07 00:00:00.000000','2024-10-11 09:15:42.006699',NULL,1000000,'농협카드',46,48),(144,'2024-09-08 00:00:00.000000','2024-10-11 09:15:59.612369',NULL,10000000,'농협카드',52,49),(145,'2024-09-09 00:00:00.000000','2024-10-11 09:16:16.699363',NULL,1000000,'농협카드',54,50),(146,'2024-09-10 00:00:00.000000','2024-10-11 09:16:50.549736',NULL,2000000,'농협카드',46,51),(147,'2024-09-11 00:00:00.000000','2024-10-11 09:17:16.472333',NULL,9000000,'농협카드',52,52),(148,'2024-09-12 00:00:00.000000','2024-10-11 09:17:31.221140',NULL,900000,'농협카드',54,53),(149,'2024-09-13 00:00:00.000000','2024-10-11 09:17:51.332091',NULL,1000000,'농협카드',46,54),(150,'2024-09-14 00:00:00.000000','2024-10-11 09:18:12.432919',NULL,4000000,'농협카드',52,55),(151,'2024-09-15 00:00:00.000000','2024-10-11 09:18:37.390555',NULL,1000000,'농협카드',54,56),(152,'2024-09-16 00:00:00.000000','2024-10-11 09:18:55.876999',NULL,3500000,'농협카드',46,57),(153,'2024-09-17 00:00:00.000000','2024-10-11 09:19:17.670912',NULL,7500000,'농협카드',52,58),(154,'2024-09-18 00:00:00.000000','2024-10-11 09:19:44.145936',NULL,1500000,'농협카드',54,59),(155,'2024-09-19 00:00:00.000000','2024-10-11 09:20:49.658206',NULL,5000000,'농협카드',52,60),(156,'2024-09-19 00:00:00.000000','2024-10-11 09:21:25.802445',NULL,5000000,'농협카드',52,61),(157,'2024-09-19 00:00:00.000000','2024-10-11 09:22:13.341716',NULL,5000000,'농협카드',54,61),(158,'2024-09-19 00:00:00.000000','2024-10-11 09:22:22.120305',NULL,5000000,'농협카드',54,60),(159,'2024-10-11 09:34:25.734060','2024-10-11 09:34:25.734060',NULL,500000000,'농협카드',46,72);
/*!40000 ALTER TABLE `funding_participants` ENABLE KEYS */;
UNLOCK TABLES;

--
-- Table structure for table `funding_reviews`
--

DROP TABLE IF EXISTS `funding_reviews`;
/*!40101 SET @saved_cs_client     = @@character_set_client */;
/*!50503 SET character_set_client = utf8mb4 */;
CREATE TABLE `funding_reviews` (
  `review_idx` int NOT NULL AUTO_INCREMENT,
  `created_date` datetime(6) NOT NULL,
  `modified_date` datetime(6) NOT NULL,
  `review_content` varchar(6000) NOT NULL,
  `funding_idx` int NOT NULL,
  `review_content_image` varchar(2048) DEFAULT NULL,
  PRIMARY KEY (`review_idx`),
  UNIQUE KEY `UKhc5px8ji2g3jlrejaef5spvw5` (`funding_idx`),
  CONSTRAINT `FKfr2ihqac248v49brmp68y7qww` FOREIGN KEY (`funding_idx`) REFERENCES `fundings` (`funding_idx`)
) ENGINE=InnoDB AUTO_INCREMENT=2 DEFAULT CHARSET=utf8mb4 COLLATE=utf8mb4_0900_ai_ci;
/*!40101 SET character_set_client = @saved_cs_client */;

--
-- Dumping data for table `funding_reviews`
--

LOCK TABLES `funding_reviews` WRITE;
/*!40000 ALTER TABLE `funding_reviews` DISABLE KEYS */;
INSERT INTO `funding_reviews` VALUES (1,'2024-10-11 09:29:40.990928','2024-10-11 09:29:40.990928','제목: \"여러분의 사랑으로 새 삶을 얻은 유기견들의 이야기\"\n\n안녕하세요, 유기견 보호소 \'희망의 발자국\'입니다.\n\n먼저, 저희 보호소의 유기견들을 위해 모금에 참여해 주신 모든 분들께 진심으로 감사드립니다. 여러분의 따뜻한 마음과 후원 덕분에 저희가 목표했던 금액을 무사히 달성할 수 있었습니다. 이 글을 통해 후원금이 어떻게 사용되었는지, 그리고 유기견들의 삶이 어떻게 변화했는지 자세히 알려드리고자 합니다.\n\n1. 의료 지원\n후원금의 40%는 긴급한 의료 처치가 필요했던 유기견들의 치료에 사용되었습니다. 교통사고로 다리를 다친 \'해피\'와 심장질환을 앓고 있던 \'러브\'는 성공적으로 수술을 받았고, 현재 건강을 회복해가고 있습니다. 또한, 모든 보호 중인 강아지들의 예방접종과 중성화 수술도 완료했습니다.\n\n2. 시설 개선\n30%의 후원금으로 낡은 보호소 시설을 개선했습니다. 겨울철 추위를 막기 위한 난방 시설을 설치하고, 여름을 대비한 에어컨도 새로 마련했습니다. 강아지들이 뛰어놀 수 있는 야외 운동장도 확장하여 더 쾌적한 환경에서 생활할 수 있게 되었습니다.\n\n3. 사료와 용품 구입\n20%는 고품질 사료와 필요한 용품 구입에 사용되었습니다. 영양가 높은 사료로 강아지들의 건강이 눈에 띄게 좋아졌고, 새 장난감과 담요로 더욱 편안한 생활을 할 수 있게 되었습니다.\n\n4. 입양 프로그램\n나머지 10%는 입양 프로그램 운영에 투자했습니다. 입양 홍보물 제작, 입양 전 교육 세션 개최, 그리고 입양 후 관리 프로그램을 통해 많은 강아지들이 새로운 가족을 만날 수 있었습니다.\n\n여러분의 후원 덕분에 지난 3개월 동안 총 50마리의 유기견들이 새 삶을 찾았습니다. \'초코\'는 3년간의 보호소 생활 끝에 마침내 가족을 만났고, \'별이\'는 시각장애에도 불구하고 그를 있는 그대로 사랑해주는 주인을 만나 행복하게 지내고 있습니다.\n\n아직 새 가족을 기다리는 강아지들도 있지만, 이제 그들은 더 나은 환경에서 건강하게 지내며 자신의 주인을 기다리고 있습니다. 여러분의 후원이 이 아이들에게 얼마나 큰 희망과 기쁨이 되었는지 말로 다 표현할 수 없습니다.\n\n앞으로도 저희 \'희망의 발자국\'은 유기견들이 행복한 삶을 살 수 있도록 최선을 다하겠습니다. 여러분의 지속적인 관심과 사랑 부탁드립니다. 다시 한번 진심으로 감사드립니다.\n\n함께해 주셔서 감사합니다. 여러분은 이 아이들의 영웅입니다. ❤️🐾\n\n\'희망의 발자국\' 일동 올림',54,'https://d21hr323cyxfck.cloudfront.net/public/posts/contents/fd65a94c-0086-45d0-b0a0-f70c6f1437ce.jfif');
/*!40000 ALTER TABLE `funding_reviews` ENABLE KEYS */;
UNLOCK TABLES;

--
-- Table structure for table `fundings`
--

DROP TABLE IF EXISTS `fundings`;
/*!40101 SET @saved_cs_client     = @@character_set_client */;
/*!50503 SET character_set_client = utf8mb4 */;
CREATE TABLE `fundings` (
  `funding_idx` int NOT NULL AUTO_INCREMENT,
  `created_date` datetime(6) NOT NULL,
  `modified_date` datetime(6) NOT NULL,
  `end_date` date NOT NULL,
  `funding_content` varchar(6000) NOT NULL,
  `funding_thumbnail` varchar(2048) DEFAULT NULL,
  `funding_title` varchar(30) NOT NULL,
  `funding_type` char(1) NOT NULL,
  `goal_money` int NOT NULL,
  `is_deleted` bit(1) NOT NULL,
  `start_date` date NOT NULL,
  `state` tinyint NOT NULL,
  `total_money` int NOT NULL,
  `corporation_idx` int NOT NULL,
  `funding_content_image` varchar(2048) DEFAULT NULL,
  PRIMARY KEY (`funding_idx`),
  KEY `FK60760m7eryna2ir79sfkq7fs7` (`corporation_idx`),
  CONSTRAINT `FK60760m7eryna2ir79sfkq7fs7` FOREIGN KEY (`corporation_idx`) REFERENCES `users` (`user_idx`)
) ENGINE=InnoDB AUTO_INCREMENT=55 DEFAULT CHARSET=utf8mb4 COLLATE=utf8mb4_0900_ai_ci;
/*!40101 SET character_set_client = @saved_cs_client */;

--
-- Dumping data for table `fundings`
--

LOCK TABLES `fundings` WRITE;
/*!40000 ALTER TABLE `fundings` DISABLE KEYS */;
INSERT INTO `fundings` VALUES (2,'2024-10-08 10:06:38.581603','2024-10-11 01:37:30.530930','2024-10-07','강원도 인제시는 최근 발생한 산불로 인해 심각한 피해를 입었습니다. 우리 시의 많은 주민들이 삶의 터전을 잃고, 산림과 주택, 시설이 파손되어 큰 어려움을 겪고 있습니다. 이에 인제시는 산불 피해 복구를 위한 거버먼트 펀딩 참여를 간곡히 요청드립니다.','https://d21hr323cyxfck.cloudfront.net/public/posts/thumbnails/6f60bd39-e029-44fc-aa93-9246141a6d7f.jpg','산불 피해로 입은 사람들을 도와주세요.','D',1000000,_binary '\0','2024-10-06',2,880000,3,'https://d21hr323cyxfck.cloudfront.net/public/posts/contents/a459e6c0-bbfb-4d2c-b6be-a581b10612d7.jfif'),(34,'2024-10-10 17:08:11.943452','2024-10-10 22:38:13.424633','2024-12-31','전남 보성군은 최근 발생한 기록적인 폭우로 인해 심각한 홍수 피해를 입었습니다.우리 군의 많은 주민들이 삶의 터전을 잃고, 농작물과 시설이 파손되어 큰 어려움을 겪고 있습니다. 이에 보성군은 거버먼트 펀딩 참여를 간곡히 요청드립니다.우리 보성군은 녹차의 고장으로 대한민국 경제와 문화에 기여해 왔습니다. 이번 위기를 극복하고 다시 일어설 수 있도록 정부와 국민 여러분의 따뜻한 관심과 지원을 간곡히 부탁드립니다.','https://d21hr323cyxfck.cloudfront.net/public/posts/thumbnails/d7b0702f-b868-4a4b-b4cc-509e9a6d60cc.jfif','홍수 피해로 입은 전남 보성군을 도와주세요','D',1000000000,_binary '\0','2024-10-01',1,150100000,63,'https://d21hr323cyxfck.cloudfront.net/public/posts/contents/f39252c4-4ab5-4148-8298-eee8a3e15b6a.jfif'),(35,'2024-10-10 17:15:40.743669','2024-10-10 22:41:38.723352','2024-11-30','전남 보성군은 최근 심각한 저출산 문제로 인해 어린이집 운영에 큰 어려움을 겪고 있습니다. 신생아 수가 급격히 감소함에 따라 우리 군의 많은 어린이집들이 폐원 위기에 처해 있으며, 이로 인해 남아있는 어린이들이 갈 곳을 잃고 있습니다. 이에 보성군은 정부 지원 펀딩 참여를 간곡히 요청드립니다.','https://d21hr323cyxfck.cloudfront.net/public/posts/thumbnails/0f6061aa-38de-4203-8de1-84429ba6eb9a.jfif','폐원 위기의 어린이집을 도와주세요.','R',300000000,_binary '\0','2024-09-01',1,250000000,63,'https://d21hr323cyxfck.cloudfront.net/public/posts/contents/253beb73-4b8b-4755-bcd9-d9ce670938b9.jfif'),(36,'2024-10-10 17:21:22.260532','2024-10-10 22:38:31.622669','2024-10-31','경남 하동군은 최근 발생한 기록적인 폭우로 인해 심각한 산사태 피해를 입었습니다. 우리 군의 많은 주민들이 삶의 터전을 잃고, 주택과 농경지가 매몰되어 큰 어려움을 겪고 있습니다. 이에 하동군은 정부 지원 펀딩 참여를 간곡히 요청드립니다.','https://d21hr323cyxfck.cloudfront.net/public/posts/thumbnails/40d72a47-d327-4b00-826a-e53b31e477c4.jfif','산사태로 피해를 입은 하동군을 도와주세요.','D',500000000,_binary '\0','2024-08-01',1,250000000,64,'https://d21hr323cyxfck.cloudfront.net/public/posts/contents/414bcc7c-9b4c-4df4-a3e4-67b5c45148a9.jfif'),(37,'2024-10-10 17:24:13.147321','2024-10-11 02:28:56.744716','2024-10-31','경남 하동군은 고령화 사회에 접어들면서 어르신들을 위한 복지 시설 확충이 시급한 상황입니다. 특히, 우리 군의 많은 어르신들이 편안히 쉬고 소통할 수 있는 경로당이 부족하여 큰 어려움을 겪고 있습니다. 이에 하동군은 경로당 건립을 위한 정부 지원 펀딩 참여를 간곡히 요청드립니다.','https://d21hr323cyxfck.cloudfront.net/public/posts/thumbnails/1a7a15ba-dc28-4bee-82a1-e41c0dbdf7fb.jpg','고령화로 접어든 하동에 경로당을 지어주세요.','R',200000000,_binary '\0','2024-08-01',1,200050000,64,'https://d21hr323cyxfck.cloudfront.net/public/posts/contents/1fd44012-6c1f-4bb5-814e-5ae9f592b428.jpg'),(38,'2024-10-10 17:27:16.846877','2024-10-10 22:40:59.884369','2024-10-15','경북 문경시는 최근 발생한 극심한 가뭄으로 인해 심각한 피해를 입고 있습니다. 우리 시의 많은 농민들이 농작물 피해로 생계에 위협을 받고 있으며, 시민들 또한 심각한 물 부족으로 큰 어려움을 겪고 있습니다. 이에 문경시는 정부 지원 펀딩 참여를 간곡히 요청드립니다.','https://d21hr323cyxfck.cloudfront.net/public/posts/thumbnails/116940fa-7e58-42bc-a86b-95b70b52b561.jpg','가뭄으로 피해입은 문경시를 도와주세요.','D',700000000,_binary '\0','2024-07-01',1,700000000,65,'https://d21hr323cyxfck.cloudfront.net/public/posts/contents/1a9b53bf-8e26-42e2-b8d6-547b5e4baf7e.jpg'),(39,'2024-10-10 17:46:33.070601','2024-10-10 22:42:02.656129','2024-12-31','경북 문경시는 풍부한 자연환경으로 다양한 야생동물들의 서식지로 알려져 왔습니다. 그러나 최근 도시화와 기후변화로 인해 이들의 생존이 위협받고 있습니다. 우리 시의 생태계 균형을 유지하고 멸종위기 야생동물을 보호하기 위해 많은 노력이 필요한 상황입니다. 이에 문경시는 야생동물 보호기금 마련을 위한 정부 지원 펀딩 참여를 간곡히 요청드립니다.','https://d21hr323cyxfck.cloudfront.net/public/posts/thumbnails/b3169e90-eb8b-45fb-af06-634061d1e05b.jpg','야생동물보호 기금에 참여해주세요.','R',50000000,_binary '\0','2024-06-01',1,150000000,65,'https://d21hr323cyxfck.cloudfront.net/public/posts/contents/9c7925d8-ff11-43f2-8483-2adc9ba6fa3a.jpg'),(40,'2024-10-10 20:32:07.512610','2024-10-10 22:39:13.055944','2024-10-31','강원도 태백시는 최근 발생한 기록적인 폭우로 인해 심각한 산사태 피해를 입었습니다. 우리 시의 많은 주민들이 삶의 터전을 잃고, 주택과 시설이 파손되어 큰 어려움을 겪고 있습니다. 이에 태백시는 거버먼트 펀딩 참여를 간곡히 요청드립니다. ','https://d21hr323cyxfck.cloudfront.net/public/posts/thumbnails/8beaeba6-51c9-43a6-b3f1-713a9095aa72.jpg','태백시 산사태 복구를 도와주세요.','D',300000000,_binary '\0','2024-09-01',1,100000000,66,'https://d21hr323cyxfck.cloudfront.net/public/posts/contents/bcf6f764-c64e-46f1-91a8-d681088841ad.jpg'),(41,'2024-10-10 20:37:19.192176','2024-10-10 22:42:23.966589','2024-12-31','강원도 태백시는 지역 주민들의 건강과 복지를 위해 소아과 병원을 유치하고자 합니다. 우리 시의 많은 가정들이 자녀의 건강 문제로 인해 타 지역으로 이동해야 하는 불편을 겪고 있으며, 이는 큰 어려움으로 다가오고 있습니다. 이에 태백시는 소아과 병원 유치를 위한 정부의 지원과 국민 여러분의 관심을 간곡히 요청드립니다.','https://d21hr323cyxfck.cloudfront.net/public/posts/thumbnails/5e111e6c-6388-4147-9ece-e9877ae08e42.jpg','태백시에 소아과를 선물해주세요.','R',2000000000,_binary '\0','2024-01-01',1,200000000,66,'https://d21hr323cyxfck.cloudfront.net/public/posts/contents/26d2b73f-b8f6-44f6-b8ca-e66cf759fac1.jpg'),(42,'2024-10-10 20:44:50.218127','2024-10-11 04:16:24.695247','2024-12-31','충북 보은군은 최근 발생한 태풍으로 인해 심각한 피해를 입었습니다. 우리 군의 많은 주민들이 삶의 터전을 잃고, 농작물과 시설이 파손되어 큰 어려움을 겪고 있습니다. 이에 보은군은 피해 복구를 위한 거버먼트 펀딩 참여를 간곡히 요청드립니다.','https://d21hr323cyxfck.cloudfront.net/public/posts/thumbnails/24de9178-fff8-4024-b0c8-e46d5124aa73.jpg','보은군의 태풍 피해복구에 동참해 주세요.','D',500000000,_binary '\0','2024-07-01',1,450150000,67,'https://d21hr323cyxfck.cloudfront.net/public/posts/contents/2d44a27a-fd0b-4aa4-90f1-82d60d271a56.jpg'),(43,'2024-10-10 20:48:28.387396','2024-10-10 22:42:36.439547','2024-12-31','충북 보은군은 지역 경제 활성화를 위해 전통시장 발전에 힘쓰고 있습니다. 우리 군의 많은 상인들이 어려운 환경 속에서도 전통을 이어가며 지역 경제에 기여하고 있습니다. 이에 보은군은 전통시장 활성화를 위한 정부의 지원과 거버먼트 펀딩 참여를 간곡히 요청드립니다.','https://d21hr323cyxfck.cloudfront.net/public/posts/thumbnails/164801df-533d-4cb4-b411-6b04e5b9b554.jpg','보은군 전통시장 발전에 참여해주세요.','R',1000000000,_binary '\0','2024-01-01',1,900000000,67,'https://d21hr323cyxfck.cloudfront.net/public/posts/contents/76837755-6fde-4836-8cfa-0f0ff97a5bc6.jpg'),(44,'2024-10-10 20:54:02.264242','2024-10-10 22:39:40.631068','2024-12-31','충남 보령시는 최근 발생한 기록적인 폭우로 인해 심각한 피해를 입었습니다. 우리 시의 많은 주민들이 삶의 터전을 잃고, 농작물과 시설이 파손되어 큰 어려움을 겪고 있습니다. 이에 보령시는 피해 복구를 위한 거버먼트 펀딩 참여를 간곡히 요청드립니다.','https://d21hr323cyxfck.cloudfront.net/public/posts/thumbnails/6bc47090-0364-460f-a41c-8b3855927e34.jpg','보령시의 폭우 피해 복구에 동참에 주세요.','D',800000000,_binary '\0','2024-08-01',1,500000000,68,'https://d21hr323cyxfck.cloudfront.net/public/posts/contents/0c173510-41da-4097-b50b-ce3d2c3ed780.jpg'),(45,'2024-10-10 20:56:31.787648','2024-10-10 22:42:50.682868','2024-12-31','충남 보령시는 저소득층 주민들의 어려움을 해결하기 위해 다양한 지원을 마련하고자 합니다. 우리 시의 많은 가정들이 경제적 어려움으로 인해 힘든 상황에 처해 있으며, 생활 기반이 불안정한 상태입니다. 이에 보령시는 저소득층 지원을 위한 거버먼트 펀딩 참여를 간곡히 요청드립니다.','https://d21hr323cyxfck.cloudfront.net/public/posts/thumbnails/423b7845-69e3-43a8-aecb-d452f2b0cfcf.jpg','저소득층 가구에 기부해주세요.','R',1500000000,_binary '\0','2024-01-01',1,500000000,68,'https://d21hr323cyxfck.cloudfront.net/public/posts/contents/3876f0ba-cc7d-4794-b161-2383d1b43a3d.jpg'),(46,'2024-10-11 00:12:05.527706','2024-10-11 09:34:25.749578','2024-12-31','친애하는 여러분,\n\n최근 발생한 대규모 산불로 인해 우리의 소중한 숲과 야생동물들이 큰 피해를 입었습니다.\n지금 이 순간에도 많은 이들이 고통받고 있으며, 우리의 도움이 절실히 필요합니다.\n\n이에 우리는 [숲 다시 살리기] 긴급 모금 캠페인을 시작합니다. 여러분의 후원금은 다음과 같이 사용될 예정입니다:\n\n1. 산불 진화 및 2차 피해 방지 활동 지원\n2. 피해 지역 주민들을 위한 긴급 구호물품 제공\n3. 산림 복구 및 생태계 회복 프로젝트 추진\n4. 야생동물 구조 및 보호 활동 지원\n\n작은 정성이 모여 큰 힘이 됩니다. 여러분의 따뜻한 마음과 후원으로 우리의 숲을 되살리고, 피해 지역 주민들에게 희망을 전할 수 있습니다.\n\n후원 방법: [save.our.mountain]\n\n함께 힘을 모아 우리의 숲을 지켜주세요. 여러분의 관심과 참여에 진심으로 감사드립니다.\n\n추가 정보가 필요하시거나 다른 방식으로 도움을 주고 싶으시다면 언제든 연락 주시기 바랍니다.','https://d21hr323cyxfck.cloudfront.net/public/posts/thumbnails/fa0562e8-04b9-4bc5-92ec-5562f3aaae10.jpg','전북 임실군의 숲을 지켜주세요','D',1500000000,_binary '\0','2024-09-01',1,531170000,62,'https://d21hr323cyxfck.cloudfront.net/public/posts/contents/99912777-4088-42ee-a102-fe086b947652.jpg'),(47,'2024-10-11 00:17:49.662582','2024-10-11 00:18:33.313185','2024-10-14','<ul class=\"intro_lst editor_base\" style=\"margin: 0px; padding: 0px; list-style: none; overflow: hidden; line-height: 1.5; font-family: NanumBarunGothic, 나눔바른고딕, &quot;Nanum Barun Gothic&quot;, sans-serif; font-size: 16px; white-space-collapse: collapse; background-color: rgb(255, 255, 255);\"><li style=\"margin: 38px 0px 0px; padding: 0px;\"><dl style=\"margin: 0px; padding: 0px;\"><dt id=\"paragraphTitle\" style=\"margin: 0px; padding: 0px; font-weight: 700; font-size: 20px; color: rgb(68, 68, 68); line-height: 30px; letter-spacing: 1px;\">서울의 15% 넘는 면적이 물에 잠겼습니다.</dt><dd id=\"paragraphContent\" style=\"margin: 16px 0px 0px; padding: 0px; font-size: 18px; color: rgb(102, 102, 102); line-height: 32px; text-align: justify; letter-spacing: -0.01px;\">추석 연휴가 끝나자마자, 남부 지역을 중심으로 매우 강하고 많은 비가 쏟아졌습니다. 21일 하루에만, 부산 대부분 지역과 경남 창원시에 400㎜ 안팎의 폭우가 내렸습니다. 1년 강수량의 25%가량이 단 하루 만에 내리면서, 집과 도로, 축사와 건물 등 서울 면적의 15% 이상이 침수됐습니다. 거센 비바람을 피해 많은 이웃들이 집을 버리고 대피소로 몸을 피했습니다. 전남, 부산, 그리고 경남 등지에서 1,841세대, 2,626명이 집을 떠나 잠 못 이루는 밤을 보내야 했습니다.</dd></dl></li><li style=\"margin: 38px 0px 0px; padding: 0px;\"><dl style=\"margin: 0px; padding: 0px;\"><dt id=\"paragraphTitle\" style=\"margin: 0px; padding: 0px; font-weight: 700; font-size: 20px; color: rgb(68, 68, 68); line-height: 30px; letter-spacing: 1px;\">비는 그쳤지만, 복구에는 긴 시간이 걸립니다.</dt><dd id=\"paragraphContent\" style=\"margin: 16px 0px 0px; padding: 0px; font-size: 18px; color: rgb(102, 102, 102); line-height: 32px; text-align: justify; letter-spacing: -0.01px;\">비가 그친 지금도 많은 분이 귀가하지 못하고 있으며, 집이 비에 잠긴 500여 세대는 피해를 복구할 때까지 기약 없는 대피소 생활을 해야 합니다. 급하게 몸만 피한 이재민들은 길게는 몇 달까지도 낯선 곳에서 기본적인 생활용품만으로 지내야 합니다. 삶의 터전에서 집과 가게에 쏟아진 토사를 치우고, 물기를 빼는 데에만 몇 달이 걸리기 때문입니다. 몇 달이 지나 집과 가게를 사용할 수 있게 되더라도 비 피해 이전의 삶으로 돌아가기까지 또다시 몇 달, 몇 년이라는 시간이 걸립니다.<br></dd></dl></li><li style=\"margin: 38px 0px 0px; padding: 0px;\"><dl style=\"margin: 0px; padding: 0px;\"><dt id=\"paragraphTitle\" style=\"margin: 0px; padding: 0px; font-weight: 700; font-size: 20px; color: rgb(68, 68, 68); line-height: 30px; letter-spacing: 1px;\">우리 이웃들을 도와주세요!</dt><dd id=\"paragraphContent\" style=\"margin: 16px 0px 0px; padding: 0px; font-size: 18px; color: rgb(102, 102, 102); line-height: 32px; text-align: justify; letter-spacing: -0.01px;\">곧 겨울이 찾아옵니다.&nbsp;기부해 주신 성금은 이재민분들에게 주택 복구와 일상 회복을 위한 위로금으로 전달되고, 긴급 구호물자를 전달하는 데에 사용됩니다. 실의에 빠진 이웃들이 하루빨리 일상으로 돌아갈 수 있도록 여러분의 따뜻한 마음을 나누어 주세요.<br><br>*긴급구호 모금 특성상, 이번 수해 피해 규모 추이에 따라 지역 지원 상황에 맞춰 모금 목표액은 증액될 수 있으며 사용 계획은 추후 더 구체화될 예정입니다.</dd></dl></li><li style=\"margin: 38px 0px 0px; padding: 0px;\"><div class=\"rel_cont\" style=\"margin: 0px; padding-top: 0px; line-height: 1.5; letter-spacing: 1px;\"></div></li></ul>','https://d21hr323cyxfck.cloudfront.net/public/posts/thumbnails/5f53ba61-9fb4-4963-a325-123dc8566511.PNG','극한호우로 일상을 잃은 이웃들 힘이 되어 주세요.','D',100000000,_binary '','2024-10-12',0,0,3,'https://d21hr323cyxfck.cloudfront.net/public/posts/contents/059496ba-cd8a-4469-8251-581459d8646a.PNG'),(48,'2024-10-11 00:19:59.080298','2024-10-11 00:28:01.193460','2024-10-14','<p>서울의 15% 넘는 면적이 물에 잠겼습니다.<br>추석 연휴가 끝나자마자, 남부 지역을 중심으로 매우 강하고 많은 비가 쏟아졌습니다. 21일 하루에만, 부산 대부분 지역과 경남 창원시에 400㎜ 안팎의 폭우가 내렸습니다. 1년 강수량의 25%가량이 단 하루 만에 내리면서, 집과 도로, 축사와 건물 등 서울 면적의 15% 이상이 침수됐습니다. 거센 비바람을 피해 많은 이웃들이 집을 버리고 대피소로 몸을 피했습니다. 전남, 부산, 그리고 경남 등지에서 1,841세대, 2,626명이 집을 떠나 잠 못 이루는 밤을 보내야 했습니다.</p><p>비는 그쳤지만, 복구에는 긴 시간이 걸립니다.<br>비가 그친 지금도 많은 분이 귀가하지 못하고 있으며, 집이 비에 잠긴 500여 세대는 피해를 복구할 때까지 기약 없는 대피소 생활을 해야 합니다. 급하게 몸만 피한 이재민들은 길게는 몇 달까지도 낯선 곳에서 기본적인 생활용품만으로 지내야 합니다. 삶의 터전에서 집과 가게에 쏟아진 토사를 치우고, 물기를 빼는 데에만 몇 달이 걸리기 때문입니다. 몇 달이 지나 집과 가게를 사용할 수 있게 되더라도 비 피해 이전의 삶으로 돌아가기까지 또다시 몇 달, 몇 년이라는 시간이 걸립니다.</p><p>우리 이웃들을 도와주세요!<br>곧 겨울이 찾아옵니다. 희망브리지 전국재해구호협회는 지난 20일부터 재난상황실을 가동해 만약의 사태를 대비했습니다. 행정안전부, 지자체와 긴밀하게 협업하면서, 경남 함양과 경기 파주의 재해구호물류센터에서는 구호물자를 출고하고 있습니다. 희망브리지는 지난 63년 동안 해왔던 것처럼, 이번에도 재난 피해 이웃들의 조속한 일상 복귀를 위해 최선을 다하겠습니다.</p><p>기부해 주신 성금은 이재민분들에게 주택 복구와 일상 회복을 위한 위로금으로 전달되고, 긴급 구호물자를 전달하는 데에 사용됩니다. 실의에 빠진 이웃들이 하루빨리 일상으로 돌아갈 수 있도록 여러분의 따뜻한 마음을 나누어 주세요.</p><p>*긴급구호 모금 특성상, 이번 수해 피해 규모 추이에 따라 지역 지원 상황에 맞춰 모금 목표액은 증액될 수 있으며 사용 계획은 추후 더 구체화될 예정입니다.</p>','https://d21hr323cyxfck.cloudfront.net/public/posts/thumbnails/a9bbcd7e-db3f-445b-b992-8793ca797010.PNG','극한호우로 일상을 잃은 이웃들 힘이 되어 주세요.','D',100000000,_binary '','2024-10-12',0,0,3,'https://d21hr323cyxfck.cloudfront.net/public/posts/contents/8359cb0e-4318-44d5-88b6-da5b87a0485a.PNG'),(49,'2024-10-11 00:29:06.652225','2024-10-11 00:30:42.354097','2024-10-15','<p>서울의 15% 넘는 면적이 물에 잠겼습니다.<br>추석 연휴가 끝나자마자, 남부 지역을 중심으로 매우 강하고 많은 비가 쏟아졌습니다. 21일 하루에만, 부산 대부분 지역과 경남 창원시에 400㎜ 안팎의 폭우가 내렸습니다. 1년 강수량의 25%가량이 단 하루 만에 내리면서, 집과 도로, 축사와 건물 등 서울 면적의 15% 이상이 침수됐습니다. 거센 비바람을 피해 많은 이웃들이 집을 버리고 대피소로 몸을 피했습니다. 전남, 부산, 그리고 경남 등지에서 1,841세대, 2,626명이 집을 떠나 잠 못 이루는 밤을 보내야 했습니다.</p><p>비는 그쳤지만, 복구에는 긴 시간이 걸립니다.<br>비가 그친 지금도 많은 분이 귀가하지 못하고 있으며, 집이 비에 잠긴 500여 세대는 피해를 복구할 때까지 기약 없는 대피소 생활을 해야 합니다. 급하게 몸만 피한 이재민들은 길게는 몇 달까지도 낯선 곳에서 기본적인 생활용품만으로 지내야 합니다. 삶의 터전에서 집과 가게에 쏟아진 토사를 치우고, 물기를 빼는 데에만 몇 달이 걸리기 때문입니다. 몇 달이 지나 집과 가게를 사용할 수 있게 되더라도 비 피해 이전의 삶으로 돌아가기까지 또다시 몇 달, 몇 년이라는 시간이 걸립니다.</p><p>우리 이웃들을 도와주세요!<br>곧 겨울이 찾아옵니다. 희망브리지 전국재해구호협회는 지난 20일부터 재난상황실을 가동해 만약의 사태를 대비했습니다. 행정안전부, 지자체와 긴밀하게 협업하면서, 경남 함양과 경기 파주의 재해구호물류센터에서는 구호물자를 출고하고 있습니다. 희망브리지는 지난 63년 동안 해왔던 것처럼, 이번에도 재난 피해 이웃들의 조속한 일상 복귀를 위해 최선을 다하겠습니다.</p><p>기부해 주신 성금은 이재민분들에게 주택 복구와 일상 회복을 위한 위로금으로 전달되고, 긴급 구호물자를 전달하는 데에 사용됩니다. 실의에 빠진 이웃들이 하루빨리 일상으로 돌아갈 수 있도록 여러분의 따뜻한 마음을 나누어 주세요.</p><p>*긴급구호 모금 특성상, 이번 수해 피해 규모 추이에 따라 지역 지원 상황에 맞춰 모금 목표액은 증액될 수 있으며 사용 계획은 추후 더 구체화될 예정입니다.</p>',NULL,'테스트','D',10000000,_binary '','2024-10-13',0,0,3,NULL),(50,'2024-10-11 00:31:18.535915','2024-10-11 00:31:33.217943','2024-10-15','서울의 15% 넘는 면적이 물에 잠겼습니다.\n추석 연휴가 끝나자마자, 남부 지역을 중심으로 매우 강하고 많은 비가 쏟아졌습니다. 21일 하루에만, 부산 대부분 지역과 경남 창원시에 400㎜ 안팎의 폭우가 내렸습니다. 1년 강수량의 25%가량이 단 하루 만에 내리면서, 집과 도로, 축사와 건물 등 서울 면적의 15% 이상이 침수됐습니다. 거센 비바람을 피해 많은 이웃들이 집을 버리고 대피소로 몸을 피했습니다. 전남, 부산, 그리고 경남 등지에서 1,841세대, 2,626명이 집을 떠나 잠 못 이루는 밤을 보내야 했습니다.\n\n비는 그쳤지만, 복구에는 긴 시간이 걸립니다.\n비가 그친 지금도 많은 분이 귀가하지 못하고 있으며, 집이 비에 잠긴 500여 세대는 피해를 복구할 때까지 기약 없는 대피소 생활을 해야 합니다. 급하게 몸만 피한 이재민들은 길게는 몇 달까지도 낯선 곳에서 기본적인 생활용품만으로 지내야 합니다. 삶의 터전에서 집과 가게에 쏟아진 토사를 치우고, 물기를 빼는 데에만 몇 달이 걸리기 때문입니다. 몇 달이 지나 집과 가게를 사용할 수 있게 되더라도 비 피해 이전의 삶으로 돌아가기까지 또다시 몇 달, 몇 년이라는 시간이 걸립니다.\n\n우리 이웃들을 도와주세요!\n곧 겨울이 찾아옵니다. 희망브리지 전국재해구호협회는 지난 20일부터 재난상황실을 가동해 만약의 사태를 대비했습니다. 행정안전부, 지자체와 긴밀하게 협업하면서, 경남 함양과 경기 파주의 재해구호물류센터에서는 구호물자를 출고하고 있습니다. 희망브리지는 지난 63년 동안 해왔던 것처럼, 이번에도 재난 피해 이웃들의 조속한 일상 복귀를 위해 최선을 다하겠습니다.\n\n기부해 주신 성금은 이재민분들에게 주택 복구와 일상 회복을 위한 위로금으로 전달되고, 긴급 구호물자를 전달하는 데에 사용됩니다. 실의에 빠진 이웃들이 하루빨리 일상으로 돌아갈 수 있도록 여러분의 따뜻한 마음을 나누어 주세요.\n',NULL,'집중 호우로 힘든 이웃에게 힘을','D',1000000,_binary '','2024-10-13',0,0,3,NULL),(51,'2024-10-11 00:41:45.597206','2024-10-11 09:25:17.870327','2024-10-16','<ul class=\"intro_lst editor_base\" style=\"margin: 0px; padding: 0px; list-style: none; overflow: hidden; line-height: 1.5; background-color: rgb(255, 255, 255);\"><li style=\"margin: 0px; padding: 0px;\"><dl style=\"margin: 0px; padding: 0px;\"><dt id=\"paragraphTitle\" style=\"margin: 0px; padding: 0px; line-height: 30px;\"></dt><dt id=\"paragraphTitle\" style=\"margin: 0px; padding: 0px; line-height: 30px;\"><font color=\"#444444\" face=\"NanumBarunGothic, 나눔바른고딕, Nanum Barun Gothic, sans-serif\"><span style=\"font-size: 20px; letter-spacing: 1px; white-space-collapse: collapse;\"><b>몹시 추울 것으로 예상되는 올해 겨울</b></span></font></dt><dt id=\"paragraphTitle\" style=\"margin: 0px; padding: 0px; line-height: 30px;\"><font color=\"#444444\" face=\"NanumBarunGothic, 나눔바른고딕, Nanum Barun Gothic, sans-serif\"><span style=\"font-size: 20px; letter-spacing: 1px; white-space-collapse: collapse;\"><b>몹시 더웠던 올해 여름이 지나가고 날씨가 점점 쌀쌀해지면서 겨울이 성큼 다가오고 있다는 것을 느끼고 있습니다. 기상청은 적도 동태평양에서 저수온이 이어지는 라니냐 현상이 계속되면서 한반도로 찬 공기가 유입될 가능성이 크며, 올해 겨울에는 2021년도 영하 18도의 한파가 다시 찾아올 것이라고 예측하고 있습니다.</b></span></font></dt><dt id=\"paragraphTitle\" style=\"margin: 0px; padding: 0px; line-height: 30px;\"><font color=\"#444444\" face=\"NanumBarunGothic, 나눔바른고딕, Nanum Barun Gothic, sans-serif\"><span style=\"font-size: 20px; letter-spacing: 1px; white-space-collapse: collapse;\"><b><br></b></span></font></dt><dt id=\"paragraphTitle\" style=\"margin: 0px; padding: 0px; line-height: 30px;\"><font color=\"#444444\" face=\"NanumBarunGothic, 나눔바른고딕, Nanum Barun Gothic, sans-serif\"><span style=\"font-size: 20px; letter-spacing: 1px; white-space-collapse: collapse;\"><b>겨울이 두려운 어르신들</b></span></font></dt><dt id=\"paragraphTitle\" style=\"margin: 0px; padding: 0px; line-height: 30px;\"><font color=\"#444444\" face=\"NanumBarunGothic, 나눔바른고딕, Nanum Barun Gothic, sans-serif\"><span style=\"font-size: 20px; letter-spacing: 1px; white-space-collapse: collapse;\"><b>저희 센터의 어르신들은 주로 기초생활수급자이며, 노후화된 주택이나 반지하에 거주하는 경우가 많습니다. 이로 인해 어르신들은 열악한 주거환경에서 매서운 추위를 견디며 겨울을 보내고 있습니다. 어르신 중에는 난방비를 아끼기 위해 집 안에서 패딩을 입고 생활하시거나, 얇은 이불을 덮고 추운 밤을 보내는 어르신들도 계십니다. 따라서 저희 센터에서는 두껍고 포근한 이불과 각종 겨울 물품을 전달해 어르신들이 따뜻하게 겨울을 날 수 있도록 도와드리고자 합니다.</b></span></font></dt><dt id=\"paragraphTitle\" style=\"margin: 0px; padding: 0px; line-height: 30px;\"><font color=\"#444444\" face=\"NanumBarunGothic, 나눔바른고딕, Nanum Barun Gothic, sans-serif\"><span style=\"font-size: 20px; letter-spacing: 1px; white-space-collapse: collapse;\"><b><br></b></span></font></dt><dt id=\"paragraphTitle\" style=\"margin: 0px; padding: 0px; line-height: 30px;\"><font color=\"#444444\" face=\"NanumBarunGothic, 나눔바른고딕, Nanum Barun Gothic, sans-serif\"><span style=\"font-size: 20px; letter-spacing: 1px; white-space-collapse: collapse;\"><b>따뜻한 겨울을 만들어 주세요</b></span></font></dt><dt id=\"paragraphTitle\" style=\"margin: 0px; padding: 0px; line-height: 30px;\"><font color=\"#444444\" face=\"NanumBarunGothic, 나눔바른고딕, Nanum Barun Gothic, sans-serif\"><span style=\"font-size: 20px; letter-spacing: 1px; white-space-collapse: collapse;\"><b>동작재가노인지원센터는 40분의 어르신께 전기매트를, 45분의 어르신께 히터를 제공하고 50분의 어르신에게 두꺼운 겨울철 이불을 선물해 드리려 합니다. 해피빈 후원자님들의 따뜻한 관심과 기부는 항상 대상자 어르신들에게 큰 도움이 됩니다. 올겨울 어르신들이 따뜻하게 지낼 수 있도록 함께해주시면 감사하겠습니다.</b></span></font></dt></dl></li></ul><div class=\"thmb_section\" style=\"width: 624px; overflow: hidden; margin: 50px auto 60px; padding-bottom: 0px; text-align: center; line-height: 1.5; letter-spacing: 1px; font-family: NanumBarunGothic, 나눔바른고딕, &quot;Nanum Barun Gothic&quot;, sans-serif; font-size: 16px; white-space-collapse: collapse; background-color: rgb(255, 255, 255); visibility: visible;\"></div>','https://d21hr323cyxfck.cloudfront.net/public/posts/thumbnails/884b1ebf-cdf9-4d42-8bb8-0110b007db64.PNG','추운 겨울 따뜻한 겨울나기를 도와주세요!','R',10000000,_binary '','2024-10-13',0,0,3,NULL),(52,'2024-10-11 01:16:54.705360','2024-10-11 09:21:25.819644','2024-09-30','친애하는 여러분,\n\n추운 겨울, 우리 주변의 독거노인 분들이 큰 어려움을 겪고 계십니다.\n지금 이 순간에도 많은 어르신들이 외롭게 추위와 싸우고 계시며, 우리의 도움이 절실히 필요합니다.\n\n이에 우리는 [따뜻한 겨울나기] 긴급 모금 캠페인을 시작합니다. 여러분의 후원금은 다음과 같이 사용될 예정입니다:\n\n1. 겨울철 난방비 및 에너지 비용 지원\n2. 영양가 있는 식사와 생필품 제공\n3. 의료 서비스 및 건강 검진 지원\n4. 정서적 지원을 위한 말벗 서비스 및 문화 프로그램 운영\n\n작은 정성이 모여 큰 힘이 됩니다. 여러분의 따뜻한 마음과 후원으로 독거노인 분들에게 따뜻한 겨울과 희망을 전할 수 있습니다.\n\n후원 방법: [warm.winter.for.elders]\n\n함께 힘을 모아 우리 이웃 어르신들을 지켜주세요. 여러분의 관심과 참여에 진심으로 감사드립니다.\n\n추가 정보가 필요하시거나 다른 방식으로 도움을 주고 싶으시다면 언제든 연락 주시기 바랍니다.','https://d21hr323cyxfck.cloudfront.net/public/posts/thumbnails/3544fa4a-88ae-4423-b41c-d33fd0560dcb.jpg','전북 임실군의 독거노인을 돕는 손길','R',500000000,_binary '\0','2024-09-01',2,131400000,62,'https://d21hr323cyxfck.cloudfront.net/public/posts/contents/2ebef42f-a20f-47ea-ab43-6317c9491e99.jpg'),(54,'2024-10-11 01:30:18.938929','2024-10-11 09:22:22.135438','2024-09-30','사랑하는 동물 친구 여러분,\n\n우리 주변에는 가족을 잃고 거리를 떠도는 수많은 유기견들이 있습니다.\n이 무고한 생명들은 매일 굶주림과 질병, 위험에 노출되어 있으며, 우리의 도움이 절실히 필요합니다.\n\n이에 우리는 [새 삶을 위한 발걸음] 긴급 모금 캠페인을 시작합니다. 여러분의 후원금은 다음과 같이 사용될 예정입니다:\n\n1. 유기견 보호소 시설 개선 및 확장\n2. 의료 서비스 제공 (예방접종, 중성화 수술 등)\n3. 양질의 사료와 영양 보충제 지원\n4. 행동 교정 및 사회화 훈련 프로그램 운영\n5. 입양 캠페인 및 인식 개선 활동 추진\n\n여러분의 작은 관심이 한 생명의 운명을 바꿀 수 있습니다. 후원을 통해 유기견들에게 따뜻한 보금자리와 새로운 가족을 찾아줄 수 있습니다.\n\n후원 방법: [new.home.for.dogs]\n\n함께 힘을 모아 우리의 귀여운 네 발 친구들에게 희망을 선물해 주세요. 여러분의 사랑과 관심에 진심으로 감사드립니다.\n\n자원봉사나 입양에 관심이 있으시거나 추가 정보가 필요하시면 언제든 연락 주시기 바랍니다.','https://d21hr323cyxfck.cloudfront.net/public/posts/thumbnails/a71f6832-dc0c-4cf0-a97b-a0a75ba68bda.jpg','전북 임실군의 유기견들에게 새 삶을','R',30000000,_binary '\0','2024-09-01',2,36970000,62,'https://d21hr323cyxfck.cloudfront.net/public/posts/contents/2273b0dd-2a0a-4d18-92de-2f5c23e1c63e.jpg');
/*!40000 ALTER TABLE `fundings` ENABLE KEYS */;
UNLOCK TABLES;

--
-- Table structure for table `gift_review_liked`
--

DROP TABLE IF EXISTS `gift_review_liked`;
/*!40101 SET @saved_cs_client     = @@character_set_client */;
/*!50503 SET character_set_client = utf8mb4 */;
CREATE TABLE `gift_review_liked` (
  `like_idx` bigint NOT NULL AUTO_INCREMENT,
  `created_date` datetime(6) NOT NULL,
  `modified_date` datetime(6) NOT NULL,
  `review_idx` int DEFAULT NULL,
  `user_idx` int DEFAULT NULL,
  PRIMARY KEY (`like_idx`),
  UNIQUE KEY `UKhdpa9v15ba7ree1xthtj4sr6c` (`user_idx`),
  KEY `FKn9yccpwl02pggeq62ghkrbev0` (`review_idx`),
  CONSTRAINT `FKn9yccpwl02pggeq62ghkrbev0` FOREIGN KEY (`review_idx`) REFERENCES `gift_reviews` (`review_idx`),
  CONSTRAINT `FKoxh81eyac7was4fsqqsslx04o` FOREIGN KEY (`user_idx`) REFERENCES `users` (`user_idx`)
) ENGINE=InnoDB AUTO_INCREMENT=34 DEFAULT CHARSET=utf8mb4 COLLATE=utf8mb4_0900_ai_ci;
/*!40101 SET character_set_client = @saved_cs_client */;

--
-- Dumping data for table `gift_review_liked`
--

LOCK TABLES `gift_review_liked` WRITE;
/*!40000 ALTER TABLE `gift_review_liked` DISABLE KEYS */;
INSERT INTO `gift_review_liked` VALUES (1,'2024-10-10 17:32:48.344215','2024-10-10 17:32:48.344215',26,6),(30,'2024-10-10 21:54:05.708236','2024-10-10 21:54:05.708236',27,71),(33,'2024-10-11 00:37:52.309323','2024-10-11 00:37:52.309323',35,60);
/*!40000 ALTER TABLE `gift_review_liked` ENABLE KEYS */;
UNLOCK TABLES;

--
-- Table structure for table `gift_reviews`
--

DROP TABLE IF EXISTS `gift_reviews`;
/*!40101 SET @saved_cs_client     = @@character_set_client */;
/*!50503 SET character_set_client = utf8mb4 */;
CREATE TABLE `gift_reviews` (
  `review_idx` int NOT NULL AUTO_INCREMENT,
  `created_date` datetime(6) NOT NULL,
  `modified_date` datetime(6) NOT NULL,
  `is_delete` bit(1) DEFAULT NULL,
  `liked_count` int DEFAULT NULL,
  `review_content` varchar(6000) NOT NULL,
  `review_image` varchar(2048) DEFAULT NULL,
  `gift_idx` int DEFAULT NULL,
  `order_idx` bigint DEFAULT NULL,
  `user_idx` int DEFAULT NULL,
  PRIMARY KEY (`review_idx`),
  KEY `FKnl7ww7ymlrdj9u5ujhjtoh6su` (`gift_idx`),
  KEY `FK5573jaf8pp1ryfwil346uflng` (`order_idx`),
  KEY `FKjxw0wm49ha0cn2481c2q8k8ni` (`user_idx`),
  CONSTRAINT `FK5573jaf8pp1ryfwil346uflng` FOREIGN KEY (`order_idx`) REFERENCES `orders` (`order_idx`),
  CONSTRAINT `FKjxw0wm49ha0cn2481c2q8k8ni` FOREIGN KEY (`user_idx`) REFERENCES `users` (`user_idx`),
  CONSTRAINT `FKnl7ww7ymlrdj9u5ujhjtoh6su` FOREIGN KEY (`gift_idx`) REFERENCES `gifts` (`gift_idx`)
) ENGINE=InnoDB AUTO_INCREMENT=38 DEFAULT CHARSET=utf8mb4 COLLATE=utf8mb4_0900_ai_ci;
/*!40101 SET character_set_client = @saved_cs_client */;

--
-- Dumping data for table `gift_reviews`
--

LOCK TABLES `gift_reviews` WRITE;
/*!40000 ALTER TABLE `gift_reviews` DISABLE KEYS */;
INSERT INTO `gift_reviews` VALUES (1,'2024-10-08 00:58:45.007229','2024-10-08 10:13:57.402881',_binary '',0,'x','https://d21hr323cyxfck.cloudfront.net/public/posts/reviews/88e033b0-0bd1-44ec-a1a0-2eadbcf5c82b.jpg',1,2,6),(2,'2024-10-08 01:30:24.299786','2024-10-08 01:30:24.299786',_binary '\0',0,'노맛2','https://d21hr323cyxfck.cloudfront.net/public/posts/reviews/8a53c2ff-44ee-4508-88a9-5cca259060db.png',1,3,6),(3,'2024-10-08 01:35:02.575776','2024-10-08 01:35:02.575776',_binary '\0',0,'hh','https://d21hr323cyxfck.cloudfront.net/public/posts/reviews/a106dfec-3898-44e4-992f-1a1e3e04b43c.jpg',1,4,6),(4,'2024-10-08 01:39:23.785899','2024-10-08 09:15:33.171900',_binary '',0,'123165431dfbxcb ','https://d21hr323cyxfck.cloudfront.net/public/posts/reviews/3ed64fa7-c6b8-4032-a8c7-b8dafa87e1d1.jpg',1,5,6),(5,'2024-10-08 09:15:59.669249','2024-10-08 09:15:59.669249',_binary '\0',0,'efsdgvdfsrthfhyesrhngtretfgterwfdg','https://d21hr323cyxfck.cloudfront.net/public/posts/reviews/8c023778-1fe7-4950-a441-40ef95254428.jpg',1,6,6),(6,'2024-10-08 16:33:15.741479','2024-10-08 16:33:15.741479',_binary '\0',0,'2','https://d21hr323cyxfck.cloudfront.net/public/posts/reviews/a1779542-979e-4cdb-bbb0-d8a0f99ec367.jpg',1,5,6),(7,'2024-10-08 16:43:19.048922','2024-10-08 16:43:19.048922',_binary '\0',0,'sdfgjkgjhgrteui;jltrwewhl\'mktll?<l','https://d21hr323cyxfck.cloudfront.net/public/posts/reviews/a3e728db-89b7-4d05-9e59-b4936693eec2.jpg',1,14,6),(8,'2024-10-08 16:44:29.636349','2024-10-08 16:44:29.636349',_binary '\0',0,'fvfdfbgbrtjj','https://d21hr323cyxfck.cloudfront.net/public/posts/reviews/8033c015-6e31-4510-bdea-b0ab25adb886.jpg',1,13,6),(9,'2024-10-08 16:46:35.724144','2024-10-08 16:46:35.724144',_binary '\0',0,'ssss','https://d21hr323cyxfck.cloudfront.net/public/posts/reviews/4b6a86dc-4e00-4436-b254-a6d0368f907b.jpg',1,12,6),(10,'2024-10-08 16:48:34.891683','2024-10-08 16:48:34.891683',_binary '\0',0,'fgfr','https://d21hr323cyxfck.cloudfront.net/public/posts/reviews/de06cc15-9ba9-4b37-9c9f-ed96504a9957.jpg',1,9,6),(11,'2024-10-08 23:45:07.378730','2024-10-08 23:45:07.378730',_binary '\0',0,'메롱\n','https://d21hr323cyxfck.cloudfront.net/public/posts/reviews/7675c22e-559f-45e7-8183-b5677b9747b7.jpg',1,17,6),(12,'2024-10-08 23:47:31.623780','2024-10-08 23:47:31.623780',_binary '\0',0,'짭짜','https://d21hr323cyxfck.cloudfront.net/public/posts/reviews/5ada641c-5d9b-43b9-89b8-e996ebf49c58.jpg',1,16,6),(13,'2024-10-10 08:59:25.651225','2024-10-10 08:59:25.651225',_binary '\0',0,'very good\n',NULL,21,25,6),(14,'2024-10-10 10:53:18.772044','2024-10-10 10:53:18.772044',_binary '\0',0,'hello\n','https://d21hr323cyxfck.cloudfront.net/public/posts/reviews/b306006a-2881-40fd-8cf0-d055075c788f.png',42,41,6),(15,'2024-10-10 11:40:55.978418','2024-10-10 11:40:55.978418',_binary '\0',0,'dd',NULL,42,51,6),(16,'2024-10-10 11:41:27.544963','2024-10-10 11:41:27.544963',_binary '\0',0,'dddfadfasdfasdf','https://d21hr323cyxfck.cloudfront.net/public/posts/reviews/cec7bb6a-5cd3-4324-a647-c54845b3506f.png',42,50,6),(17,'2024-10-10 11:42:01.394766','2024-10-10 11:42:01.394766',_binary '\0',0,'refgjghtregvhgtrmhg','https://d21hr323cyxfck.cloudfront.net/public/posts/reviews/95c2d462-d647-42e5-af6f-8e4ef89766d0.jpg',42,49,6),(18,'2024-10-10 11:42:22.000278','2024-10-10 11:42:22.000278',_binary '\0',0,'sfdfgffgxxrbngrewhgg','https://d21hr323cyxfck.cloudfront.net/public/posts/reviews/74088ffb-a59f-48fb-ae45-471aadac356e.png',42,48,6),(19,'2024-10-10 11:48:59.143667','2024-10-10 11:48:59.143667',_binary '\0',0,'sfbffsfsfdfsdfw','https://d21hr323cyxfck.cloudfront.net/public/posts/reviews/ea82e940-af89-48a1-ab1d-5b0733e728a6.png',45,55,6),(20,'2024-10-10 11:49:07.227940','2024-10-10 11:49:07.227940',_binary '\0',0,'afwdfbdsewefsffe','https://d21hr323cyxfck.cloudfront.net/public/posts/reviews/8a7feef8-2773-4321-9492-ef56aaaf18f4.jpg',45,54,6),(21,'2024-10-10 11:49:23.775491','2024-10-10 11:49:23.775491',_binary '\0',0,'fdvfefghjty5thhgg','https://d21hr323cyxfck.cloudfront.net/public/posts/reviews/d92631f5-d4ba-41b4-b18b-a00d0b04ae6f.png',45,53,6),(22,'2024-10-10 11:51:35.293232','2024-10-10 11:51:35.293232',_binary '\0',0,'efgdh',NULL,45,52,6),(23,'2024-10-10 14:09:06.503467','2024-10-10 14:09:06.503467',_binary '\0',0,'ㄷㅋㄷㅅ','https://d21hr323cyxfck.cloudfront.net/public/posts/reviews/a904fede-a43f-4386-888b-61972a1dbe8c.jpg',24,57,70),(24,'2024-10-10 14:22:12.713222','2024-10-10 14:22:12.713222',_binary '\0',0,'ㄱㅈㄱ','https://d21hr323cyxfck.cloudfront.net/public/posts/reviews/b5bc5dde-c6bc-4419-9c8e-664e02253e55.jpg',24,56,70),(25,'2024-10-10 14:47:35.711128','2024-10-10 14:47:35.711128',_binary '\0',0,'dynh','https://d21hr323cyxfck.cloudfront.net/public/posts/reviews/4d081036-0466-4ace-abc4-cf5e59d79ecd.jpg',21,58,70),(26,'2024-10-10 16:38:13.782691','2024-10-10 17:32:48.348039',_binary '\0',1,'d','https://d21hr323cyxfck.cloudfront.net/public/posts/reviews/8c6395bb-9747-4fd4-bf08-5654a9762c53.jpg',20,42,6),(27,'2024-10-10 16:42:16.359291','2024-10-10 21:54:05.712223',_binary '\0',1,'fbdv','https://d21hr323cyxfck.cloudfront.net/public/posts/reviews/033ec916-51c1-485a-ac5e-2c38173a052b.jpg',20,67,6),(28,'2024-10-10 20:45:03.135212','2024-10-10 20:45:03.135212',_binary '\0',0,'f','https://d21hr323cyxfck.cloudfront.net/public/posts/reviews/1e38797c-6cfc-4eb7-93bc-8a8b11b9b915.png',42,66,6),(29,'2024-10-10 21:31:30.182800','2024-10-10 21:31:30.182800',_binary '\0',0,'ffgdfgcvb','https://d21hr323cyxfck.cloudfront.net/public/posts/reviews/5057797a-7256-42c2-bac7-2f5fd6cb2204.jpg',42,69,6),(30,'2024-10-10 21:39:50.224790','2024-10-10 21:39:50.224790',_binary '\0',0,'good','https://d21hr323cyxfck.cloudfront.net/public/posts/reviews/aad803ea-e40c-43c0-8e1e-390192c9a201.jpg',42,70,71),(31,'2024-10-10 21:41:37.335284','2024-10-10 21:41:37.335284',_binary '\0',0,'키조개가 싱싱하고 맛있습니다~^^ 다음에도 주문할게요 강추',NULL,15,68,6),(32,'2024-10-10 21:42:30.107807','2024-10-10 21:42:30.107807',_binary '\0',0,'hey!! It very very good!!1','https://d21hr323cyxfck.cloudfront.net/public/posts/reviews/4ace4d21-aa6a-4691-adb1-dd0edeee9f9d.jpg',15,71,71),(33,'2024-10-11 00:32:09.239473','2024-10-11 00:32:09.239473',_binary '\0',0,'임실엔요거트 세트 완전 강추예요! 요구르트가 부드럽고 신선한 맛이 일품이에요. 특히 플레인 맛은 산뜻하면서도 진한 요거트 맛이 일품이었어요.','https://d21hr323cyxfck.cloudfront.net/public/posts/reviews/fb3d9ce3-6286-40e4-ac3f-c46f929ff625.jpg',2,80,22),(34,'2024-10-11 00:34:04.590814','2024-10-11 00:34:04.590814',_binary '\0',0,'아이들이 정말 좋아해요. 다양한 맛이 있어서 매일 새로운 맛을 즐길 수 있어 좋았어요. 특히 딸기 맛은 진짜 과일 맛이 나서 놀랐어요!','https://d21hr323cyxfck.cloudfront.net/public/posts/reviews/6dd696ab-5c67-405f-a468-584384007094.jpg',2,85,37),(35,'2024-10-11 00:35:29.225164','2024-10-11 00:37:52.315635',_binary '\0',1,'건강에도 좋고 맛도 있어서 일석이조예요. 유산균이 풍부해서 소화에도 좋은 것 같아요. 아침 식사 대용으로 먹고 있는데 든든하고 맛있어서 계속 구매하고 있어요.','https://d21hr323cyxfck.cloudfront.net/public/posts/reviews/3d17949e-776d-436a-a358-084a089da6cd.jpg',2,88,52),(36,'2024-10-11 02:32:04.286820','2024-10-11 02:32:04.286820',_binary '\0',0,'jjjj\n',NULL,17,124,6),(37,'2024-10-11 03:06:41.313727','2024-10-11 03:06:41.313727',_binary '\0',0,'\ngood\n\n',NULL,26,132,6);
/*!40000 ALTER TABLE `gift_reviews` ENABLE KEYS */;
UNLOCK TABLES;

--
-- Table structure for table `gifts`
--

DROP TABLE IF EXISTS `gifts`;
/*!40101 SET @saved_cs_client     = @@character_set_client */;
/*!50503 SET character_set_client = utf8mb4 */;
CREATE TABLE `gifts` (
  `gift_idx` int NOT NULL AUTO_INCREMENT,
  `created_date` datetime(6) NOT NULL,
  `modified_date` datetime(6) NOT NULL,
  `amount` int DEFAULT NULL,
  `gift_content` varchar(6000) DEFAULT NULL,
  `gift_content_image` varchar(2048) DEFAULT NULL,
  `gift_name` varchar(60) NOT NULL,
  `gift_thumbnail` varchar(2048) DEFAULT NULL,
  `is_delete` bit(1) DEFAULT NULL,
  `price` int NOT NULL,
  `category_idx` int DEFAULT NULL,
  `corporation_idx` int DEFAULT NULL,
  PRIMARY KEY (`gift_idx`),
  KEY `FK3wylp20249qnke2l1v5flgmqt` (`category_idx`),
  KEY `FKtmyr70erijuye8ypklayv7ygy` (`corporation_idx`),
  CONSTRAINT `FK3wylp20249qnke2l1v5flgmqt` FOREIGN KEY (`category_idx`) REFERENCES `categories` (`category_idx`),
  CONSTRAINT `FKtmyr70erijuye8ypklayv7ygy` FOREIGN KEY (`corporation_idx`) REFERENCES `users` (`user_idx`)
) ENGINE=InnoDB AUTO_INCREMENT=57 DEFAULT CHARSET=utf8mb4 COLLATE=utf8mb4_0900_ai_ci;
/*!40101 SET character_set_client = @saved_cs_client */;

--
-- Dumping data for table `gifts`
--

LOCK TABLES `gifts` WRITE;
/*!40000 ALTER TABLE `gifts` DISABLE KEYS */;
INSERT INTO `gifts` VALUES (1,'2024-10-07 17:39:07.656408','2024-10-09 16:02:24.043517',30017,'임실N치즈와 신선한 요거트로 구성된 고품질 유제품 세트입니다. 풍부한 맛과 신선함을 자랑하며 다양한 요리에 활용 가능합니다.','https://d21hr323cyxfck.cloudfront.net/public/posts/contents/aeeb3211-7bbc-46ba-9c45-517fb204c858.png','임실N치즈 & 요거트 세트','https://d21hr323cyxfck.cloudfront.net/public/profiles/8a9738c1-7a48-4d80-ae69-6d4d642a88b4.jpg',_binary '',150000,4,1),(2,'2024-10-09 15:56:57.656780','2024-10-11 04:36:37.953653',83,'','https://d21hr323cyxfck.cloudfront.net/public/posts/contents/4e057256-fc33-4779-bc5a-234a6ac010b0.png','[전북 임실군]임실엔요거트 세트','https://d21hr323cyxfck.cloudfront.net/public/profiles/110ace89-670b-4d3b-a71a-04b842de2d25.jpg',_binary '\0',30000,4,62),(3,'2024-10-09 16:01:18.157785','2024-10-09 16:02:20.960059',0,'','https://d21hr323cyxfck.cloudfront.net/public/posts/contents/7afadbae-469f-4fd5-a13b-154699f06041.png','[전북 임실군]임실엔요거트 세트','https://d21hr323cyxfck.cloudfront.net/public/profiles/315c76d5-1d72-4679-b070-3f28a3622301.jpg',_binary '',30000,4,1),(4,'2024-10-09 16:12:14.820432','2024-10-10 14:02:22.003815',0,'ㅂㅈㄷㅂㅈㄷㅂㄷㅂㅈㄷ',NULL,'ㅁㄴㅇㅁ','https://d21hr323cyxfck.cloudfront.net/public/profiles/517b8f3a-6ae5-4b13-a8cc-f0a1e0382fff.jpg',_binary '',111111,1,3),(5,'2024-10-09 16:12:40.750542','2024-10-09 16:16:21.792803',0,'ㅌㅅㅌㅅㅌㅅㅌㅅㅌ','https://d21hr323cyxfck.cloudfront.net/public/posts/contents/0af25eaf-4fc5-4d52-8437-5fdbbb07c3de.jpg','ㅌㅅㅌ','https://d21hr323cyxfck.cloudfront.net/public/profiles/cc6ec950-949d-40e9-b692-c64ec55c5eda.jpg',_binary '',32323,5,3),(6,'2024-10-09 16:16:42.885040','2024-10-10 23:34:50.167154',147,'','https://d21hr323cyxfck.cloudfront.net/public/posts/contents/28d46676-d839-48c7-8774-cc9ac6dd2932.jpg','[전북 임실군]임실치즈농협 특호 선물세트','https://d21hr323cyxfck.cloudfront.net/public/profiles/212c655c-b83a-4aa9-ab6e-47243ce01bfc.jpg',_binary '\0',76000,4,62),(7,'2024-10-09 16:18:20.771838','2024-10-11 02:59:42.315040',50,'','https://d21hr323cyxfck.cloudfront.net/public/posts/contents/2ae77556-16a2-43cb-be9e-9d3c76124884.jpg','[전북 임실군]생청국장 500g/1kg','https://d21hr323cyxfck.cloudfront.net/public/profiles/fdcbe583-1ed9-4ff2-9d32-b173678b73b2.jpg',_binary '\0',8000,4,62),(8,'2024-10-09 16:27:01.446339','2024-10-09 16:27:01.446339',0,'','https://d21hr323cyxfck.cloudfront.net/public/posts/contents/8e63ac3a-b238-44a6-b779-379245af4d7a.png','[전북 임실군]율포해수녹차센터 입욕권','https://d21hr323cyxfck.cloudfront.net/public/profiles/dc2ddcf5-3446-4e4b-9a5c-f2ca3a512053.jpg',_binary '\0',30000,1,63),(9,'2024-10-09 16:28:24.878464','2024-10-09 16:47:07.837091',0,'','https://d21hr323cyxfck.cloudfront.net/public/posts/contents/32feb34e-b254-43ef-a460-cc522ee410ee.jpg','연탄','https://d21hr323cyxfck.cloudfront.net/public/profiles/9c978ac3-61d4-4991-8eb1-c2be99072b2c.jpg',_binary '',111111,5,3),(10,'2024-10-09 16:29:01.098757','2024-10-09 16:29:01.098757',0,'','https://d21hr323cyxfck.cloudfront.net/public/posts/contents/8fa073b5-75cf-4710-aba5-0654833e262a.jpg','[상봉이네] 스테비아 꿀고구마 10kg','https://d21hr323cyxfck.cloudfront.net/public/profiles/37c72de3-a4e6-4683-80f2-3b1626aa2c09.jpg',_binary '\0',30000,2,63),(11,'2024-10-09 16:30:11.894429','2024-10-09 17:49:42.003721',0,'','https://d21hr323cyxfck.cloudfront.net/public/posts/contents/4db0f3aa-aef7-4011-b77e-603f86fdd5f7.jpg','욘탄',NULL,_binary '',123123,2,3),(12,'2024-10-09 16:30:37.590118','2024-10-09 16:30:37.590118',0,'','https://d21hr323cyxfck.cloudfront.net/public/posts/contents/6d90b0ef-82bf-4043-9b41-7de04ca503d1.jpg','보성몰 적립금 쿠폰','https://d21hr323cyxfck.cloudfront.net/public/profiles/877c1913-80f0-4009-a4ec-4a2e12d9e10d.jpg',_binary '\0',1000,1,63),(13,'2024-10-09 16:33:57.613872','2024-10-09 16:33:57.613872',0,'','https://d21hr323cyxfck.cloudfront.net/public/posts/contents/837251c8-20fd-4018-979a-5d4ef402c27f.png','[보령시 명주도가] 대천바다 금빛 미니어쳐 세트','https://d21hr323cyxfck.cloudfront.net/public/profiles/238fecc7-1370-45ea-882f-5aa40097030d.jpg',_binary '\0',10000,4,68),(14,'2024-10-09 16:37:59.638854','2024-10-09 16:37:59.638854',0,'','https://d21hr323cyxfck.cloudfront.net/public/posts/contents/7e9a7dc8-a741-4c3d-9c23-91624dfd1b03.jpg','[보령시 명주도가] 대천바다 금빛 500ml','https://d21hr323cyxfck.cloudfront.net/public/profiles/f770dc7c-6a8d-4716-8f38-a6015250c014.jpg',_binary '\0',20000,4,68),(15,'2024-10-09 16:39:59.128587','2024-10-11 03:01:42.792548',3,'','https://d21hr323cyxfck.cloudfront.net/public/posts/contents/ac70545f-35c0-4aea-bf5f-cfae56cd5e90.jpg','[보령시] 키조개관자 슬라이스','https://d21hr323cyxfck.cloudfront.net/public/profiles/154d85cd-0caf-4041-bebf-0886ef9399ad.jpg',_binary '\0',30000,3,68),(16,'2024-10-09 16:46:44.478136','2024-10-10 09:59:30.734775',0,'','https://d21hr323cyxfck.cloudfront.net/public/posts/contents/65a6ba50-74d8-484f-b554-ee24e2fc4034.PNG','테스트','https://d21hr323cyxfck.cloudfront.net/public/profiles/565b808c-b4ac-4e62-9def-c1420b02ea13.PNG',_binary '',123123,1,3),(17,'2024-10-09 17:14:44.994726','2024-10-11 02:30:35.984881',1,'','https://d21hr323cyxfck.cloudfront.net/public/posts/contents/4995a7f5-5e27-40ab-9096-e362eb8ff74b.jpg','[충북 보은군] 보은애 아카시아꿀, 야생화꿀, 밤꿀','https://d21hr323cyxfck.cloudfront.net/public/profiles/808fbd7f-0f86-4da4-93cc-0834f4f7161c.jpg',_binary '\0',30000,2,67),(18,'2024-10-09 17:15:50.826660','2024-10-09 17:15:50.826660',0,'','https://d21hr323cyxfck.cloudfront.net/public/posts/contents/758064c6-5b16-42bd-b547-dd436578cf4a.jpg','정옥 밥도둑 모음 혼합세트','https://d21hr323cyxfck.cloudfront.net/public/profiles/6b6d1c54-27fe-4245-85c9-b527f38c610d.jpg',_binary '\0',30000,4,64),(19,'2024-10-09 17:16:59.812419','2024-10-09 17:16:59.812419',0,'','https://d21hr323cyxfck.cloudfront.net/public/posts/contents/6624ea4c-8699-486c-a65f-ec0290d0ea4e.jpg','[충북 보은군] 고시랑장독대 비빔천국','https://d21hr323cyxfck.cloudfront.net/public/profiles/b066965c-e0f5-4dc8-a2df-ebbc50922fa1.png',_binary '\0',30000,4,67),(20,'2024-10-09 17:19:51.662879','2024-10-11 02:38:53.032959',9,'','https://d21hr323cyxfck.cloudfront.net/public/posts/contents/dd459ff6-cb87-4bd6-820b-034e29b6752c.png','티카페하동 하동녹차족욕&음료·디저트 교환권','https://d21hr323cyxfck.cloudfront.net/public/profiles/4e86ee79-b3ab-47b2-bc91-f614856c02ce.jpg',_binary '\0',30000,1,64),(21,'2024-10-09 17:20:22.575806','2024-10-11 01:33:59.072104',14,'','https://d21hr323cyxfck.cloudfront.net/public/posts/contents/3b7e2cc8-da0e-480a-84ed-3a681b0291eb.jpg','[충북 보은군] 고시랑장독대 아침천국','https://d21hr323cyxfck.cloudfront.net/public/profiles/2e12eaf0-6857-4155-9fa2-d9e14460e238.png',_binary '\0',30000,4,67),(22,'2024-10-09 17:21:20.598808','2024-10-10 10:23:07.635728',1,'','https://d21hr323cyxfck.cloudfront.net/public/posts/contents/2aff7a61-e301-4b64-a569-63edbc917aba.png','[경상남도 하동군]하동배7.5kg 중 14-15과','https://d21hr323cyxfck.cloudfront.net/public/profiles/1af2838b-224e-47c3-8641-1bec779ba2c6.png',_binary '\0',30000,2,64),(23,'2024-10-09 17:25:31.732965','2024-10-11 02:38:22.976718',1,'','https://d21hr323cyxfck.cloudfront.net/public/posts/contents/54b26570-cb74-47d7-847f-d2c58f887ea0.jpg','문경사과 3KG 10과내','https://d21hr323cyxfck.cloudfront.net/public/profiles/78f20018-55bb-4230-ad66-13f694f70d34.jpg',_binary '\0',30000,2,65),(24,'2024-10-09 17:26:43.858835','2024-10-11 02:39:37.551411',6,'','https://d21hr323cyxfck.cloudfront.net/public/posts/contents/3b5c04bb-2455-4be8-b5b2-fcaffac6d1de.jpg','고기선물세트[불고기+국거리]','https://d21hr323cyxfck.cloudfront.net/public/profiles/371587d3-1ab4-41a5-b506-72aa1392c024.jpg',_binary '\0',30000,2,65),(25,'2024-10-09 17:28:50.623048','2024-10-10 09:04:55.951057',2,'','https://d21hr323cyxfck.cloudfront.net/public/posts/contents/6f91654a-f22e-4931-a064-27e78d02ab37.png','[젊은농사꾼]씩스팩(백미450g*6)','https://d21hr323cyxfck.cloudfront.net/public/profiles/4a24ddc9-fe1a-48d1-8c41-02465123e8e6.jpg',_binary '\0',30000,2,65),(26,'2024-10-09 17:33:14.097064','2024-10-11 03:05:54.716606',2,'','https://d21hr323cyxfck.cloudfront.net/public/posts/contents/d14151c0-2c13-4d8f-a71e-f4cd476a02f3.png','천상애사과','https://d21hr323cyxfck.cloudfront.net/public/profiles/c93bce25-6ccb-448a-a012-7b674ae6cee9.jpg',_binary '\0',30000,2,66),(27,'2024-10-09 17:49:29.873370','2024-10-10 02:51:55.826650',0,'ㅁㄴㅇㅁㄴㅇ','https://d21hr323cyxfck.cloudfront.net/public/posts/contents/0aac91ad-33a9-4d2a-b6b4-1119657ed65d.PNG','ㅁㅇㅁㄴ',NULL,_binary '',123123,1,3),(28,'2024-10-09 17:49:49.162461','2024-10-11 01:30:52.039574',6,'','https://d21hr323cyxfck.cloudfront.net/public/posts/contents/e394588c-123e-473d-bf81-33fd6338d65c.png','안마봉','https://d21hr323cyxfck.cloudfront.net/public/profiles/16578e08-577e-4843-a5ee-bb7c5a6a7043.jpg',_binary '\0',9000,5,66),(29,'2024-10-09 17:52:17.508016','2024-10-10 02:51:36.679194',0,'올라가라','https://d21hr323cyxfck.cloudfront.net/public/posts/contents/c6bdcd67-c364-47c0-b650-478114a5ad95.jpg','제발',NULL,_binary '',112312,3,3),(30,'2024-10-09 17:53:35.851135','2024-10-11 03:55:13.362665',5,'','https://d21hr323cyxfck.cloudfront.net/public/posts/contents/c4963a9e-7dc1-4c6d-b711-a119c91ca7e9.png','나무 조약돌','https://d21hr323cyxfck.cloudfront.net/public/profiles/54f8ccf2-2b2e-41e6-83d5-a01ca40c060f.jpg',_binary '\0',15000,5,66),(31,'2024-10-10 01:16:10.554205','2024-10-10 02:52:04.371049',0,'ㅌㅅㅌㅅㅌㅅㅌ','https://d21hr323cyxfck.cloudfront.net/public/posts/contents/228ac604-af5e-46da-9c3c-2aeac2ebf572.png','ㅌㅅㅌㅅ','https://d21hr323cyxfck.cloudfront.net/public/profiles/35f24f67-0317-47fa-a69a-76bb8bf5915e.png',_binary '',123121,3,3),(32,'2024-10-10 01:43:19.340129','2024-10-10 02:51:30.828174',0,'<img src=\"blob:http://localhost:5173/0b4b9ae6-e61b-4ba4-9c93-8825d84110cf\" class=\"embedded-image\" alt=\"내용 이미지 미리보기\"><div>안녕하세요 만나서 반갑습니다. 제발</div>','https://d21hr323cyxfck.cloudfront.net/public/posts/contents/9dd42a2f-f695-4173-96a3-bc32876b9463.png','ㅌㅅㅌ',NULL,_binary '',121211,1,3),(33,'2024-10-10 01:45:07.642128','2024-10-10 02:51:41.090849',0,'<img src=\"blob:http://localhost:5173/e144ef52-13c1-416c-bf25-f23068606ae5\" class=\"embedded-image\" alt=\"내용 이미지 미리보기\"><div>제발</div>','https://d21hr323cyxfck.cloudfront.net/public/posts/contents/f55ab9e4-dc10-46fc-94a8-828acc4f5f0e.png','ㅎㅎ',NULL,_binary '',11211,1,3),(34,'2024-10-10 01:46:31.120812','2024-10-10 02:51:46.567684',0,'<img src=\"<img src=&quot;blob:http://localhost:5173/85f214e0-0dc3-40ef-82d0-c8147e0f3ea6&quot; class=&quot;embedded-image&quot; alt=&quot;내용 이미지 미리보기&quot; />\" class=\"embedded-image\" alt=\"내용 이미지 미리보기\"><div>ㅎㅎㅎ</div>','https://d21hr323cyxfck.cloudfront.net/public/posts/contents/1fe30a96-7b8e-4eee-b11d-bd746e3c6892.png','123123',NULL,_binary '',12312,1,3),(35,'2024-10-10 01:49:11.700747','2024-10-10 09:59:24.000436',0,'<img src=\"blob:http://localhost:5173/27c3591a-df75-4672-a9fb-f6a7f93ca090\" class=\"embedded-image\" alt=\"내용 이미지 미리보기\">ㅠㅠ 제발','https://d21hr323cyxfck.cloudfront.net/public/posts/contents/e269c70c-ab41-408a-af0f-34fc287bb7f6.png','ㅠㅠ',NULL,_binary '',112121,1,3),(36,'2024-10-10 01:51:21.740189','2024-10-10 09:59:21.425819',0,'<img src=\"data:image/png;base64,iVBORw0KGgoAAAANSUhEUgAAAIQAAABRCAYAAAATtw47AAAACXBIWXMAAAsTAAALEwEAmpwYAAAAAXNSR0IArs4c6QAAAARnQU1BAACxjwv8YQUAAAdfSURBVHgB7Z3NbhNXFMf/dxwCiBYckEACqYSqrdQFJUgtmwJxd92VdUNEeIKaJ0h4AsgTAEqjdAdvkGTTBV0kKguqtqKmEkhQhYS0CJrEc3rPOEMGxx7fO77jzE3PTwrxxx3H2D+fc+6H56r6FCZUoMbhgi/PAu8fgJAvSqkaQDWQWkSARSCYVwNzNThA8T/OpBj+Ati/F8KOUFNQ9xAEk93IoeILTqT4+jyEnUe/qbcRlK5nESOIL5RGMUEhXYfgPQSMUVj/g5Yu3KLlyqDNsUHyyqYUkxB2BZtizNLyxSumxwTNN2gpqkTqDoTdwqD+kN+mpYs3TBoHrW4sXQ7HRIrdBYGq9OLigk4h5bR2Qbs7MkmxsQGhuBDRECicTZMiSHsAaynW6xCKTSxFu/tThYgarIdV3Y1ZhAkSIbyApWhXU3QUQl3FCtboKyMpXr+B4AdcU9SXLlSbb+8oBGMsxet/IfiDfj/Hm8cpjISIDjaRQiKEb5RB9XdSh7EQTEKKWssGEiG8gwiX6K/zlfi6lRBMJEVIV1veufoPBA8pbc1hWQvROErdank7RwjpaXiHjhKVeGzCWgiaCcb1GPlg2wYvXkLwjzAMox6HlRB0KxoXn0htJEJ4iQJFE2B2EaJfzXZss/oKgpcMchfUWAiaDr5LTRUxHCGkjvCSer1eKZk0jFJFCT/oi/tM2uPAfuDgexA8Q6nHZhFib9SrKMOUF6sQ/CNQGO4oxMY0xrhbAhueL0na8BA96VVOTRmcKoKSZXRgwlDShqekR4j+DmMOaTx5DsE7ym2FiFIFaAxZ4d6GzG14R8uUkTlVNLOnDzh8CII/tI4Q3aSKJI+fSnHpGduE6DpVJFnXMtSeQvCHbUKoEENwiUQJr2j5RR0V0Ck92XFVKZpDt0iU8ArVqQHN6FoixDe6aTVzXcHF5fDnQF8fhGLTUYgkNI2hkFANlBq2luPEMeD0xxCKjZUQSWgKlVBhzEqOc6elG1pwMguRRMtxSVcjVwjqUmpDPpkIn2VGUkdhcSJEjB7QKqNfy6G0HKQqLRudPA58+iGEYuJUiCQ0re7qVNI6YkjqKCzZVl0bkFpXPPhVxiYKSm5CaNoPcPGk18NHEIpHLkLoWqLzaCdPjz+WAauikYsQ9T7DbihHCVm2XyhyEULBYj5k4aGsmygQuQgRBOqMcWOe67j/s0hREPKpIWyHtVkGkaIQ5NXLGIQtIkUhcC7EZg8j29I7kWLHcR8h+rpchylS7CjOhdAzoN2vuBIpdgznQvB0OFzAMvy4ADxbgtA73KcM1WXKSMJdUh6n+P1PCL3BfVFJjhfpMizEg99kQqwHOF8PQf1qGXnBC2zOfSa79uSI2wjRl0N0SMJ1xfxPkkLyQr+uTteycQ8jtxU3SViIJ88kWrji71eNNSqrr9ymjLVpDO1pTGwdCkMM8G1BgJPggarNYlPXGKcardVJuOCjD/S46HFZp5mFjc3vzCQibk8+0GlE6zBZmK0p87JOZHxbUqozqQt4OUqwGLzUXzCDu/O/PNo21rPjQpgSTkfFanqXlsU4/Yms10yD159wRGizDsUbIVIX7TbDQnDEEDG26CBCjDeJNySaV0qZCcH/6fsPRAzGUIQYfyKEnkXVYxwLyEJcYxw78v8oPrlY5DWrXCdYLlH0RgjGqI5Ig790fFRLceLo7owa/ObzGQBZhvVso7peCWFVR3SCowZHDO6Z+LyBPUvAPzwu42B22Kv4aVVHdIJfPO6D8w/LcbjciBwHDxQ7rXA64POJcyTglOB4iYBXQgTrmKN+uIdfVP6E8Q/D6YTFGNC/jxzaWUFYgCUdAZZfNkTI9rWFmoLZvu5epQym6zoiCxxB9u9riMLphWsR15Ek3nyGdyXioWS+zpcdRAClaEx9C6P9V70Twmkd4YJYFpaEBdlTSheF33Te8JZ/86Z1XPzluzKsFozQKdPG3vXBnNYR76AfF+oQwXLGlt/MAi/109FhwqZ9nl/2zQWuI+AMloCqao0GghFUUncc9JOaaaqI8S5lMN3VESwB7mINd6IdBpvvneFtpKIBsN7WKTlgUzu8PQYeYl9HpEuwrfUUKhQYbCdVbKxqhxgvx3HN6gg7CZKoUczVv6dr+m/cQL6s6Oe44uQ00k3Y1g4x3tUQTPs64t2aQI1g0laGmNJl3KSQJpET+nneUwGdVSMOTxK7hXXtsPW8PGWrjsgeCTrROImamrXueaQQ7Z0e6ugzul1qrl/COiYynQc0+Tcy1A6J5+cn6zOo9L3BomsJmmmcyTeSYhDdsUJE1znymDSmaYylns2vPZlqhxhvheglfAZfQlRkZup5EGgyWMNEFnlto0Y30SE6HoIRFG0b0WbP8/ZHzatQizDqZuzEIGp0FR0YEcKC+pR+cwM1btDUKj3Y0i5qdBsdoseAYEWnMZBu0kO25/M2agx2Gx0YEcKSzZ7HwvZ8TvN6mqraP6J7ER4jQmSgaXi7pkP1NR2q72EXIEJkJNoeAqgEG7jZq/TQC/4DWC8V2Ky8WG0AAAAASUVORK5CYII=\" class=\"embedded-image\" alt=\"내용 이미지 미리보기\"><div>ㅈㅂ ㅠㅠ</div>','https://d21hr323cyxfck.cloudfront.net/public/posts/contents/d29472f7-6a22-401f-b496-1aef2b55f66f.png','ㅡㅡ',NULL,_binary '',12121,1,3),(37,'2024-10-10 01:53:10.348939','2024-10-10 02:51:21.884278',0,'<img src=\"data:image/png;base64,iVBORw0KGgoAAAANSUhEUgAAAIQAAABRCAYAAAATtw47AAAACXBIWXMAAAsTAAALEwEAmpwYAAAAAXNSR0IArs4c6QAAAARnQU1BAACxjwv8YQUAAAWeSURBVHgB7Z3fVdtYEMa/UVhel1QQp4KwFay3gs3zsnuACkIqACpYuwLgEIfHkAoCFUAHcQfhbROCNTsj28TEf6Qr6cr32vN7yHGMsMXx55lv5o50aXCOI0roEPXQl9c6xdf0jPbRhxEdpP/ULIrRC4sw7tNjE0Zc0PiBD1EM30CEgbRLO7iFETw0+R9fosjeiHAF8Cn9hTMYwUI/PyGi6Igo3sAffSI+MmGECc16cvAuOZUPbRd+yYSBb7g2nxEONO8HDYlC6YvPuDIDGga06IcNigLDk7HKZNlQ3gFNi0LJhJFKL+MfNaJGk+QKgk+whU36xMA2GkZO7hbEHTOgzZErCGWZohhhlUlDFBKEEoAoFGuNe6awIJRARJFhBtQPToJQRqK4EVG0EAAmjHpxFoTC52hzQp8QEFlrfMDHVplUo5wgevQ5lAgxAzOgFXBPGRfJIafScg6fcWv8o6STOxiFcDWVLd6kz4gLEQZd4psswZvPyMVNEGGnilzMgOZTvA/RS94wuIMVwFrj8ynaqdRUcSMPt7BC2NDONMUE8V6aUYw2VherTEbkCuKhh70EdIL1YO2HdhYKQlPFqFXdwnqxtkM7iwXRS07ESO5hjVm3ymSuINYsVeQiBvRSWuPdVa9MZgpijVNFEVbagCYzn92U9rSJYR4tZjpNtUn3Ho2OFjbBVISwVOHMSg3tTEUISpc//BIZLV3s0zWezISfxB1ZZ3uIC/mjUmlEEXYlPLZhOBFzZZI/dT0Ux59y6IH5CjdGrfGuGNBLRILjaie2U8ZBQvS7icOJaCqTUhNTio7RpSQG1MThQvCt8dKCmETE8Vrs6S6DXsMoQrCt8VoEMWY4kS3iMDNamNAMaK2CmIR79EFSiUWMgoQytONNENLJ04Ea62k4suyhHZ+CYBhVWEpl4kUQ4iW2RyN3RnX69Iw6+C/92ITPSOCBwYaVoTXS4gF39AvWRGvciyDIvIMPtnRYyfeaiRdBJAm9guGNR2Ho8PN5vcPPXgRhnctm0El4vei6ztkML6ZSTvALVuwajkioXJnULgirMIKg9NBO/SljwyJDAJQe2qldELICahVGQDypTHr5n03tgtDlcBjBkQkD0svQymSBAa0/ZZCljJDJKpMFU+O1m0qrMKLjydBO7fMQkq++wIiRbGin3pSxYYYyYlrqM2oVhFUY8bOBGhkQrn4B78vDX9MUz/W5JMELqKcYmU0xNS+HR9MLGMHhbUCmKNkcpgrmx5L5ltQ++tykqF7ZAG8zLF0QRbHqpRm8rHb6QJR7BcM70QgiZb6G4Z1oBJF8twjRBNF4CMV8hH+iiRCK+Qj/RCUI8xH+qbUx5Rv1EbwJwx1Zp+DjIgdG5SEU8xHuyGrmXtE5y6hShmI+wpm+y9BtdILw5yP4Ots4dsXIZh0ciE4Q9fYjVAR8QPf8PNlBG/f8h4iij9Wh7zqSH52HUKr5iCwSfMA9zmbtxaU3WeN0NfYGcfEOj7+DCHG/GcliEUwdHeA2lCXoJzv80vWXoio7x6iPIMpbDncTwSR6F5fBO34r7/Ev/HIn53jn49JHV+8wJjoPocz3EU89Ae2gW3aLxmd/o8Mpd+EJOc9LSvg3km+xPN6XD/AK9dEvezlflClD+eEjykeCPHzsdZ5VMqlEnxn3klL/kg5wVPVWj2W8w8T5xcn3C7Q3vuLW9yatwzv51rJVxB0zH2vkKXIw97BX8m5+pbzDmGgF0SR6CRwjM5mlKg8Gd5N7HJURr2vUqBIdst+HUQj9xrLzthGSzlIRQk23GiwQNSpFB8UE4cDgXD7chA4LHOqUHlyZFzWqRofsNWA4kdcDqZIeyp3PY9RoVY0OignCkVHlcTOdz/n6ATjY3Il7PcQEUYKf2tt6sezbmPbEWIQJoiTZ9hBAO3lAp6n00AT/Aznjui0oAr3NAAAAAElFTkSuQmCC\" class=\"embedded-image\" alt=\"내용 이미지 미리보기\">ㅈ제발','https://d21hr323cyxfck.cloudfront.net/public/posts/contents/3264765a-bb6f-48e3-946e-813f1db1cf0a.png','ㅋㅋ',NULL,_binary '',12121,1,3),(38,'2024-10-10 02:02:59.228247','2024-10-10 09:59:14.485287',0,'<img src=\"blob:http://localhost:5173/c3f80c77-3e21-4fdc-bcdc-b678498251fc\" class=\"embedded-image\" alt=\"내용 이미지 미리보기\"><div>ㄱㄱㄱ</div>','https://d21hr323cyxfck.cloudfront.net/public/posts/contents/b6adecf9-80dc-4fdd-9f25-d4a184c72e48.png','ㄱㄱㄱ',NULL,_binary '',11111,1,3),(39,'2024-10-10 02:09:28.098379','2024-10-10 09:59:18.472082',0,'<img src=\"data:image/png;base64,iVBORw0KGgoAAAANSUhEUgAAAIQAAABRCAYAAAATtw47AAAACXBIWXMAAAsTAAALEwEAmpwYAAAAAXNSR0IArs4c6QAAAARnQU1BAACxjwv8YQUAAAdfSURBVHgB7Z3NbhNXFMf/dxwCiBYckEACqYSqrdQFJUgtmwJxd92VdUNEeIKaJ0h4AsgTAEqjdAdvkGTTBV0kKguqtqKmEkhQhYS0CJrEc3rPOEMGxx7fO77jzE3PTwrxxx3H2D+fc+6H56r6FCZUoMbhgi/PAu8fgJAvSqkaQDWQWkSARSCYVwNzNThA8T/OpBj+Ati/F8KOUFNQ9xAEk93IoeILTqT4+jyEnUe/qbcRlK5nESOIL5RGMUEhXYfgPQSMUVj/g5Yu3KLlyqDNsUHyyqYUkxB2BZtizNLyxSumxwTNN2gpqkTqDoTdwqD+kN+mpYs3TBoHrW4sXQ7HRIrdBYGq9OLigk4h5bR2Qbs7MkmxsQGhuBDRECicTZMiSHsAaynW6xCKTSxFu/tThYgarIdV3Y1ZhAkSIbyApWhXU3QUQl3FCtboKyMpXr+B4AdcU9SXLlSbb+8oBGMsxet/IfiDfj/Hm8cpjISIDjaRQiKEb5RB9XdSh7EQTEKKWssGEiG8gwiX6K/zlfi6lRBMJEVIV1veufoPBA8pbc1hWQvROErdank7RwjpaXiHjhKVeGzCWgiaCcb1GPlg2wYvXkLwjzAMox6HlRB0KxoXn0htJEJ4iQJFE2B2EaJfzXZss/oKgpcMchfUWAiaDr5LTRUxHCGkjvCSer1eKZk0jFJFCT/oi/tM2uPAfuDgexA8Q6nHZhFib9SrKMOUF6sQ/CNQGO4oxMY0xrhbAhueL0na8BA96VVOTRmcKoKSZXRgwlDShqekR4j+DmMOaTx5DsE7ym2FiFIFaAxZ4d6GzG14R8uUkTlVNLOnDzh8CII/tI4Q3aSKJI+fSnHpGduE6DpVJFnXMtSeQvCHbUKoEENwiUQJr2j5RR0V0Ck92XFVKZpDt0iU8ArVqQHN6FoixDe6aTVzXcHF5fDnQF8fhGLTUYgkNI2hkFANlBq2luPEMeD0xxCKjZUQSWgKlVBhzEqOc6elG1pwMguRRMtxSVcjVwjqUmpDPpkIn2VGUkdhcSJEjB7QKqNfy6G0HKQqLRudPA58+iGEYuJUiCQ0re7qVNI6YkjqKCzZVl0bkFpXPPhVxiYKSm5CaNoPcPGk18NHEIpHLkLoWqLzaCdPjz+WAauikYsQ9T7DbihHCVm2XyhyEULBYj5k4aGsmygQuQgRBOqMcWOe67j/s0hREPKpIWyHtVkGkaIQ5NXLGIQtIkUhcC7EZg8j29I7kWLHcR8h+rpchylS7CjOhdAzoN2vuBIpdgznQvB0OFzAMvy4ADxbgtA73KcM1WXKSMJdUh6n+P1PCL3BfVFJjhfpMizEg99kQqwHOF8PQf1qGXnBC2zOfSa79uSI2wjRl0N0SMJ1xfxPkkLyQr+uTteycQ8jtxU3SViIJ88kWrji71eNNSqrr9ymjLVpDO1pTGwdCkMM8G1BgJPggarNYlPXGKcardVJuOCjD/S46HFZp5mFjc3vzCQibk8+0GlE6zBZmK0p87JOZHxbUqozqQt4OUqwGLzUXzCDu/O/PNo21rPjQpgSTkfFanqXlsU4/Yms10yD159wRGizDsUbIVIX7TbDQnDEEDG26CBCjDeJNySaV0qZCcH/6fsPRAzGUIQYfyKEnkXVYxwLyEJcYxw78v8oPrlY5DWrXCdYLlH0RgjGqI5Ig790fFRLceLo7owa/ObzGQBZhvVso7peCWFVR3SCowZHDO6Z+LyBPUvAPzwu42B22Kv4aVVHdIJfPO6D8w/LcbjciBwHDxQ7rXA64POJcyTglOB4iYBXQgTrmKN+uIdfVP6E8Q/D6YTFGNC/jxzaWUFYgCUdAZZfNkTI9rWFmoLZvu5epQym6zoiCxxB9u9riMLphWsR15Ek3nyGdyXioWS+zpcdRAClaEx9C6P9V70Twmkd4YJYFpaEBdlTSheF33Te8JZ/86Z1XPzluzKsFozQKdPG3vXBnNYR76AfF+oQwXLGlt/MAi/109FhwqZ9nl/2zQWuI+AMloCqao0GghFUUncc9JOaaaqI8S5lMN3VESwB7mINd6IdBpvvneFtpKIBsN7WKTlgUzu8PQYeYl9HpEuwrfUUKhQYbCdVbKxqhxgvx3HN6gg7CZKoUczVv6dr+m/cQL6s6Oe44uQ00k3Y1g4x3tUQTPs64t2aQI1g0laGmNJl3KSQJpET+nneUwGdVSMOTxK7hXXtsPW8PGWrjsgeCTrROImamrXueaQQ7Z0e6ugzul1qrl/COiYynQc0+Tcy1A6J5+cn6zOo9L3BomsJmmmcyTeSYhDdsUJE1znymDSmaYylns2vPZlqhxhvheglfAZfQlRkZup5EGgyWMNEFnlto0Y30SE6HoIRFG0b0WbP8/ZHzatQizDqZuzEIGp0FR0YEcKC+pR+cwM1btDUKj3Y0i5qdBsdoseAYEWnMZBu0kO25/M2agx2Gx0YEcKSzZ7HwvZ8TvN6mqraP6J7ER4jQmSgaXi7pkP1NR2q72EXIEJkJNoeAqgEG7jZq/TQC/4DWC8V2Ky8WG0AAAAASUVORK5CYII=\" class=\"embedded-image\"><div>테ㅛㅡㅌ트</div>','https://d21hr323cyxfck.cloudfront.net/public/posts/contents/b7ce18d4-800e-4f34-8912-20d11793f053.png','ㅛㅛ',NULL,_binary '',12311,5,3),(40,'2024-10-10 02:11:38.674610','2024-10-10 09:59:16.508795',0,'ㅠㅠㅠ',NULL,'ㅍㅍ',NULL,_binary '',12312,4,3),(41,'2024-10-10 02:14:42.566704','2024-10-10 02:51:17.790825',0,'<img src=\"data:image/png;base64,iVBORw0KGgoAAAANSUhEUgAAAIQAAABRCAYAAAATtw47AAAACXBIWXMAAAsTAAALEwEAmpwYAAAAAXNSR0IArs4c6QAAAARnQU1BAACxjwv8YQUAAAdfSURBVHgB7Z3NbhNXFMf/dxwCiBYckEACqYSqrdQFJUgtmwJxd92VdUNEeIKaJ0h4AsgTAEqjdAdvkGTTBV0kKguqtqKmEkhQhYS0CJrEc3rPOEMGxx7fO77jzE3PTwrxxx3H2D+fc+6H56r6FCZUoMbhgi/PAu8fgJAvSqkaQDWQWkSARSCYVwNzNThA8T/OpBj+Ati/F8KOUFNQ9xAEk93IoeILTqT4+jyEnUe/qbcRlK5nESOIL5RGMUEhXYfgPQSMUVj/g5Yu3KLlyqDNsUHyyqYUkxB2BZtizNLyxSumxwTNN2gpqkTqDoTdwqD+kN+mpYs3TBoHrW4sXQ7HRIrdBYGq9OLigk4h5bR2Qbs7MkmxsQGhuBDRECicTZMiSHsAaynW6xCKTSxFu/tThYgarIdV3Y1ZhAkSIbyApWhXU3QUQl3FCtboKyMpXr+B4AdcU9SXLlSbb+8oBGMsxet/IfiDfj/Hm8cpjISIDjaRQiKEb5RB9XdSh7EQTEKKWssGEiG8gwiX6K/zlfi6lRBMJEVIV1veufoPBA8pbc1hWQvROErdank7RwjpaXiHjhKVeGzCWgiaCcb1GPlg2wYvXkLwjzAMox6HlRB0KxoXn0htJEJ4iQJFE2B2EaJfzXZss/oKgpcMchfUWAiaDr5LTRUxHCGkjvCSer1eKZk0jFJFCT/oi/tM2uPAfuDgexA8Q6nHZhFib9SrKMOUF6sQ/CNQGO4oxMY0xrhbAhueL0na8BA96VVOTRmcKoKSZXRgwlDShqekR4j+DmMOaTx5DsE7ym2FiFIFaAxZ4d6GzG14R8uUkTlVNLOnDzh8CII/tI4Q3aSKJI+fSnHpGduE6DpVJFnXMtSeQvCHbUKoEENwiUQJr2j5RR0V0Ck92XFVKZpDt0iU8ArVqQHN6FoixDe6aTVzXcHF5fDnQF8fhGLTUYgkNI2hkFANlBq2luPEMeD0xxCKjZUQSWgKlVBhzEqOc6elG1pwMguRRMtxSVcjVwjqUmpDPpkIn2VGUkdhcSJEjB7QKqNfy6G0HKQqLRudPA58+iGEYuJUiCQ0re7qVNI6YkjqKCzZVl0bkFpXPPhVxiYKSm5CaNoPcPGk18NHEIpHLkLoWqLzaCdPjz+WAauikYsQ9T7DbihHCVm2XyhyEULBYj5k4aGsmygQuQgRBOqMcWOe67j/s0hREPKpIWyHtVkGkaIQ5NXLGIQtIkUhcC7EZg8j29I7kWLHcR8h+rpchylS7CjOhdAzoN2vuBIpdgznQvB0OFzAMvy4ADxbgtA73KcM1WXKSMJdUh6n+P1PCL3BfVFJjhfpMizEg99kQqwHOF8PQf1qGXnBC2zOfSa79uSI2wjRl0N0SMJ1xfxPkkLyQr+uTteycQ8jtxU3SViIJ88kWrji71eNNSqrr9ymjLVpDO1pTGwdCkMM8G1BgJPggarNYlPXGKcardVJuOCjD/S46HFZp5mFjc3vzCQibk8+0GlE6zBZmK0p87JOZHxbUqozqQt4OUqwGLzUXzCDu/O/PNo21rPjQpgSTkfFanqXlsU4/Yms10yD159wRGizDsUbIVIX7TbDQnDEEDG26CBCjDeJNySaV0qZCcH/6fsPRAzGUIQYfyKEnkXVYxwLyEJcYxw78v8oPrlY5DWrXCdYLlH0RgjGqI5Ig790fFRLceLo7owa/ObzGQBZhvVso7peCWFVR3SCowZHDO6Z+LyBPUvAPzwu42B22Kv4aVVHdIJfPO6D8w/LcbjciBwHDxQ7rXA64POJcyTglOB4iYBXQgTrmKN+uIdfVP6E8Q/D6YTFGNC/jxzaWUFYgCUdAZZfNkTI9rWFmoLZvu5epQym6zoiCxxB9u9riMLphWsR15Ek3nyGdyXioWS+zpcdRAClaEx9C6P9V70Twmkd4YJYFpaEBdlTSheF33Te8JZ/86Z1XPzluzKsFozQKdPG3vXBnNYR76AfF+oQwXLGlt/MAi/109FhwqZ9nl/2zQWuI+AMloCqao0GghFUUncc9JOaaaqI8S5lMN3VESwB7mINd6IdBpvvneFtpKIBsN7WKTlgUzu8PQYeYl9HpEuwrfUUKhQYbCdVbKxqhxgvx3HN6gg7CZKoUczVv6dr+m/cQL6s6Oe44uQ00k3Y1g4x3tUQTPs64t2aQI1g0laGmNJl3KSQJpET+nneUwGdVSMOTxK7hXXtsPW8PGWrjsgeCTrROImamrXueaQQ7Z0e6ugzul1qrl/COiYynQc0+Tcy1A6J5+cn6zOo9L3BomsJmmmcyTeSYhDdsUJE1znymDSmaYylns2vPZlqhxhvheglfAZfQlRkZup5EGgyWMNEFnlto0Y30SE6HoIRFG0b0WbP8/ZHzatQizDqZuzEIGp0FR0YEcKC+pR+cwM1btDUKj3Y0i5qdBsdoseAYEWnMZBu0kO25/M2agx2Gx0YEcKSzZ7HwvZ8TvN6mqraP6J7ER4jQmSgaXi7pkP1NR2q72EXIEJkJNoeAqgEG7jZq/TQC/4DWC8V2Ky8WG0AAAAASUVORK5CYII=\" class=\"embedded-image\"><div>ㄷㄷ</div>','https://d21hr323cyxfck.cloudfront.net/public/posts/contents/a8dcdf11-1a14-4f97-8c8b-b393fad2057f.png','ㄷㄷ',NULL,_binary '',12321,1,3),(42,'2024-10-10 02:50:52.868471','2024-10-11 04:08:38.287011',24,'강원도 인제군의 신선한 오미자 청입니다..','https://d21hr323cyxfck.cloudfront.net/public/posts/contents/d8174990-4eae-44ba-881a-bd571711dd99.jpg','[강원 인제군] 오미자청 1세트','https://d21hr323cyxfck.cloudfront.net/public/profiles/6440a07e-71f8-49c1-8295-e9e0a4ebea3f.jpg',_binary '\0',30000,4,3),(43,'2024-10-10 10:31:37.321795','2024-10-10 21:26:32.983645',5,'햇살이 쨍쨍해',NULL,'상품권','https://d21hr323cyxfck.cloudfront.net/public/profiles/f7999016-6164-4a3f-af6f-cf2e2605a0db.png',_binary '',12312,1,3),(44,'2024-10-10 11:46:46.552486','2024-10-10 11:47:10.266800',0,'테스트합니다','https://d21hr323cyxfck.cloudfront.net/public/posts/contents/c53f277f-a567-44c6-8e15-d9c6a7e32f58.png','공예품 테스트','https://d21hr323cyxfck.cloudfront.net/public/profiles/f3aa42d3-bb01-435c-93f0-c85b3c848eaa.png',_binary '',0,5,3),(45,'2024-10-10 11:47:28.219027','2024-10-10 21:26:30.061823',4,'귀여운 연필 팝니다','https://d21hr323cyxfck.cloudfront.net/public/posts/contents/94c08b46-f8cc-4718-9990-6cb9727d9989.png','공예품 테스트','https://d21hr323cyxfck.cloudfront.net/public/profiles/bc413bce-7f5b-4ea8-a38f-0d28cc144131.png',_binary '',30000,5,3),(46,'2024-10-10 13:45:53.368757','2024-10-10 14:54:07.063191',0,'복사해서 붙여넣을게요','https://d21hr323cyxfck.cloudfront.net/public/posts/contents/eebd403d-f910-4b68-b17f-6e550910d851.png','테스트','https://d21hr323cyxfck.cloudfront.net/public/profiles/36a43333-78b4-4c10-800e-95bab7b97078.png',_binary '',200000,3,3),(47,'2024-10-10 14:06:11.954164','2024-10-10 16:39:00.778292',2,'맛난 물고기 팝니다','https://d21hr323cyxfck.cloudfront.net/public/posts/contents/b68fb090-e86e-4522-8ab3-7d5274616f74.png','수산물','https://d21hr323cyxfck.cloudfront.net/public/profiles/9bc1ee1b-e531-4087-b38c-2247e8b4e328.png',_binary '',11111,3,3),(48,'2024-10-10 14:42:30.505163','2024-10-10 14:54:03.043746',0,'수산물 테스트','https://d21hr323cyxfck.cloudfront.net/public/posts/contents/43c641a6-89f7-414a-b163-0d78e2341eab.png','수산물','https://d21hr323cyxfck.cloudfront.net/public/profiles/63cdfe3d-894a-49d4-abc3-25cdb59061a6.png',_binary '',222222,3,3),(49,'2024-10-10 15:29:45.293222','2024-10-10 16:39:17.420166',1,'죠리퐁요리퐁',NULL,'죠리퐁','https://d21hr323cyxfck.cloudfront.net/public/profiles/3e0c8b7d-047c-46e1-80c5-0b030b33fadc.png',_binary '',10000,4,3),(50,'2024-10-11 04:11:49.113884','2024-10-11 04:19:11.399736',0,'냉동 치즈 피자입니다 ',NULL,'냉동 치즈 피자','https://d21hr323cyxfck.cloudfront.net/public/profiles/baf00e42-7e2a-496a-91f4-b1b5049e6ddf.jpg',_binary '',100000,4,67),(51,'2024-10-11 04:29:08.249028','2024-10-11 09:05:09.894471',0,'임실 치즈 피자는 한국의 전라북도 임실군에서 생산된 고품질의 임실 치즈를 사용해 만든 피자로, 깊고 고소한 풍미가 특징입니다. 임실은 한국 치즈의 본고장으로 알려져 있으며, 지역 내 신선한 우유와 자연 발효 공정을 통해 만든 치즈는 부드러우면서도 풍부한 맛을 자랑합니다. 특히 임실 치즈는 소화가 잘 되고 신선한 맛이 오랫동안 유지되어, 피자와의 조화가 탁월합니다. 이 치즈를 아낌없이 올려 구운 임실 치즈 피자는 쫀득한 식감과 입 안에서 사르르 녹는 맛으로, 치즈 애호가들에게 인기를 끌고 있습니다.',NULL,'[전북 임실군] 임실 앤 치즈피자','https://d21hr323cyxfck.cloudfront.net/public/profiles/2373159f-3e47-4a3f-a520-ba89d503fddd.jpeg',_binary '',80000,4,67),(52,'2024-10-11 09:14:06.801541','2024-10-11 09:14:06.801541',0,'','https://d21hr323cyxfck.cloudfront.net/public/posts/contents/5dcc8125-a618-4bd8-a680-050b6042469b.jpg','[충북 보은군] 보은대추차 110ml 30포','https://d21hr323cyxfck.cloudfront.net/public/profiles/e6c2b256-dc2e-4375-b953-49cefb7d04dd.jpg',_binary '\0',40000,4,67),(53,'2024-10-11 09:17:20.091769','2024-10-11 09:17:20.091769',0,'결초보은 속리산쌀은 삼광미로 쌀알이 커 씹는 느낌이 좋고 탄력이 있으며\n\n밥향이 좋고 맑고 투명하며 은은한 단맛이 느껴져 밥맛이 일품 입니다.','https://d21hr323cyxfck.cloudfront.net/public/posts/contents/02a73ad9-a5dd-4d01-81bd-aa7dc87de126.jpg','[충북 보은군] 결초보은 속리산쌀','https://d21hr323cyxfck.cloudfront.net/public/profiles/8ddefd82-ccf5-4c36-92b8-5e78f253f30a.jpg',_binary '\0',32000,2,67),(54,'2024-10-11 09:18:58.782622','2024-10-11 09:18:58.782622',0,'','https://d21hr323cyxfck.cloudfront.net/public/posts/contents/8d513151-08b8-4cf5-85db-0d77fe0a7505.jpg','[충남 보령시] 건양송이버섯3종세트','https://d21hr323cyxfck.cloudfront.net/public/profiles/6cb31d60-eb5d-40cf-be0f-cdd4fb2ac041.jpg',_binary '\0',45000,2,68),(55,'2024-10-11 09:20:24.450296','2024-10-11 09:51:31.553197',1,'','https://d21hr323cyxfck.cloudfront.net/public/posts/contents/e42c5b27-b039-414e-ac9b-5b74820b1e76.jpg','[충남 보령시] 명품 한돈 구이세트','https://d21hr323cyxfck.cloudfront.net/public/profiles/02fa05c2-8fdf-4610-bdd3-8d95f9b23cea.jpg',_binary '\0',50000,2,68),(56,'2024-10-11 09:23:26.378197','2024-10-11 09:25:09.816368',0,'임실 치즈 피자는 한국의 전라북도 임실군에서 생산된 고품질의 임실 치즈를 사용해 만든 피자로, 깊고 고소한 풍미가 특징입니다. 임실은 한국 치즈의 본고장으로 알려져 있으며, 지역 내 신선한 우유와 자연 발효 공정을 통해 만든 치즈는 부드러우면서도 풍부한 맛을 자랑합니다. 특히 임실 치즈는 소화가 잘 되고 신선한 맛이 오랫동안 유지되어, 피자와의 조화가 탁월합니다. 이 치즈를 아낌없이 올려 구운 임실 치즈 피자는 쫀득한 식감과 입 안에서 사르르 녹는 맛으로, 치즈 애호가들에게 인기를 끌고 있습니다.',NULL,'[전북 임실군] 임실 앤 치즈피자','https://d21hr323cyxfck.cloudfront.net/public/profiles/81ffa664-39ba-4067-ab94-a13ef1af8ec9.jpeg',_binary '',80000,4,3);
/*!40000 ALTER TABLE `gifts` ENABLE KEYS */;
UNLOCK TABLES;

--
-- Table structure for table `initialization_flag`
--

DROP TABLE IF EXISTS `initialization_flag`;
/*!40101 SET @saved_cs_client     = @@character_set_client */;
/*!50503 SET character_set_client = utf8mb4 */;
CREATE TABLE `initialization_flag` (
  `initialized` tinyint(1) DEFAULT NULL
) ENGINE=InnoDB DEFAULT CHARSET=utf8mb4 COLLATE=utf8mb4_0900_ai_ci;
/*!40101 SET character_set_client = @saved_cs_client */;

--
-- Dumping data for table `initialization_flag`
--

LOCK TABLES `initialization_flag` WRITE;
/*!40000 ALTER TABLE `initialization_flag` DISABLE KEYS */;
INSERT INTO `initialization_flag` VALUES (1),(1);
/*!40000 ALTER TABLE `initialization_flag` ENABLE KEYS */;
UNLOCK TABLES;

--
-- Table structure for table `orders`
--

DROP TABLE IF EXISTS `orders`;
/*!40101 SET @saved_cs_client     = @@character_set_client */;
/*!50503 SET character_set_client = utf8mb4 */;
CREATE TABLE `orders` (
  `order_idx` bigint NOT NULL AUTO_INCREMENT,
  `created_date` datetime(6) NOT NULL,
  `modified_date` datetime(6) NOT NULL,
  `amount` int NOT NULL,
  `card_number` varchar(20) DEFAULT NULL,
  `payment_method` varchar(255) NOT NULL,
  `price` int NOT NULL,
  `status` enum('DELIVERED','DELIVERY','PROCESSED','REFUDING','REFUNDED','SHIPPED') DEFAULT NULL,
  `gift_idx` int DEFAULT NULL,
  `user_idx` int DEFAULT NULL,
  PRIMARY KEY (`order_idx`),
  KEY `FKpyatqywar7luqbt66wyjh5hir` (`gift_idx`),
  KEY `FK9cdcvi4xxswdtr7sekm0x8pmx` (`user_idx`),
  CONSTRAINT `FK9cdcvi4xxswdtr7sekm0x8pmx` FOREIGN KEY (`user_idx`) REFERENCES `users` (`user_idx`),
  CONSTRAINT `FKpyatqywar7luqbt66wyjh5hir` FOREIGN KEY (`gift_idx`) REFERENCES `gifts` (`gift_idx`)
) ENGINE=InnoDB AUTO_INCREMENT=144 DEFAULT CHARSET=utf8mb4 COLLATE=utf8mb4_0900_ai_ci;
/*!40101 SET character_set_client = @saved_cs_client */;

--
-- Dumping data for table `orders`
--

LOCK TABLES `orders` WRITE;
/*!40000 ALTER TABLE `orders` DISABLE KEYS */;
INSERT INTO `orders` VALUES (1,'2024-10-10 00:00:00.000000','2024-10-07 17:40:01.715086',1,NULL,'신용 / 체크 카드',150000,'PROCESSED',1,1),(2,'2024-10-10 00:00:00.000000','2024-10-07 23:50:56.312699',1,NULL,'신용 / 체크 카드',150000,'PROCESSED',1,6),(3,'2024-10-10 00:00:00.000000','2024-10-08 01:29:58.539742',1,NULL,'신용 / 체크 카드',150000,'PROCESSED',1,6),(4,'2024-10-10 00:00:00.000000','2024-10-08 01:32:20.869241',1,NULL,'KAKAO',150000,'PROCESSED',1,6),(5,'2024-10-10 00:00:00.000000','2024-10-08 01:39:10.004766',1,NULL,'신용 / 체크 카드',150000,'PROCESSED',1,6),(6,'2024-10-10 00:00:00.000000','2024-10-08 09:15:44.431829',1,NULL,'신용 / 체크 카드',150000,'PROCESSED',1,6),(7,'2024-10-10 00:00:00.000000','2024-10-08 12:46:13.479174',1,NULL,'KAKAO',150000,'PROCESSED',1,1),(8,'2024-10-10 00:00:00.000000','2024-10-08 13:48:59.876820',1,NULL,'신용 / 체크 카드',150000,'PROCESSED',1,6),(9,'2024-10-10 00:00:00.000000','2024-10-08 13:49:10.118534',1,NULL,'KAKAO',150000,'PROCESSED',1,6),(10,'2024-10-10 00:00:00.000000','2024-10-08 13:52:56.430328',1,NULL,'KAKAO',150000,'PROCESSED',1,1),(11,'2024-10-10 00:00:00.000000','2024-10-08 13:57:35.772772',30000,'','KAKAO',205032704,'PROCESSED',1,1),(12,'2024-10-10 00:00:00.000000','2024-10-08 14:34:02.657425',1,NULL,'KAKAO',150000,'PROCESSED',1,6),(13,'2024-10-10 00:00:00.000000','2024-10-08 14:34:11.360644',1,NULL,'KAKAO',150000,'PROCESSED',1,6),(14,'2024-10-10 00:00:00.000000','2024-10-08 14:43:21.199908',1,NULL,'KAKAO',150000,'PROCESSED',1,6),(15,'2024-10-10 00:00:00.000000','2024-10-08 17:23:45.589952',1,NULL,'신용 / 체크 카드',150000,'PROCESSED',1,6),(16,'2024-10-10 00:00:00.000000','2024-10-08 17:23:48.917745',1,NULL,'KAKAO',150000,'PROCESSED',1,6),(17,'2024-10-10 00:00:00.000000','2024-10-08 17:29:05.407072',1,NULL,'KAKAO',150000,'PROCESSED',1,6),(18,'2024-10-10 00:00:00.000000','2024-10-09 15:31:25.416586',1,NULL,'KAKAO',150000,'PROCESSED',1,6),(19,'2024-10-10 00:00:00.000000','2024-10-09 23:49:55.549009',1,NULL,'신용 / 체크 카드',30000,'PROCESSED',21,6),(20,'2024-10-10 00:00:00.000000','2024-10-09 23:49:59.490973',1,NULL,'신용 / 체크 카드',30000,'PROCESSED',21,6),(21,'2024-10-10 00:00:00.000000','2024-10-09 23:50:02.770690',1,NULL,'신용 / 체크 카드',30000,'PROCESSED',21,6),(22,'2024-10-10 00:00:00.000000','2024-10-09 23:54:54.523325',1,NULL,'신용 / 체크 카드',30000,'PROCESSED',21,12),(23,'2024-10-10 00:00:00.000000','2024-10-10 04:15:42.750604',1,NULL,'신용 / 체크 카드',30000,'PROCESSED',21,6),(24,'2024-10-10 00:00:00.000000','2024-10-10 04:15:46.845888',1,NULL,'신용 / 체크 카드',30000,'PROCESSED',21,6),(25,'2024-10-10 00:00:00.000000','2024-10-10 04:21:24.188669',1,NULL,'KAKAO',30000,'PROCESSED',21,6),(26,'2024-10-10 00:00:00.000000','2024-10-10 09:04:50.070983',1,NULL,'신용 / 체크 카드',30000,'PROCESSED',25,6),(27,'2024-10-10 00:00:00.000000','2024-10-10 09:04:55.937942',1,NULL,'신용 / 체크 카드',30000,'PROCESSED',25,6),(28,'2024-10-10 00:00:00.000000','2024-10-10 09:31:09.773609',1,NULL,'신용 / 체크 카드',30000,'PROCESSED',21,6),(29,'2024-10-10 00:00:00.000000','2024-10-10 09:31:11.762419',1,NULL,'KAKAO',30000,'PROCESSED',21,6),(30,'2024-10-10 00:00:00.000000','2024-10-10 09:59:42.228981',1,NULL,'신용 / 체크 카드',30000,'PROCESSED',21,6),(31,'2024-10-10 00:00:00.000000','2024-10-10 10:00:00.080112',1,NULL,'신용 / 체크 카드',123123,'PROCESSED',42,6),(32,'2024-10-10 00:00:00.000000','2024-10-10 10:00:07.739772',1,NULL,'신용 / 체크 카드',30000,'PROCESSED',20,6),(33,'2024-10-10 00:00:00.000000','2024-10-10 10:00:08.069781',1,NULL,'신용 / 체크 카드',123123,'PROCESSED',42,6),(34,'2024-10-10 00:00:00.000000','2024-10-10 10:00:10.867087',1,NULL,'신용 / 체크 카드',123123,'PROCESSED',42,6),(35,'2024-10-10 00:00:00.000000','2024-10-10 10:22:53.593209',1,NULL,'신용 / 체크 카드',30000,'PROCESSED',20,6),(36,'2024-10-10 00:00:00.000000','2024-10-10 10:22:57.185396',1,NULL,'신용 / 체크 카드',30000,'PROCESSED',20,6),(37,'2024-10-10 00:00:00.000000','2024-10-10 10:23:07.621825',1,NULL,'신용 / 체크 카드',30000,'PROCESSED',22,6),(38,'2024-10-10 00:00:00.000000','2024-10-10 10:23:23.492655',1,NULL,'신용 / 체크 카드',30000,'PROCESSED',21,6),(39,'2024-10-10 00:00:00.000000','2024-10-10 10:32:08.619798',1,NULL,'신용 / 체크 카드',12312,'PROCESSED',43,6),(40,'2024-10-10 00:00:00.000000','2024-10-10 10:35:54.381366',1,NULL,'신용 / 체크 카드',30000,'PROCESSED',21,6),(41,'2024-10-10 00:00:00.000000','2024-10-10 10:52:46.621431',1,NULL,'신용 / 체크 카드',123123,'PROCESSED',42,6),(42,'2024-10-10 00:00:00.000000','2024-10-10 11:10:22.274293',1,NULL,'신용 / 체크 카드',30000,'PROCESSED',20,6),(43,'2024-10-10 00:00:00.000000','2024-10-10 11:40:01.822823',1,NULL,'KAKAO',123123,'PROCESSED',42,6),(44,'2024-10-10 00:00:00.000000','2024-10-10 11:40:24.989817',1,NULL,'신용 / 체크 카드',12312,'PROCESSED',43,6),(45,'2024-10-10 00:00:00.000000','2024-10-10 11:40:29.149901',1,NULL,'신용 / 체크 카드',12312,'PROCESSED',43,6),(46,'2024-10-10 00:00:00.000000','2024-10-10 11:40:30.278553',1,NULL,'신용 / 체크 카드',12312,'PROCESSED',43,6),(47,'2024-10-10 00:00:00.000000','2024-10-10 11:40:32.429049',1,NULL,'신용 / 체크 카드',12312,'PROCESSED',43,6),(48,'2024-10-10 00:00:00.000000','2024-10-10 11:40:39.993701',1,NULL,'신용 / 체크 카드',123123,'PROCESSED',42,6),(49,'2024-10-10 00:00:00.000000','2024-10-10 11:40:41.530413',1,NULL,'신용 / 체크 카드',123123,'PROCESSED',42,6),(50,'2024-10-10 00:00:00.000000','2024-10-10 11:40:43.783209',1,NULL,'신용 / 체크 카드',123123,'PROCESSED',42,6),(51,'2024-10-10 00:00:00.000000','2024-10-10 11:40:46.546381',1,NULL,'신용 / 체크 카드',123123,'PROCESSED',42,6),(52,'2024-10-10 00:00:00.000000','2024-10-10 11:48:35.545069',1,NULL,'신용 / 체크 카드',30000,'PROCESSED',45,6),(53,'2024-10-10 00:00:00.000000','2024-10-10 11:48:37.084519',1,NULL,'신용 / 체크 카드',30000,'PROCESSED',45,6),(54,'2024-10-10 00:00:00.000000','2024-10-10 11:48:42.604262',1,NULL,'신용 / 체크 카드',30000,'PROCESSED',45,6),(55,'2024-10-10 00:00:00.000000','2024-10-10 11:48:43.875079',1,NULL,'신용 / 체크 카드',30000,'PROCESSED',45,6),(56,'2024-10-10 00:00:00.000000','2024-10-10 13:48:43.556381',2,NULL,'KAKAO',60000,'PROCESSED',24,70),(57,'2024-10-10 00:00:00.000000','2024-10-10 14:07:31.766722',2,NULL,'KAKAO',60000,'PROCESSED',24,70),(58,'2024-10-10 00:00:00.000000','2024-10-10 14:23:40.075450',1,NULL,'KAKAO',30000,'PROCESSED',21,70),(59,'2024-10-10 00:00:00.000000','2024-10-10 15:31:46.482201',1,NULL,'KAKAO',10000,'PROCESSED',49,70),(60,'2024-10-10 00:00:00.000000','2024-10-10 15:33:57.352655',1,NULL,'KAKAO',11111,'PROCESSED',47,70),(61,'2024-10-10 00:00:00.000000','2024-10-10 15:34:49.063271',1,NULL,'KAKAO',11111,'PROCESSED',47,70),(62,'2024-10-10 00:00:00.000000','2024-10-10 15:47:56.538951',1,NULL,'KAKAO',30000,'PROCESSED',24,70),(63,'2024-10-10 00:00:00.000000','2024-10-10 16:05:18.493321',1,NULL,'신용,체크-카드',30000,'PROCESSED',42,6),(64,'2024-10-10 00:00:00.000000','2024-10-10 16:06:40.881639',1,NULL,'신용,체크-카드',30000,'PROCESSED',42,6),(65,'2024-10-10 00:00:00.000000','2024-10-10 16:10:13.772788',1,NULL,'신용,체크-카드',30000,'PROCESSED',42,6),(66,'2024-10-10 00:00:00.000000','2024-10-10 16:14:56.755334',1,NULL,'신용,체크+카드',30000,'PROCESSED',42,6),(67,'2024-10-10 00:00:00.000000','2024-10-10 16:41:48.085329',1,NULL,'KAKAO',30000,'PROCESSED',20,6),(68,'2024-10-10 00:00:00.000000','2024-10-10 21:00:05.494134',1,NULL,'신용,체크+카드',30000,'PROCESSED',15,6),(69,'2024-10-10 00:00:00.000000','2024-10-10 21:22:43.668538',1,NULL,'KAKAO',30000,'PROCESSED',42,6),(70,'2024-10-10 00:00:00.000000','2024-10-10 21:39:23.611591',1,NULL,'KAKAO',30000,'PROCESSED',42,71),(71,'2024-10-10 00:00:00.000000','2024-10-10 21:41:35.789471',1,NULL,'KAKAO',30000,'PROCESSED',15,71),(72,'2024-10-10 00:00:00.000000','2024-10-10 22:49:08.062015',1,NULL,'KAKAO',9000,'PROCESSED',28,12),(73,'2024-10-10 00:00:00.000000','2024-10-10 22:49:43.953794',1,NULL,'KAKAO',9000,'PROCESSED',28,12),(74,'2024-10-10 00:00:00.000000','2024-10-10 22:50:50.327872',1,NULL,'KAKAO',9000,'PROCESSED',28,12),(75,'2024-10-10 00:00:00.000000','2024-10-10 22:55:19.951400',1,NULL,'KAKAO',9000,'PROCESSED',28,12),(76,'2024-01-05 00:00:00.000000','2024-10-10 22:55:26.722105',5,NULL,'농협카드',150000,'PROCESSED',2,12),(77,'2024-01-10 00:00:00.000000','2024-10-10 22:56:10.532867',1,NULL,'KAKAO',15000,'PROCESSED',30,12),(78,'2024-10-10 00:00:00.000000','2024-10-10 22:56:44.881954',1,NULL,'KAKAO',15000,'PROCESSED',30,12),(79,'2024-02-18 00:00:00.000000','2024-10-10 22:57:44.661552',7,NULL,'농협카드',210000,'PROCESSED',2,17),(80,'2024-03-25 00:00:00.000000','2024-10-10 22:59:05.497618',6,NULL,'농협카드',180000,'PROCESSED',2,22),(81,'2024-04-05 00:00:00.000000','2024-10-10 23:00:55.400979',8,NULL,'농협카드',240000,'PROCESSED',2,27),(82,'2024-10-10 23:01:57.945934','2024-10-10 23:01:57.945934',1,NULL,'KAKAO',30000,'PROCESSED',2,12),(83,'2024-05-21 00:00:00.000000','2024-10-10 23:12:22.937982',4,NULL,'농협카드',120000,'PROCESSED',2,32),(84,'2024-10-10 23:13:33.581352','2024-10-10 23:13:33.581352',1,NULL,'KAKAO',30000,'PROCESSED',2,12),(85,'2024-06-06 00:00:00.000000','2024-10-10 23:14:23.792201',9,NULL,'농협카드',270000,'PROCESSED',2,37),(86,'2024-07-09 00:00:00.000000','2024-10-10 23:15:12.235563',12,NULL,'농협카드',360000,'PROCESSED',2,42),(87,'2024-08-11 00:00:00.000000','2024-10-10 23:15:53.688915',10,NULL,'농협카드',300000,'PROCESSED',2,47),(88,'2024-09-19 00:00:00.000000','2024-10-10 23:16:33.888340',11,NULL,'농협카드',330000,'PROCESSED',2,52),(89,'2024-10-10 23:17:07.074410','2024-10-10 23:17:07.074410',3,NULL,'농협카드',90000,'PROCESSED',2,57),(90,'2024-10-10 23:18:07.477979','2024-10-10 23:18:07.477979',1,NULL,'신용,체크+카드',30000,'PROCESSED',42,6),(91,'2024-10-10 23:18:25.036822','2024-10-10 23:18:25.036822',1,NULL,'KAKAO',30000,'PROCESSED',2,12),(92,'2024-10-10 23:18:29.669001','2024-10-10 23:18:29.669001',1,NULL,'신용,체크+카드',30000,'PROCESSED',26,6),(93,'2024-10-10 23:20:10.810059','2024-10-10 23:20:10.810059',1,NULL,'KAKAO',30000,'PROCESSED',42,12),(94,'2024-01-27 00:00:00.000000','2024-10-10 23:22:54.490633',3,NULL,'농협카드',24000,'PROCESSED',7,13),(95,'2024-02-18 00:00:00.000000','2024-10-10 23:23:33.320753',2,NULL,'농협카드',16000,'PROCESSED',7,18),(96,'2024-03-31 00:00:00.000000','2024-10-10 23:24:16.144335',4,NULL,'농협카드',32000,'PROCESSED',7,23),(97,'2024-10-10 23:24:20.438763','2024-10-10 23:24:20.438763',1,NULL,'KAKAO',30000,'PROCESSED',2,12),(98,'2024-04-02 00:00:00.000000','2024-10-10 23:24:47.766008',5,NULL,'농협카드',40000,'PROCESSED',7,28),(99,'2024-05-17 00:00:00.000000','2024-10-10 23:25:18.288123',2,NULL,'농협카드',16000,'PROCESSED',7,33),(100,'2024-06-03 00:00:00.000000','2024-10-10 23:25:48.507285',6,NULL,'농협카드',48000,'PROCESSED',7,38),(101,'2024-07-29 00:00:00.000000','2024-10-10 23:26:19.592904',7,NULL,'농협카드',56000,'PROCESSED',7,43),(102,'2024-08-15 00:00:00.000000','2024-10-10 23:26:48.278868',4,NULL,'농협카드',32000,'PROCESSED',7,48),(103,'2024-09-25 00:00:00.000000','2024-10-10 23:27:14.501719',4,NULL,'농협카드',32000,'PROCESSED',7,53),(104,'2024-10-10 23:27:46.640419','2024-10-10 23:27:46.640419',1,NULL,'농협카드',8000,'PROCESSED',7,58),(105,'2024-01-28 00:00:00.000000','2024-10-10 23:30:07.023396',10,NULL,'농협카드',760000,'PROCESSED',6,14),(106,'2024-02-11 00:00:00.000000','2024-10-10 23:30:44.703290',8,NULL,'농협카드',608000,'PROCESSED',6,19),(107,'2024-03-01 00:00:00.000000','2024-10-10 23:31:13.114015',9,NULL,'농협카드',684000,'PROCESSED',6,24),(108,'2024-04-19 00:00:00.000000','2024-10-10 23:31:46.630625',13,NULL,'농협카드',988000,'PROCESSED',6,29),(109,'2024-05-05 00:00:00.000000','2024-10-10 23:32:14.935613',12,NULL,'농협카드',912000,'PROCESSED',6,34),(110,'2024-06-30 00:00:00.000000','2024-10-10 23:32:43.969376',16,NULL,'농협카드',1216000,'PROCESSED',6,39),(111,'2024-07-23 00:00:00.000000','2024-10-10 23:33:15.286694',23,NULL,'농협카드',1748000,'PROCESSED',6,44),(112,'2024-08-19 00:00:00.000000','2024-10-10 23:33:52.438975',20,NULL,'농협카드',1520000,'PROCESSED',6,49),(113,'2024-09-11 00:00:00.000000','2024-10-10 23:34:22.996599',21,NULL,'농협카드',1596000,'PROCESSED',6,54),(114,'2024-10-10 23:34:50.151959','2024-10-10 23:34:50.151959',15,NULL,'농협카드',1140000,'PROCESSED',6,59),(115,'2024-10-11 00:02:41.256111','2024-10-11 00:02:41.256111',10,NULL,'신용,체크+카드',80000,'PROCESSED',7,6),(116,'2024-10-11 00:03:42.059835','2024-10-11 00:03:42.059835',1,NULL,'신용,체크+카드',9000,'PROCESSED',28,6),(117,'2024-10-11 01:15:07.669974','2024-10-11 01:15:07.669974',1,NULL,'신용,체크+카드',8000,'PROCESSED',7,6),(118,'2024-10-11 01:21:05.811776','2024-10-11 01:21:05.811776',1,NULL,'신용,체크+카드',30000,'PROCESSED',42,6),(119,'2024-10-11 01:24:21.057520','2024-10-11 01:24:21.057520',1,NULL,'KAKAO',30000,'PROCESSED',20,71),(120,'2024-10-11 01:30:52.027023','2024-10-11 01:30:52.027023',1,NULL,'신용,체크+카드',9000,'PROCESSED',28,6),(121,'2024-10-11 01:33:58.964528','2024-10-11 01:33:58.964528',1,NULL,'KAKAO',30000,'PROCESSED',21,71),(122,'2023-12-23 02:09:13.317179','2024-10-11 02:09:13.317179',1,NULL,'KAKAO',30000,'PROCESSED',2,9),(123,'2024-10-11 02:29:10.582887','2024-10-11 02:29:10.582887',1,NULL,'KAKAO',30000,'PROCESSED',20,71),(124,'2024-10-11 02:30:35.972950','2024-10-11 02:30:35.972950',1,NULL,'신용,체크+카드',30000,'PROCESSED',17,6),(125,'2024-10-06 02:38:22.839006','2024-10-11 02:38:22.839006',1,NULL,'KAKAO',30000,'PROCESSED',23,9),(126,'2024-06-18 02:38:52.943174','2024-10-11 02:38:52.943174',2,NULL,'KAKAO',60000,'PROCESSED',20,9),(127,'2024-04-11 02:39:37.449357','2024-10-11 02:39:37.449357',1,NULL,'KAKAO',30000,'PROCESSED',24,9),(128,'2024-10-11 02:55:11.207205','2024-10-11 02:55:11.207205',1,NULL,'신용,체크+카드',30000,'PROCESSED',42,6),(129,'2024-10-11 02:59:42.162007','2024-10-11 02:59:42.162007',1,NULL,'KAKAO',8000,'PROCESSED',7,6),(130,'2024-10-11 03:01:42.691457','2024-10-11 03:01:42.691457',1,NULL,'KAKAO',30000,'PROCESSED',15,6),(131,'2024-10-11 03:02:56.042143','2024-10-11 03:02:56.042143',1,NULL,'신용,체크+카드',15000,'PROCESSED',30,6),(132,'2024-10-11 03:05:54.695889','2024-10-11 03:05:54.695889',1,NULL,'신용,체크+카드',30000,'PROCESSED',26,6),(133,'2024-10-11 03:13:45.452125','2024-10-11 03:13:45.452125',1,NULL,'신용,체크+카드',30000,'PROCESSED',42,6),(134,'2024-10-11 03:26:26.621874','2024-10-11 03:26:26.621874',1,NULL,'신용,체크+카드',30000,'PROCESSED',42,70),(135,'2024-10-11 03:29:59.888474','2024-10-11 03:29:59.888474',1,NULL,'KAKAO',15000,'PROCESSED',30,70),(136,'2024-10-11 03:33:47.616829','2024-10-11 03:33:47.616829',1,NULL,'신용,체크+카드',30000,'PROCESSED',42,12),(137,'2024-10-11 03:55:13.350301','2024-10-11 03:55:13.350301',1,NULL,'신용,체크+카드',15000,'PROCESSED',30,70),(138,'2024-10-11 03:57:35.065241','2024-10-11 03:57:35.065241',1,NULL,'신용,체크+카드',30000,'PROCESSED',42,70),(139,'2024-10-11 04:08:38.275015','2024-10-11 04:08:38.275015',1,NULL,'신용,체크+카드',30000,'PROCESSED',42,70),(140,'2024-10-11 04:13:11.459725','2024-10-11 04:13:11.459725',1,NULL,'신용,체크+카드',30000,'PROCESSED',2,9),(141,'2024-10-11 04:32:02.785181','2024-10-11 04:32:02.785181',1,NULL,'신용,체크+카드',30000,'PROCESSED',2,70),(142,'2024-10-11 04:36:37.942874','2024-10-11 04:36:37.942874',1,NULL,'신용,체크+카드',30000,'PROCESSED',2,70),(143,'2024-10-11 09:51:31.231433','2024-10-11 09:51:31.231433',1,NULL,'KAKAO',50000,'PROCESSED',55,12);
/*!40000 ALTER TABLE `orders` ENABLE KEYS */;
UNLOCK TABLES;

--
-- Table structure for table `qna`
--

DROP TABLE IF EXISTS `qna`;
/*!40101 SET @saved_cs_client     = @@character_set_client */;
/*!50503 SET character_set_client = utf8mb4 */;
CREATE TABLE `qna` (
  `qna_idx` int NOT NULL AUTO_INCREMENT,
  `created_date` datetime(6) NOT NULL,
  `modified_date` datetime(6) NOT NULL,
  `qna_content` varchar(1000) NOT NULL,
  `qna_title` varchar(50) NOT NULL,
  `user_idx` int DEFAULT NULL,
  PRIMARY KEY (`qna_idx`),
  KEY `FK7qgluf5wyhuxh08128cmcdwyr` (`user_idx`),
  CONSTRAINT `FK7qgluf5wyhuxh08128cmcdwyr` FOREIGN KEY (`user_idx`) REFERENCES `users` (`user_idx`)
) ENGINE=InnoDB AUTO_INCREMENT=4 DEFAULT CHARSET=utf8mb4 COLLATE=utf8mb4_0900_ai_ci;
/*!40101 SET character_set_client = @saved_cs_client */;

--
-- Dumping data for table `qna`
--

LOCK TABLES `qna` WRITE;
/*!40000 ALTER TABLE `qna` DISABLE KEYS */;
INSERT INTO `qna` VALUES (1,'2024-10-08 01:42:01.893287','2024-10-08 01:42:01.893287','ccc','ccc',6),(2,'2024-10-08 16:04:11.377897','2024-10-08 16:04:11.377897','lukutwq3etyyhjl/liuttuhjlk;l;itr56wijo;iy2','jiouyitretyuyukhljuyty',6),(3,'2024-10-09 00:08:56.607662','2024-10-09 00:08:56.607662','ㅌ','ㅡㅡ',6);
/*!40000 ALTER TABLE `qna` ENABLE KEYS */;
UNLOCK TABLES;

--
-- Table structure for table `region`
--

DROP TABLE IF EXISTS `region`;
/*!40101 SET @saved_cs_client     = @@character_set_client */;
/*!50503 SET character_set_client = utf8mb4 */;
CREATE TABLE `region` (
  `region_idx` int NOT NULL AUTO_INCREMENT,
  `created_date` datetime(6) NOT NULL,
  `modified_date` datetime(6) NOT NULL,
  `sido` varchar(10) NOT NULL,
  `sigungu` varchar(10) NOT NULL,
  PRIMARY KEY (`region_idx`)
) ENGINE=InnoDB AUTO_INCREMENT=262 DEFAULT CHARSET=utf8mb4 COLLATE=utf8mb4_0900_ai_ci;
/*!40101 SET character_set_client = @saved_cs_client */;

--
-- Dumping data for table `region`
--

LOCK TABLES `region` WRITE;
/*!40000 ALTER TABLE `region` DISABLE KEYS */;
INSERT INTO `region` VALUES (1,'2024-10-07 17:38:47.000000','2024-10-07 17:38:47.000000','서울특별시','종로구'),(2,'2024-10-07 17:38:47.000000','2024-10-07 17:38:47.000000','서울특별시','중구'),(3,'2024-10-07 17:38:47.000000','2024-10-07 17:38:47.000000','서울특별시','용산구'),(4,'2024-10-07 17:38:47.000000','2024-10-07 17:38:47.000000','서울특별시','성동구'),(5,'2024-10-07 17:38:47.000000','2024-10-07 17:38:47.000000','서울특별시','광진구'),(6,'2024-10-07 17:38:47.000000','2024-10-07 17:38:47.000000','서울특별시','동대문구'),(7,'2024-10-07 17:38:47.000000','2024-10-07 17:38:47.000000','서울특별시','중랑구'),(8,'2024-10-07 17:38:47.000000','2024-10-07 17:38:47.000000','서울특별시','성북구'),(9,'2024-10-07 17:38:47.000000','2024-10-07 17:38:47.000000','서울특별시','강북구'),(10,'2024-10-07 17:38:47.000000','2024-10-07 17:38:47.000000','서울특별시','도봉구'),(11,'2024-10-07 17:38:47.000000','2024-10-07 17:38:47.000000','서울특별시','노원구'),(12,'2024-10-07 17:38:47.000000','2024-10-07 17:38:47.000000','서울특별시','은평구'),(13,'2024-10-07 17:38:47.000000','2024-10-07 17:38:47.000000','서울특별시','서대문구'),(14,'2024-10-07 17:38:47.000000','2024-10-07 17:38:47.000000','서울특별시','마포구'),(15,'2024-10-07 17:38:47.000000','2024-10-07 17:38:47.000000','서울특별시','양천구'),(16,'2024-10-07 17:38:47.000000','2024-10-07 17:38:47.000000','서울특별시','강서구'),(17,'2024-10-07 17:38:47.000000','2024-10-07 17:38:47.000000','서울특별시','구로구'),(18,'2024-10-07 17:38:47.000000','2024-10-07 17:38:47.000000','서울특별시','금천구'),(19,'2024-10-07 17:38:47.000000','2024-10-07 17:38:47.000000','서울특별시','영등포구'),(20,'2024-10-07 17:38:47.000000','2024-10-07 17:38:47.000000','서울특별시','동작구'),(21,'2024-10-07 17:38:47.000000','2024-10-07 17:38:47.000000','서울특별시','관악구'),(22,'2024-10-07 17:38:47.000000','2024-10-07 17:38:47.000000','서울특별시','서초구'),(23,'2024-10-07 17:38:47.000000','2024-10-07 17:38:47.000000','서울특별시','강남구'),(24,'2024-10-07 17:38:47.000000','2024-10-07 17:38:47.000000','서울특별시','송파구'),(25,'2024-10-07 17:38:47.000000','2024-10-07 17:38:47.000000','서울특별시','강동구'),(26,'2024-10-07 17:38:47.000000','2024-10-07 17:38:47.000000','부산광역시','중구'),(27,'2024-10-07 17:38:47.000000','2024-10-07 17:38:47.000000','부산광역시','서구'),(28,'2024-10-07 17:38:47.000000','2024-10-07 17:38:47.000000','부산광역시','동구'),(29,'2024-10-07 17:38:47.000000','2024-10-07 17:38:47.000000','부산광역시','영도구'),(30,'2024-10-07 17:38:47.000000','2024-10-07 17:38:47.000000','부산광역시','부산진구'),(31,'2024-10-07 17:38:47.000000','2024-10-07 17:38:47.000000','부산광역시','동래구'),(32,'2024-10-07 17:38:47.000000','2024-10-07 17:38:47.000000','부산광역시','남구'),(33,'2024-10-07 17:38:47.000000','2024-10-07 17:38:47.000000','부산광역시','북구'),(34,'2024-10-07 17:38:47.000000','2024-10-07 17:38:47.000000','부산광역시','해운대구'),(35,'2024-10-07 17:38:47.000000','2024-10-07 17:38:47.000000','부산광역시','사하구'),(36,'2024-10-07 17:38:47.000000','2024-10-07 17:38:47.000000','부산광역시','금정구'),(37,'2024-10-07 17:38:47.000000','2024-10-07 17:38:47.000000','부산광역시','강서구'),(38,'2024-10-07 17:38:47.000000','2024-10-07 17:38:47.000000','부산광역시','연제구'),(39,'2024-10-07 17:38:47.000000','2024-10-07 17:38:47.000000','부산광역시','수영구'),(40,'2024-10-07 17:38:47.000000','2024-10-07 17:38:47.000000','부산광역시','사상구'),(41,'2024-10-07 17:38:47.000000','2024-10-07 17:38:47.000000','부산광역시','기장군'),(42,'2024-10-07 17:38:47.000000','2024-10-07 17:38:47.000000','대구광역시','중구'),(43,'2024-10-07 17:38:47.000000','2024-10-07 17:38:47.000000','대구광역시','동구'),(44,'2024-10-07 17:38:47.000000','2024-10-07 17:38:47.000000','대구광역시','서구'),(45,'2024-10-07 17:38:47.000000','2024-10-07 17:38:47.000000','대구광역시','남구'),(46,'2024-10-07 17:38:47.000000','2024-10-07 17:38:47.000000','대구광역시','북구'),(47,'2024-10-07 17:38:47.000000','2024-10-07 17:38:47.000000','대구광역시','수성구'),(48,'2024-10-07 17:38:47.000000','2024-10-07 17:38:47.000000','대구광역시','달서구'),(49,'2024-10-07 17:38:47.000000','2024-10-07 17:38:47.000000','대구광역시','달성군'),(50,'2024-10-07 17:38:47.000000','2024-10-07 17:38:47.000000','대구광역시','군위군'),(51,'2024-10-07 17:38:47.000000','2024-10-07 17:38:47.000000','인천광역시','중구'),(52,'2024-10-07 17:38:47.000000','2024-10-07 17:38:47.000000','인천광역시','동구'),(53,'2024-10-07 17:38:47.000000','2024-10-07 17:38:47.000000','인천광역시','미추홀구'),(54,'2024-10-07 17:38:47.000000','2024-10-07 17:38:47.000000','인천광역시','연수구'),(55,'2024-10-07 17:38:47.000000','2024-10-07 17:38:47.000000','인천광역시','남동구'),(56,'2024-10-07 17:38:47.000000','2024-10-07 17:38:47.000000','인천광역시','부평구'),(57,'2024-10-07 17:38:47.000000','2024-10-07 17:38:47.000000','인천광역시','계양구'),(58,'2024-10-07 17:38:47.000000','2024-10-07 17:38:47.000000','인천광역시','서구'),(59,'2024-10-07 17:38:47.000000','2024-10-07 17:38:47.000000','인천광역시','강화군'),(60,'2024-10-07 17:38:47.000000','2024-10-07 17:38:47.000000','인천광역시','옹진군'),(61,'2024-10-07 17:38:47.000000','2024-10-07 17:38:47.000000','광주광역시','동구'),(62,'2024-10-07 17:38:47.000000','2024-10-07 17:38:47.000000','광주광역시','서구'),(63,'2024-10-07 17:38:47.000000','2024-10-07 17:38:47.000000','광주광역시','남구'),(64,'2024-10-07 17:38:47.000000','2024-10-07 17:38:47.000000','광주광역시','북구'),(65,'2024-10-07 17:38:47.000000','2024-10-07 17:38:47.000000','광주광역시','광산구'),(66,'2024-10-07 17:38:47.000000','2024-10-07 17:38:47.000000','대전광역시','동구'),(67,'2024-10-07 17:38:47.000000','2024-10-07 17:38:47.000000','대전광역시','중구'),(68,'2024-10-07 17:38:47.000000','2024-10-07 17:38:47.000000','대전광역시','서구'),(69,'2024-10-07 17:38:47.000000','2024-10-07 17:38:47.000000','대전광역시','유성구'),(70,'2024-10-07 17:38:47.000000','2024-10-07 17:38:47.000000','대전광역시','대덕구'),(71,'2024-10-07 17:38:47.000000','2024-10-07 17:38:47.000000','울산광역시','중구'),(72,'2024-10-07 17:38:47.000000','2024-10-07 17:38:47.000000','울산광역시','남구'),(73,'2024-10-07 17:38:47.000000','2024-10-07 17:38:47.000000','울산광역시','동구'),(74,'2024-10-07 17:38:47.000000','2024-10-07 17:38:47.000000','울산광역시','북구'),(75,'2024-10-07 17:38:47.000000','2024-10-07 17:38:47.000000','울산광역시','울주군'),(76,'2024-10-07 17:38:47.000000','2024-10-07 17:38:47.000000','세종특별자치시','반곡동'),(77,'2024-10-07 17:38:47.000000','2024-10-07 17:38:47.000000','세종특별자치시','소담동'),(78,'2024-10-07 17:38:47.000000','2024-10-07 17:38:47.000000','세종특별자치시','보람동'),(79,'2024-10-07 17:38:47.000000','2024-10-07 17:38:47.000000','세종특별자치시','대평동'),(80,'2024-10-07 17:38:47.000000','2024-10-07 17:38:47.000000','세종특별자치시','가람동'),(81,'2024-10-07 17:38:47.000000','2024-10-07 17:38:47.000000','세종특별자치시','한솔동'),(82,'2024-10-07 17:38:47.000000','2024-10-07 17:38:47.000000','세종특별자치시','나성동'),(83,'2024-10-07 17:38:47.000000','2024-10-07 17:38:47.000000','세종특별자치시','새롬동'),(84,'2024-10-07 17:38:47.000000','2024-10-07 17:38:47.000000','세종특별자치시','다정동'),(85,'2024-10-07 17:38:47.000000','2024-10-07 17:38:47.000000','세종특별자치시','어진동'),(86,'2024-10-07 17:38:47.000000','2024-10-07 17:38:47.000000','세종특별자치시','종촌동'),(87,'2024-10-07 17:38:47.000000','2024-10-07 17:38:47.000000','세종특별자치시','고운동'),(88,'2024-10-07 17:38:47.000000','2024-10-07 17:38:47.000000','세종특별자치시','아름동'),(89,'2024-10-07 17:38:47.000000','2024-10-07 17:38:47.000000','세종특별자치시','도담동'),(90,'2024-10-07 17:38:47.000000','2024-10-07 17:38:47.000000','세종특별자치시','산울동'),(91,'2024-10-07 17:38:47.000000','2024-10-07 17:38:47.000000','세종특별자치시','해밀동'),(92,'2024-10-07 17:38:47.000000','2024-10-07 17:38:47.000000','세종특별자치시','합강동'),(93,'2024-10-07 17:38:47.000000','2024-10-07 17:38:47.000000','세종특별자치시','집현동'),(94,'2024-10-07 17:38:47.000000','2024-10-07 17:38:47.000000','세종특별자치시','세종동'),(95,'2024-10-07 17:38:47.000000','2024-10-07 17:38:47.000000','세종특별자치시','누리동'),(96,'2024-10-07 17:38:47.000000','2024-10-07 17:38:47.000000','세종특별자치시','한별동'),(97,'2024-10-07 17:38:47.000000','2024-10-07 17:38:47.000000','세종특별자치시','다솜동'),(98,'2024-10-07 17:38:47.000000','2024-10-07 17:38:47.000000','세종특별자치시','용호동'),(99,'2024-10-07 17:38:47.000000','2024-10-07 17:38:47.000000','세종특별자치시','조치원읍'),(100,'2024-10-07 17:38:47.000000','2024-10-07 17:38:47.000000','세종특별자치시','연기면'),(101,'2024-10-07 17:38:47.000000','2024-10-07 17:38:47.000000','세종특별자치시','연동면'),(102,'2024-10-07 17:38:47.000000','2024-10-07 17:38:47.000000','세종특별자치시','부강면'),(103,'2024-10-07 17:38:47.000000','2024-10-07 17:38:47.000000','세종특별자치시','금남면'),(104,'2024-10-07 17:38:47.000000','2024-10-07 17:38:47.000000','세종특별자치시','장군면'),(105,'2024-10-07 17:38:47.000000','2024-10-07 17:38:47.000000','세종특별자치시','연서면'),(106,'2024-10-07 17:38:47.000000','2024-10-07 17:38:47.000000','세종특별자치시','전의면'),(107,'2024-10-07 17:38:47.000000','2024-10-07 17:38:47.000000','세종특별자치시','전동면'),(108,'2024-10-07 17:38:47.000000','2024-10-07 17:38:47.000000','세종특별자치시','소정면'),(109,'2024-10-07 17:38:47.000000','2024-10-07 17:38:47.000000','경기도','수원시'),(110,'2024-10-07 17:38:47.000000','2024-10-07 17:38:47.000000','경기도','성남시'),(111,'2024-10-07 17:38:47.000000','2024-10-07 17:38:47.000000','경기도','의정부시'),(112,'2024-10-07 17:38:47.000000','2024-10-07 17:38:47.000000','경기도','안양시'),(113,'2024-10-07 17:38:47.000000','2024-10-07 17:38:47.000000','경기도','부천시'),(114,'2024-10-07 17:38:47.000000','2024-10-07 17:38:47.000000','경기도','광명시'),(115,'2024-10-07 17:38:47.000000','2024-10-07 17:38:47.000000','경기도','평택시'),(116,'2024-10-07 17:38:47.000000','2024-10-07 17:38:47.000000','경기도','동두천시'),(117,'2024-10-07 17:38:47.000000','2024-10-07 17:38:47.000000','경기도','안산시'),(118,'2024-10-07 17:38:47.000000','2024-10-07 17:38:47.000000','경기도','고양시'),(119,'2024-10-07 17:38:47.000000','2024-10-07 17:38:47.000000','경기도','과천시'),(120,'2024-10-07 17:38:47.000000','2024-10-07 17:38:47.000000','경기도','구리시'),(121,'2024-10-07 17:38:47.000000','2024-10-07 17:38:47.000000','경기도','남양주시'),(122,'2024-10-07 17:38:47.000000','2024-10-07 17:38:47.000000','경기도','오산시'),(123,'2024-10-07 17:38:47.000000','2024-10-07 17:38:47.000000','경기도','시흥시'),(124,'2024-10-07 17:38:47.000000','2024-10-07 17:38:47.000000','경기도','군포시'),(125,'2024-10-07 17:38:47.000000','2024-10-07 17:38:47.000000','경기도','의왕시'),(126,'2024-10-07 17:38:47.000000','2024-10-07 17:38:47.000000','경기도','하남시'),(127,'2024-10-07 17:38:47.000000','2024-10-07 17:38:47.000000','경기도','용인시'),(128,'2024-10-07 17:38:47.000000','2024-10-07 17:38:47.000000','경기도','파주시'),(129,'2024-10-07 17:38:47.000000','2024-10-07 17:38:47.000000','경기도','이천시'),(130,'2024-10-07 17:38:47.000000','2024-10-07 17:38:47.000000','경기도','안성시'),(131,'2024-10-07 17:38:47.000000','2024-10-07 17:38:47.000000','경기도','김포시'),(132,'2024-10-07 17:38:47.000000','2024-10-07 17:38:47.000000','경기도','화성시'),(133,'2024-10-07 17:38:47.000000','2024-10-07 17:38:47.000000','경기도','광주시'),(134,'2024-10-07 17:38:47.000000','2024-10-07 17:38:47.000000','경기도','양주시'),(135,'2024-10-07 17:38:47.000000','2024-10-07 17:38:47.000000','경기도','포천시'),(136,'2024-10-07 17:38:47.000000','2024-10-07 17:38:47.000000','경기도','여주시'),(137,'2024-10-07 17:38:47.000000','2024-10-07 17:38:47.000000','경기도','연천군'),(138,'2024-10-07 17:38:47.000000','2024-10-07 17:38:47.000000','경기도','가평군'),(139,'2024-10-07 17:38:47.000000','2024-10-07 17:38:47.000000','경기도','양평군'),(140,'2024-10-07 17:38:47.000000','2024-10-07 17:38:47.000000','충청북도','청주시'),(141,'2024-10-07 17:38:47.000000','2024-10-07 17:38:47.000000','충청북도','충주시'),(142,'2024-10-07 17:38:47.000000','2024-10-07 17:38:47.000000','충청북도','제천시'),(143,'2024-10-07 17:38:47.000000','2024-10-07 17:38:47.000000','충청북도','보은군'),(144,'2024-10-07 17:38:47.000000','2024-10-07 17:38:47.000000','충청북도','옥천군'),(145,'2024-10-07 17:38:47.000000','2024-10-07 17:38:47.000000','충청북도','영동군'),(146,'2024-10-07 17:38:47.000000','2024-10-07 17:38:47.000000','충청북도','증평군'),(147,'2024-10-07 17:38:47.000000','2024-10-07 17:38:47.000000','충청북도','진천군'),(148,'2024-10-07 17:38:47.000000','2024-10-07 17:38:47.000000','충청북도','괴산군'),(149,'2024-10-07 17:38:47.000000','2024-10-07 17:38:47.000000','충청북도','음성군'),(150,'2024-10-07 17:38:47.000000','2024-10-07 17:38:47.000000','충청북도','단양군'),(151,'2024-10-07 17:38:47.000000','2024-10-07 17:38:47.000000','충청남도','천안시'),(152,'2024-10-07 17:38:47.000000','2024-10-07 17:38:47.000000','충청남도','공주시'),(153,'2024-10-07 17:38:47.000000','2024-10-07 17:38:47.000000','충청남도','보령시'),(154,'2024-10-07 17:38:47.000000','2024-10-07 17:38:47.000000','충청남도','아산시'),(155,'2024-10-07 17:38:47.000000','2024-10-07 17:38:47.000000','충청남도','서산시'),(156,'2024-10-07 17:38:47.000000','2024-10-07 17:38:47.000000','충청남도','논산시'),(157,'2024-10-07 17:38:47.000000','2024-10-07 17:38:47.000000','충청남도','계룡시'),(158,'2024-10-07 17:38:47.000000','2024-10-07 17:38:47.000000','충청남도','당진시'),(159,'2024-10-07 17:38:47.000000','2024-10-07 17:38:47.000000','충청남도','금산군'),(160,'2024-10-07 17:38:47.000000','2024-10-07 17:38:47.000000','충청남도','부여군'),(161,'2024-10-07 17:38:47.000000','2024-10-07 17:38:47.000000','충청남도','서천군'),(162,'2024-10-07 17:38:47.000000','2024-10-07 17:38:47.000000','충청남도','청양군'),(163,'2024-10-07 17:38:47.000000','2024-10-07 17:38:47.000000','충청남도','홍성군'),(164,'2024-10-07 17:38:47.000000','2024-10-07 17:38:47.000000','충청남도','예산군'),(165,'2024-10-07 17:38:47.000000','2024-10-07 17:38:47.000000','충청남도','태안군'),(166,'2024-10-07 17:38:47.000000','2024-10-07 17:38:47.000000','전라남도','목포시'),(167,'2024-10-07 17:38:47.000000','2024-10-07 17:38:47.000000','전라남도','여수시'),(168,'2024-10-07 17:38:47.000000','2024-10-07 17:38:47.000000','전라남도','순천시'),(169,'2024-10-07 17:38:47.000000','2024-10-07 17:38:47.000000','전라남도','나주시'),(170,'2024-10-07 17:38:47.000000','2024-10-07 17:38:47.000000','전라남도','광양시'),(171,'2024-10-07 17:38:47.000000','2024-10-07 17:38:47.000000','전라남도','담양군'),(172,'2024-10-07 17:38:47.000000','2024-10-07 17:38:47.000000','전라남도','곡성군'),(173,'2024-10-07 17:38:47.000000','2024-10-07 17:38:47.000000','전라남도','구례군'),(174,'2024-10-07 17:38:47.000000','2024-10-07 17:38:47.000000','전라남도','고흥군'),(175,'2024-10-07 17:38:47.000000','2024-10-07 17:38:47.000000','전라남도','보성군'),(176,'2024-10-07 17:38:47.000000','2024-10-07 17:38:47.000000','전라남도','화순군'),(177,'2024-10-07 17:38:47.000000','2024-10-07 17:38:47.000000','전라남도','장흥군'),(178,'2024-10-07 17:38:47.000000','2024-10-07 17:38:47.000000','전라남도','강진군'),(179,'2024-10-07 17:38:47.000000','2024-10-07 17:38:47.000000','전라남도','해남군'),(180,'2024-10-07 17:38:47.000000','2024-10-07 17:38:47.000000','전라남도','영암군'),(181,'2024-10-07 17:38:47.000000','2024-10-07 17:38:47.000000','전라남도','무안군'),(182,'2024-10-07 17:38:47.000000','2024-10-07 17:38:47.000000','전라남도','함평군'),(183,'2024-10-07 17:38:47.000000','2024-10-07 17:38:47.000000','전라남도','영광군'),(184,'2024-10-07 17:38:47.000000','2024-10-07 17:38:47.000000','전라남도','장성군'),(185,'2024-10-07 17:38:47.000000','2024-10-07 17:38:47.000000','전라남도','완도군'),(186,'2024-10-07 17:38:47.000000','2024-10-07 17:38:47.000000','전라남도','진도군'),(187,'2024-10-07 17:38:47.000000','2024-10-07 17:38:47.000000','전라남도','신안군'),(188,'2024-10-07 17:38:47.000000','2024-10-07 17:38:47.000000','경상북도','포항시'),(189,'2024-10-07 17:38:47.000000','2024-10-07 17:38:47.000000','경상북도','경주시'),(190,'2024-10-07 17:38:47.000000','2024-10-07 17:38:47.000000','경상북도','김천시'),(191,'2024-10-07 17:38:47.000000','2024-10-07 17:38:47.000000','경상북도','안동시'),(192,'2024-10-07 17:38:47.000000','2024-10-07 17:38:47.000000','경상북도','구미시'),(193,'2024-10-07 17:38:47.000000','2024-10-07 17:38:47.000000','경상북도','영주시'),(194,'2024-10-07 17:38:47.000000','2024-10-07 17:38:47.000000','경상북도','영천시'),(195,'2024-10-07 17:38:47.000000','2024-10-07 17:38:47.000000','경상북도','상주시'),(196,'2024-10-07 17:38:47.000000','2024-10-07 17:38:47.000000','경상북도','문경시'),(197,'2024-10-07 17:38:47.000000','2024-10-07 17:38:47.000000','경상북도','경산시'),(198,'2024-10-07 17:38:47.000000','2024-10-07 17:38:47.000000','경상북도','의성군'),(199,'2024-10-07 17:38:47.000000','2024-10-07 17:38:47.000000','경상북도','청송군'),(200,'2024-10-07 17:38:47.000000','2024-10-07 17:38:47.000000','경상북도','영양군'),(201,'2024-10-07 17:38:47.000000','2024-10-07 17:38:47.000000','경상북도','영덕군'),(202,'2024-10-07 17:38:47.000000','2024-10-07 17:38:47.000000','경상북도','청도군'),(203,'2024-10-07 17:38:47.000000','2024-10-07 17:38:47.000000','경상북도','고령군'),(204,'2024-10-07 17:38:47.000000','2024-10-07 17:38:47.000000','경상북도','성주군'),(205,'2024-10-07 17:38:47.000000','2024-10-07 17:38:47.000000','경상북도','칠곡군'),(206,'2024-10-07 17:38:47.000000','2024-10-07 17:38:47.000000','경상북도','예천군'),(207,'2024-10-07 17:38:47.000000','2024-10-07 17:38:47.000000','경상북도','봉화군'),(208,'2024-10-07 17:38:47.000000','2024-10-07 17:38:47.000000','경상북도','울진군'),(209,'2024-10-07 17:38:47.000000','2024-10-07 17:38:47.000000','경상북도','울릉군'),(210,'2024-10-07 17:38:47.000000','2024-10-07 17:38:47.000000','경상남도','창원시'),(211,'2024-10-07 17:38:47.000000','2024-10-07 17:38:47.000000','경상남도','진주시'),(212,'2024-10-07 17:38:47.000000','2024-10-07 17:38:47.000000','경상남도','통영시'),(213,'2024-10-07 17:38:47.000000','2024-10-07 17:38:47.000000','경상남도','사천시'),(214,'2024-10-07 17:38:47.000000','2024-10-07 17:38:47.000000','경상남도','김해시'),(215,'2024-10-07 17:38:47.000000','2024-10-07 17:38:47.000000','경상남도','밀양시'),(216,'2024-10-07 17:38:47.000000','2024-10-07 17:38:47.000000','경상남도','거제시'),(217,'2024-10-07 17:38:47.000000','2024-10-07 17:38:47.000000','경상남도','양산시'),(218,'2024-10-07 17:38:47.000000','2024-10-07 17:38:47.000000','경상남도','의령군'),(219,'2024-10-07 17:38:47.000000','2024-10-07 17:38:47.000000','경상남도','함안군'),(220,'2024-10-07 17:38:47.000000','2024-10-07 17:38:47.000000','경상남도','창녕군'),(221,'2024-10-07 17:38:47.000000','2024-10-07 17:38:47.000000','경상남도','고성군'),(222,'2024-10-07 17:38:47.000000','2024-10-07 17:38:47.000000','경상남도','남해군'),(223,'2024-10-07 17:38:47.000000','2024-10-07 17:38:47.000000','경상남도','하동군'),(224,'2024-10-07 17:38:47.000000','2024-10-07 17:38:47.000000','경상남도','산청군'),(225,'2024-10-07 17:38:47.000000','2024-10-07 17:38:47.000000','경상남도','함양군'),(226,'2024-10-07 17:38:47.000000','2024-10-07 17:38:47.000000','경상남도','거창군'),(227,'2024-10-07 17:38:47.000000','2024-10-07 17:38:47.000000','경상남도','합천군'),(228,'2024-10-07 17:38:47.000000','2024-10-07 17:38:47.000000','제주특별자치도','제주시'),(229,'2024-10-07 17:38:47.000000','2024-10-07 17:38:47.000000','제주특별자치도','서귀포시'),(230,'2024-10-07 17:38:47.000000','2024-10-07 17:38:47.000000','강원특별자치도','춘천시'),(231,'2024-10-07 17:38:47.000000','2024-10-07 17:38:47.000000','강원특별자치도','원주시'),(232,'2024-10-07 17:38:47.000000','2024-10-07 17:38:47.000000','강원특별자치도','강릉시'),(233,'2024-10-07 17:38:47.000000','2024-10-07 17:38:47.000000','강원특별자치도','동해시'),(234,'2024-10-07 17:38:47.000000','2024-10-07 17:38:47.000000','강원특별자치도','태백시'),(235,'2024-10-07 17:38:47.000000','2024-10-07 17:38:47.000000','강원특별자치도','속초시'),(236,'2024-10-07 17:38:47.000000','2024-10-07 17:38:47.000000','강원특별자치도','삼척시'),(237,'2024-10-07 17:38:47.000000','2024-10-07 17:38:47.000000','강원특별자치도','홍천군'),(238,'2024-10-07 17:38:47.000000','2024-10-07 17:38:47.000000','강원특별자치도','횡성군'),(239,'2024-10-07 17:38:47.000000','2024-10-07 17:38:47.000000','강원특별자치도','영월군'),(240,'2024-10-07 17:38:47.000000','2024-10-07 17:38:47.000000','강원특별자치도','평창군'),(241,'2024-10-07 17:38:47.000000','2024-10-07 17:38:47.000000','강원특별자치도','정선군'),(242,'2024-10-07 17:38:47.000000','2024-10-07 17:38:47.000000','강원특별자치도','철원군'),(243,'2024-10-07 17:38:47.000000','2024-10-07 17:38:47.000000','강원특별자치도','화천군'),(244,'2024-10-07 17:38:47.000000','2024-10-07 17:38:47.000000','강원특별자치도','양구군'),(245,'2024-10-07 17:38:47.000000','2024-10-07 17:38:47.000000','강원특별자치도','인제군'),(246,'2024-10-07 17:38:47.000000','2024-10-07 17:38:47.000000','강원특별자치도','고성군'),(247,'2024-10-07 17:38:47.000000','2024-10-07 17:38:47.000000','강원특별자치도','양양군'),(248,'2024-10-07 17:38:47.000000','2024-10-07 17:38:47.000000','전북특별자치도','전주시'),(249,'2024-10-07 17:38:47.000000','2024-10-07 17:38:47.000000','전북특별자치도','군산시'),(250,'2024-10-07 17:38:47.000000','2024-10-07 17:38:47.000000','전북특별자치도','익산시'),(251,'2024-10-07 17:38:47.000000','2024-10-07 17:38:47.000000','전북특별자치도','정읍시'),(252,'2024-10-07 17:38:47.000000','2024-10-07 17:38:47.000000','전북특별자치도','남원시'),(253,'2024-10-07 17:38:47.000000','2024-10-07 17:38:47.000000','전북특별자치도','김제시'),(254,'2024-10-07 17:38:47.000000','2024-10-07 17:38:47.000000','전북특별자치도','완주군'),(255,'2024-10-07 17:38:47.000000','2024-10-07 17:38:47.000000','전북특별자치도','진안군'),(256,'2024-10-07 17:38:47.000000','2024-10-07 17:38:47.000000','전북특별자치도','무주군'),(257,'2024-10-07 17:38:47.000000','2024-10-07 17:38:47.000000','전북특별자치도','장수군'),(258,'2024-10-07 17:38:47.000000','2024-10-07 17:38:47.000000','전북특별자치도','임실군'),(259,'2024-10-07 17:38:47.000000','2024-10-07 17:38:47.000000','전북특별자치도','순창군'),(260,'2024-10-07 17:38:47.000000','2024-10-07 17:38:47.000000','전북특별자치도','고창군'),(261,'2024-10-07 17:38:47.000000','2024-10-07 17:38:47.000000','전북특별자치도','부안군');
/*!40000 ALTER TABLE `region` ENABLE KEYS */;
UNLOCK TABLES;

--
-- Table structure for table `user_view_logs`
--

DROP TABLE IF EXISTS `user_view_logs`;
/*!40101 SET @saved_cs_client     = @@character_set_client */;
/*!50503 SET character_set_client = utf8mb4 */;
CREATE TABLE `user_view_logs` (
  `log_idx` bigint NOT NULL AUTO_INCREMENT,
  `created_date` datetime(6) NOT NULL,
  `modified_date` datetime(6) NOT NULL,
  `act_enum` enum('CREATE','DELETE','READ','UPDATE') DEFAULT NULL,
  `content_idx` int NOT NULL,
  `content_type` enum('EXPERIENCE_VILLAGE','FUNDING','GIFT') DEFAULT NULL,
  `user_idx` int DEFAULT NULL,
  PRIMARY KEY (`log_idx`),
  KEY `FKdmn6lid72u0pvg0lw1ecpgtvf` (`user_idx`),
  CONSTRAINT `FKdmn6lid72u0pvg0lw1ecpgtvf` FOREIGN KEY (`user_idx`) REFERENCES `users` (`user_idx`)
) ENGINE=InnoDB AUTO_INCREMENT=1058 DEFAULT CHARSET=utf8mb4 COLLATE=utf8mb4_0900_ai_ci;
/*!40101 SET character_set_client = @saved_cs_client */;

--
-- Dumping data for table `user_view_logs`
--

LOCK TABLES `user_view_logs` WRITE;
/*!40000 ALTER TABLE `user_view_logs` DISABLE KEYS */;
INSERT INTO `user_view_logs` VALUES (1,'2024-10-07 17:39:07.675108','2024-10-07 17:39:07.675108','CREATE',1,'GIFT',1),(2,'2024-10-07 17:39:57.824126','2024-10-07 17:39:57.824126','READ',0,'GIFT',1),(3,'2024-10-07 23:50:53.239769','2024-10-07 23:50:53.239769','READ',0,'GIFT',6),(4,'2024-10-08 01:29:53.403233','2024-10-08 01:29:53.403233','READ',0,'GIFT',6),(5,'2024-10-08 01:32:18.423137','2024-10-08 01:32:18.423137','READ',0,'GIFT',6),(6,'2024-10-08 01:34:49.606299','2024-10-08 01:34:49.606299','READ',0,'GIFT',6),(7,'2024-10-08 01:39:06.578839','2024-10-08 01:39:06.578839','READ',0,'GIFT',6),(8,'2024-10-08 01:39:24.039738','2024-10-08 01:39:24.039738','READ',0,'GIFT',6),(9,'2024-10-08 09:15:41.449311','2024-10-08 09:15:41.449311','READ',0,'GIFT',6),(10,'2024-10-08 09:15:59.884487','2024-10-08 09:15:59.884487','READ',0,'GIFT',6),(11,'2024-10-08 09:41:26.738168','2024-10-08 09:41:26.738168','READ',0,'GIFT',1),(12,'2024-10-08 11:53:12.331331','2024-10-08 11:53:12.331331','READ',0,'GIFT',1),(13,'2024-10-08 12:33:56.228677','2024-10-08 12:33:56.228677','READ',0,'GIFT',6),(14,'2024-10-08 12:41:23.685698','2024-10-08 12:41:23.685698','READ',0,'GIFT',1),(15,'2024-10-08 12:42:52.956928','2024-10-08 12:42:52.956928','READ',0,'GIFT',1),(16,'2024-10-08 12:46:10.323314','2024-10-08 12:46:10.323314','READ',0,'GIFT',1),(17,'2024-10-08 13:48:56.402216','2024-10-08 13:48:56.402216','READ',0,'GIFT',6),(18,'2024-10-08 13:50:01.318996','2024-10-08 13:50:01.318996','READ',0,'GIFT',6),(19,'2024-10-08 13:52:53.954797','2024-10-08 13:52:53.954797','READ',0,'GIFT',1),(20,'2024-10-08 14:33:59.218012','2024-10-08 14:33:59.218012','READ',0,'GIFT',6),(21,'2024-10-08 14:43:18.024586','2024-10-08 14:43:18.024586','READ',0,'GIFT',6),(22,'2024-10-08 16:17:56.697044','2024-10-08 16:17:56.697044','READ',0,'GIFT',6),(23,'2024-10-08 16:44:47.480187','2024-10-08 16:44:47.480187','READ',0,'GIFT',6),(24,'2024-10-08 16:44:53.202899','2024-10-08 16:44:53.202899','READ',0,'GIFT',6),(25,'2024-10-08 16:48:35.513781','2024-10-08 16:48:35.513781','READ',0,'GIFT',6),(26,'2024-10-08 17:15:58.534264','2024-10-08 17:15:58.534264','READ',0,'GIFT',6),(27,'2024-10-08 17:16:15.120898','2024-10-08 17:16:15.120898','READ',0,'GIFT',6),(28,'2024-10-08 17:23:35.955860','2024-10-08 17:23:35.955860','READ',0,'GIFT',6),(29,'2024-10-08 17:29:01.966878','2024-10-08 17:29:01.966878','READ',0,'GIFT',6),(30,'2024-10-08 23:45:24.315377','2024-10-08 23:45:24.315377','READ',0,'GIFT',6),(31,'2024-10-09 14:58:50.605018','2024-10-09 14:58:50.605018','READ',0,'GIFT',6),(32,'2024-10-09 14:58:56.916487','2024-10-09 14:58:56.916487','READ',0,'GIFT',6),(33,'2024-10-09 15:16:09.223097','2024-10-09 15:16:09.223097','READ',0,'GIFT',6),(34,'2024-10-09 15:31:07.211068','2024-10-09 15:31:07.211068','READ',0,'GIFT',6),(35,'2024-10-09 15:56:57.671160','2024-10-09 15:56:57.671160','CREATE',2,'GIFT',62),(36,'2024-10-09 15:57:13.114980','2024-10-09 15:57:13.114980','READ',0,'GIFT',6),(37,'2024-10-09 15:57:14.781779','2024-10-09 15:57:14.781779','READ',0,'GIFT',6),(38,'2024-10-09 16:01:18.213328','2024-10-09 16:01:18.213328','CREATE',3,'GIFT',1),(39,'2024-10-09 16:02:20.980121','2024-10-09 16:02:20.980121','DELETE',3,'GIFT',1),(40,'2024-10-09 16:02:24.059835','2024-10-09 16:02:24.059835','DELETE',1,'GIFT',1),(41,'2024-10-09 16:12:14.843546','2024-10-09 16:12:14.843546','CREATE',4,'GIFT',3),(42,'2024-10-09 16:12:40.771805','2024-10-09 16:12:40.771805','CREATE',5,'GIFT',3),(43,'2024-10-09 16:16:21.808617','2024-10-09 16:16:21.808617','DELETE',5,'GIFT',3),(44,'2024-10-09 16:16:42.931329','2024-10-09 16:16:42.931329','CREATE',6,'GIFT',62),(45,'2024-10-09 16:18:20.793728','2024-10-09 16:18:20.793728','CREATE',7,'GIFT',62),(46,'2024-10-09 16:27:01.461173','2024-10-09 16:27:01.461173','CREATE',8,'GIFT',63),(47,'2024-10-09 16:28:24.896189','2024-10-09 16:28:24.896189','CREATE',9,'GIFT',3),(48,'2024-10-09 16:28:45.632055','2024-10-09 16:28:45.632055','READ',0,'GIFT',6),(49,'2024-10-09 16:29:01.117907','2024-10-09 16:29:01.117907','CREATE',10,'GIFT',63),(50,'2024-10-09 16:30:11.908175','2024-10-09 16:30:11.908175','CREATE',11,'GIFT',3),(51,'2024-10-09 16:30:37.607543','2024-10-09 16:30:37.607543','CREATE',12,'GIFT',63),(52,'2024-10-09 16:31:08.755464','2024-10-09 16:31:08.755464','READ',0,'GIFT',6),(53,'2024-10-09 16:33:57.627586','2024-10-09 16:33:57.627586','CREATE',13,'GIFT',68),(54,'2024-10-09 16:37:59.653927','2024-10-09 16:37:59.653927','CREATE',14,'GIFT',68),(55,'2024-10-09 16:39:59.148900','2024-10-09 16:39:59.148900','CREATE',15,'GIFT',68),(56,'2024-10-09 16:44:04.658161','2024-10-09 16:44:04.658161','READ',0,'GIFT',6),(57,'2024-10-09 16:44:29.084916','2024-10-09 16:44:29.084916','READ',0,'GIFT',6),(58,'2024-10-09 16:46:44.490153','2024-10-09 16:46:44.490153','CREATE',16,'GIFT',3),(59,'2024-10-09 16:47:07.880005','2024-10-09 16:47:07.880005','DELETE',9,'GIFT',3),(60,'2024-10-09 17:14:45.008888','2024-10-09 17:14:45.008888','CREATE',17,'GIFT',67),(61,'2024-10-09 17:15:50.847004','2024-10-09 17:15:50.847004','CREATE',18,'GIFT',64),(62,'2024-10-09 17:16:59.824945','2024-10-09 17:16:59.824945','CREATE',19,'GIFT',67),(63,'2024-10-09 17:19:51.678439','2024-10-09 17:19:51.678439','CREATE',20,'GIFT',64),(64,'2024-10-09 17:20:22.590174','2024-10-09 17:20:22.590174','CREATE',21,'GIFT',67),(65,'2024-10-09 17:21:20.623774','2024-10-09 17:21:20.623774','CREATE',22,'GIFT',64),(66,'2024-10-09 17:25:31.746692','2024-10-09 17:25:31.746692','CREATE',23,'GIFT',65),(67,'2024-10-09 17:26:43.873366','2024-10-09 17:26:43.873366','CREATE',24,'GIFT',65),(68,'2024-10-09 17:28:50.640653','2024-10-09 17:28:50.640653','CREATE',25,'GIFT',65),(69,'2024-10-09 17:30:57.644473','2024-10-09 17:30:57.644473','READ',0,'GIFT',6),(70,'2024-10-09 17:33:14.114176','2024-10-09 17:33:14.114176','CREATE',26,'GIFT',66),(71,'2024-10-09 17:49:29.890247','2024-10-09 17:49:29.890247','CREATE',27,'GIFT',3),(72,'2024-10-09 17:49:42.020082','2024-10-09 17:49:42.020082','DELETE',11,'GIFT',3),(73,'2024-10-09 17:49:49.177062','2024-10-09 17:49:49.177062','CREATE',28,'GIFT',66),(74,'2024-10-09 17:52:17.522246','2024-10-09 17:52:17.522246','CREATE',29,'GIFT',3),(75,'2024-10-09 17:53:35.868179','2024-10-09 17:53:35.868179','CREATE',30,'GIFT',66),(76,'2024-10-09 18:03:56.995954','2024-10-09 18:03:56.995954','READ',0,'GIFT',6),(77,'2024-10-09 18:13:33.864941','2024-10-09 18:13:33.864941','READ',0,'GIFT',6),(78,'2024-10-09 18:14:49.449034','2024-10-09 18:14:49.449034','READ',0,'GIFT',6),(79,'2024-10-09 18:14:56.737643','2024-10-09 18:14:56.737643','READ',0,'GIFT',6),(80,'2024-10-09 18:15:23.815190','2024-10-09 18:15:23.815190','READ',0,'GIFT',6),(81,'2024-10-09 18:17:36.305103','2024-10-09 18:17:36.305103','READ',0,'GIFT',6),(82,'2024-10-09 18:18:51.040538','2024-10-09 18:18:51.040538','READ',0,'GIFT',6),(83,'2024-10-09 18:30:49.802950','2024-10-09 18:30:49.802950','READ',0,'GIFT',6),(84,'2024-10-09 18:35:25.191298','2024-10-09 18:35:25.191298','READ',0,'GIFT',6),(85,'2024-10-09 18:39:59.944614','2024-10-09 18:39:59.944614','READ',0,'GIFT',6),(86,'2024-10-09 18:41:27.572545','2024-10-09 18:41:27.572545','READ',0,'GIFT',6),(87,'2024-10-09 18:42:29.364536','2024-10-09 18:42:29.364536','READ',0,'GIFT',6),(88,'2024-10-09 18:43:35.025192','2024-10-09 18:43:35.025192','READ',0,'GIFT',6),(89,'2024-10-09 18:44:42.686202','2024-10-09 18:44:42.686202','READ',0,'GIFT',6),(90,'2024-10-09 18:45:27.498195','2024-10-09 18:45:27.498195','READ',0,'GIFT',6),(91,'2024-10-09 18:45:41.101757','2024-10-09 18:45:41.101757','READ',0,'GIFT',6),(92,'2024-10-09 18:47:33.031018','2024-10-09 18:47:33.031018','READ',0,'GIFT',6),(93,'2024-10-09 18:50:04.227642','2024-10-09 18:50:04.227642','READ',0,'GIFT',6),(94,'2024-10-09 23:06:36.471689','2024-10-09 23:06:36.471689','READ',0,'GIFT',6),(95,'2024-10-09 23:08:26.602883','2024-10-09 23:08:26.602883','READ',0,'GIFT',6),(96,'2024-10-09 23:10:12.730479','2024-10-09 23:10:12.730479','READ',0,'GIFT',6),(97,'2024-10-09 23:12:08.106140','2024-10-09 23:12:08.106140','READ',0,'GIFT',6),(98,'2024-10-09 23:12:51.079634','2024-10-09 23:12:51.079634','READ',0,'GIFT',6),(99,'2024-10-09 23:13:28.738071','2024-10-09 23:13:28.738071','READ',0,'GIFT',6),(100,'2024-10-09 23:15:56.010381','2024-10-09 23:15:56.010381','READ',0,'GIFT',6),(101,'2024-10-09 23:16:38.660520','2024-10-09 23:16:38.660520','READ',0,'GIFT',6),(102,'2024-10-09 23:18:02.265336','2024-10-09 23:18:02.265336','READ',0,'GIFT',6),(103,'2024-10-09 23:18:38.723431','2024-10-09 23:18:38.723431','READ',0,'GIFT',6),(104,'2024-10-09 23:19:15.031339','2024-10-09 23:19:15.031339','READ',0,'GIFT',6),(105,'2024-10-09 23:19:50.789516','2024-10-09 23:19:50.789516','READ',0,'GIFT',6),(106,'2024-10-09 23:20:18.798166','2024-10-09 23:20:18.798166','READ',0,'GIFT',6),(107,'2024-10-09 23:20:28.354607','2024-10-09 23:20:28.354607','READ',0,'GIFT',6),(108,'2024-10-09 23:20:57.811278','2024-10-09 23:20:57.811278','READ',0,'GIFT',6),(109,'2024-10-09 23:33:28.605994','2024-10-09 23:33:28.605994','READ',0,'GIFT',6),(110,'2024-10-09 23:34:07.107921','2024-10-09 23:34:07.107921','READ',0,'GIFT',6),(111,'2024-10-09 23:34:12.159126','2024-10-09 23:34:12.159126','READ',0,'GIFT',6),(112,'2024-10-09 23:49:47.245008','2024-10-09 23:49:47.245008','READ',0,'GIFT',6),(113,'2024-10-09 23:54:48.772629','2024-10-09 23:54:48.772629','READ',0,'GIFT',12),(114,'2024-10-10 00:30:21.402069','2024-10-10 00:30:21.402069','READ',0,'GIFT',6),(115,'2024-10-10 00:54:47.918246','2024-10-10 00:54:47.918246','READ',0,'GIFT',6),(116,'2024-10-10 01:16:10.567964','2024-10-10 01:16:10.567964','CREATE',31,'GIFT',3),(117,'2024-10-10 01:43:19.355074','2024-10-10 01:43:19.355074','CREATE',32,'GIFT',3),(118,'2024-10-10 01:45:07.654952','2024-10-10 01:45:07.654952','CREATE',33,'GIFT',3),(119,'2024-10-10 01:46:31.135795','2024-10-10 01:46:31.135795','CREATE',34,'GIFT',3),(120,'2024-10-10 01:49:11.716653','2024-10-10 01:49:11.716653','CREATE',35,'GIFT',3),(121,'2024-10-10 01:51:21.756001','2024-10-10 01:51:21.756001','CREATE',36,'GIFT',3),(122,'2024-10-10 01:53:10.372610','2024-10-10 01:53:10.372610','CREATE',37,'GIFT',3),(123,'2024-10-10 02:02:59.238337','2024-10-10 02:02:59.238337','CREATE',38,'GIFT',3),(124,'2024-10-10 02:09:28.114840','2024-10-10 02:09:28.114840','CREATE',39,'GIFT',3),(125,'2024-10-10 02:09:59.895146','2024-10-10 02:09:59.895146','READ',0,'GIFT',6),(126,'2024-10-10 02:09:59.895811','2024-10-10 02:09:59.895811','READ',0,'GIFT',6),(127,'2024-10-10 02:09:59.897933','2024-10-10 02:09:59.897933','READ',0,'GIFT',6),(128,'2024-10-10 02:09:59.897880','2024-10-10 02:09:59.897880','READ',0,'GIFT',6),(129,'2024-10-10 02:10:00.041115','2024-10-10 02:10:00.041115','READ',0,'GIFT',6),(130,'2024-10-10 02:10:07.444693','2024-10-10 02:10:07.444693','READ',0,'GIFT',6),(131,'2024-10-10 02:10:07.445907','2024-10-10 02:10:07.445907','READ',0,'GIFT',6),(132,'2024-10-10 02:10:07.445166','2024-10-10 02:10:07.445166','READ',0,'GIFT',6),(133,'2024-10-10 02:10:07.449891','2024-10-10 02:10:07.449891','READ',0,'GIFT',6),(134,'2024-10-10 02:10:09.353640','2024-10-10 02:10:09.353640','READ',0,'GIFT',6),(135,'2024-10-10 02:10:09.367857','2024-10-10 02:10:09.367857','READ',0,'GIFT',6),(136,'2024-10-10 02:10:09.369943','2024-10-10 02:10:09.369943','READ',0,'GIFT',6),(137,'2024-10-10 02:10:12.465943','2024-10-10 02:10:12.465943','READ',0,'GIFT',6),(138,'2024-10-10 02:10:12.466910','2024-10-10 02:10:12.466910','READ',0,'GIFT',6),(139,'2024-10-10 02:10:14.031041','2024-10-10 02:10:14.031041','READ',0,'GIFT',6),(140,'2024-10-10 02:10:23.467013','2024-10-10 02:10:23.467013','READ',0,'GIFT',6),(141,'2024-10-10 02:10:30.531549','2024-10-10 02:10:30.531549','READ',0,'GIFT',6),(142,'2024-10-10 02:10:30.532142','2024-10-10 02:10:30.532142','READ',0,'GIFT',6),(143,'2024-10-10 02:11:01.145284','2024-10-10 02:11:01.145284','READ',0,'GIFT',6),(144,'2024-10-10 02:11:01.149838','2024-10-10 02:11:01.149838','READ',0,'GIFT',6),(145,'2024-10-10 02:11:38.690073','2024-10-10 02:11:38.690073','CREATE',40,'GIFT',3),(146,'2024-10-10 02:14:42.590910','2024-10-10 02:14:42.590910','CREATE',41,'GIFT',3),(147,'2024-10-10 02:17:23.732388','2024-10-10 02:17:23.732388','READ',0,'GIFT',6),(148,'2024-10-10 02:17:23.736415','2024-10-10 02:17:23.736415','READ',0,'GIFT',6),(149,'2024-10-10 02:17:48.368760','2024-10-10 02:17:48.368760','READ',0,'GIFT',6),(150,'2024-10-10 02:19:54.105554','2024-10-10 02:19:54.105554','READ',0,'GIFT',6),(151,'2024-10-10 02:21:29.064531','2024-10-10 02:21:29.064531','READ',0,'GIFT',6),(152,'2024-10-10 02:24:02.877700','2024-10-10 02:24:02.877700','READ',0,'GIFT',6),(153,'2024-10-10 02:37:40.429939','2024-10-10 02:37:40.429939','READ',0,'GIFT',6),(154,'2024-10-10 02:40:52.130340','2024-10-10 02:40:52.130340','READ',0,'GIFT',6),(155,'2024-10-10 02:50:52.882952','2024-10-10 02:50:52.882952','CREATE',42,'GIFT',3),(156,'2024-10-10 02:51:17.804520','2024-10-10 02:51:17.804520','DELETE',41,'GIFT',3),(157,'2024-10-10 02:51:21.898752','2024-10-10 02:51:21.898752','DELETE',37,'GIFT',3),(158,'2024-10-10 02:51:30.843413','2024-10-10 02:51:30.843413','DELETE',32,'GIFT',3),(159,'2024-10-10 02:51:36.692476','2024-10-10 02:51:36.692476','DELETE',29,'GIFT',3),(160,'2024-10-10 02:51:41.102662','2024-10-10 02:51:41.102662','DELETE',33,'GIFT',3),(161,'2024-10-10 02:51:46.583613','2024-10-10 02:51:46.583613','DELETE',34,'GIFT',3),(162,'2024-10-10 02:51:55.843210','2024-10-10 02:51:55.843210','DELETE',27,'GIFT',3),(163,'2024-10-10 02:52:04.384397','2024-10-10 02:52:04.384397','DELETE',31,'GIFT',3),(164,'2024-10-10 04:32:11.560901','2024-10-10 04:32:11.560901','READ',0,'GIFT',6),(165,'2024-10-10 08:56:51.237332','2024-10-10 08:56:51.237332','READ',0,'GIFT',6),(166,'2024-10-10 08:57:36.701527','2024-10-10 08:57:36.701527','READ',0,'GIFT',6),(167,'2024-10-10 08:59:11.118778','2024-10-10 08:59:11.118778','READ',0,'GIFT',6),(168,'2024-10-10 08:59:30.733585','2024-10-10 08:59:30.733585','READ',0,'GIFT',6),(169,'2024-10-10 09:04:46.680090','2024-10-10 09:04:46.680090','READ',0,'GIFT',6),(170,'2024-10-10 09:05:02.438539','2024-10-10 09:05:02.438539','READ',0,'GIFT',6),(171,'2024-10-10 09:05:41.452539','2024-10-10 09:05:41.452539','READ',0,'GIFT',6),(172,'2024-10-10 09:08:36.912838','2024-10-10 09:08:36.912838','READ',0,'GIFT',6),(173,'2024-10-10 09:10:55.554432','2024-10-10 09:10:55.554432','READ',0,'GIFT',6),(174,'2024-10-10 09:10:58.039288','2024-10-10 09:10:58.039288','READ',0,'GIFT',6),(175,'2024-10-10 09:20:52.031492','2024-10-10 09:20:52.031492','READ',0,'GIFT',6),(176,'2024-10-10 09:22:52.577992','2024-10-10 09:22:52.577992','READ',0,'GIFT',6),(177,'2024-10-10 09:29:09.602678','2024-10-10 09:29:09.602678','READ',0,'GIFT',6),(178,'2024-10-10 09:31:02.144004','2024-10-10 09:31:02.144004','READ',0,'GIFT',6),(179,'2024-10-10 09:34:26.560223','2024-10-10 09:34:26.560223','READ',0,'GIFT',6),(180,'2024-10-10 09:37:59.876334','2024-10-10 09:37:59.876334','READ',0,'GIFT',6),(181,'2024-10-10 09:40:34.702151','2024-10-10 09:40:34.702151','READ',0,'GIFT',6),(182,'2024-10-10 09:44:35.590463','2024-10-10 09:44:35.590463','READ',0,'GIFT',6),(183,'2024-10-10 09:52:14.838077','2024-10-10 09:52:14.838077','READ',0,'GIFT',6),(184,'2024-10-10 09:58:29.140195','2024-10-10 09:58:29.140195','READ',0,'GIFT',6),(185,'2024-10-10 09:59:14.511854','2024-10-10 09:59:14.511854','DELETE',38,'GIFT',3),(186,'2024-10-10 09:59:16.524155','2024-10-10 09:59:16.524155','DELETE',40,'GIFT',3),(187,'2024-10-10 09:59:18.486792','2024-10-10 09:59:18.486792','DELETE',39,'GIFT',3),(188,'2024-10-10 09:59:21.444303','2024-10-10 09:59:21.444303','DELETE',36,'GIFT',3),(189,'2024-10-10 09:59:24.014126','2024-10-10 09:59:24.014126','DELETE',35,'GIFT',3),(190,'2024-10-10 09:59:30.749686','2024-10-10 09:59:30.749686','DELETE',16,'GIFT',3),(191,'2024-10-10 09:59:48.615890','2024-10-10 09:59:48.615890','READ',0,'GIFT',6),(192,'2024-10-10 10:00:00.316352','2024-10-10 10:00:00.316352','READ',0,'GIFT',6),(193,'2024-10-10 10:00:21.656766','2024-10-10 10:00:21.656766','READ',0,'GIFT',6),(194,'2024-10-10 10:00:24.404968','2024-10-10 10:00:24.404968','READ',0,'GIFT',6),(195,'2024-10-10 10:00:29.619145','2024-10-10 10:00:29.619145','READ',0,'GIFT',6),(196,'2024-10-10 10:08:16.713486','2024-10-10 10:08:16.713486','READ',0,'GIFT',6),(197,'2024-10-10 10:08:41.703119','2024-10-10 10:08:41.703119','READ',0,'GIFT',6),(198,'2024-10-10 10:13:49.345478','2024-10-10 10:13:49.345478','READ',0,'GIFT',6),(199,'2024-10-10 10:18:10.968304','2024-10-10 10:18:10.968304','READ',0,'GIFT',6),(200,'2024-10-10 10:22:50.318082','2024-10-10 10:22:50.318082','READ',0,'GIFT',6),(201,'2024-10-10 10:23:02.110512','2024-10-10 10:23:02.110512','READ',0,'GIFT',6),(202,'2024-10-10 10:23:18.682871','2024-10-10 10:23:18.682871','READ',0,'GIFT',6),(203,'2024-10-10 10:29:44.907979','2024-10-10 10:29:44.907979','READ',0,'GIFT',6),(204,'2024-10-10 10:31:37.340521','2024-10-10 10:31:37.340521','CREATE',43,'GIFT',3),(205,'2024-10-10 10:31:57.920422','2024-10-10 10:31:57.920422','READ',0,'GIFT',6),(206,'2024-10-10 10:32:04.003675','2024-10-10 10:32:04.003675','READ',0,'GIFT',6),(207,'2024-10-10 10:33:23.066910','2024-10-10 10:33:23.066910','READ',0,'GIFT',6),(208,'2024-10-10 10:33:37.809711','2024-10-10 10:33:37.809711','READ',0,'GIFT',6),(209,'2024-10-10 10:42:18.009268','2024-10-10 10:42:18.009268','READ',0,'GIFT',6),(210,'2024-10-10 10:45:15.896314','2024-10-10 10:45:15.896314','READ',0,'GIFT',6),(211,'2024-10-10 10:49:29.765681','2024-10-10 10:49:29.765681','READ',0,'GIFT',6),(212,'2024-10-10 10:52:40.727322','2024-10-10 10:52:40.727322','READ',0,'GIFT',6),(213,'2024-10-10 10:58:22.006490','2024-10-10 10:58:22.006490','READ',0,'GIFT',6),(214,'2024-10-10 11:03:06.068990','2024-10-10 11:03:06.068990','READ',0,'GIFT',6),(215,'2024-10-10 11:06:28.793282','2024-10-10 11:06:28.793282','READ',0,'GIFT',6),(216,'2024-10-10 11:07:24.625394','2024-10-10 11:07:24.625394','READ',0,'GIFT',6),(217,'2024-10-10 11:07:49.742683','2024-10-10 11:07:49.742683','READ',0,'GIFT',6),(218,'2024-10-10 11:09:43.579937','2024-10-10 11:09:43.579937','READ',0,'GIFT',6),(219,'2024-10-10 11:10:09.367489','2024-10-10 11:10:09.367489','READ',0,'GIFT',6),(220,'2024-10-10 11:10:15.143512','2024-10-10 11:10:15.143512','READ',0,'GIFT',6),(221,'2024-10-10 11:10:15.144494','2024-10-10 11:10:15.144494','READ',0,'GIFT',6),(222,'2024-10-10 11:12:07.034269','2024-10-10 11:12:07.034269','READ',0,'GIFT',6),(223,'2024-10-10 11:12:07.034925','2024-10-10 11:12:07.034925','READ',0,'GIFT',6),(224,'2024-10-10 11:14:19.941605','2024-10-10 11:14:19.941605','READ',0,'GIFT',6),(225,'2024-10-10 11:15:39.036363','2024-10-10 11:15:39.036363','READ',0,'GIFT',6),(226,'2024-10-10 11:20:11.596755','2024-10-10 11:20:11.596755','READ',0,'GIFT',6),(227,'2024-10-10 11:20:19.776072','2024-10-10 11:20:19.776072','READ',0,'GIFT',6),(228,'2024-10-10 11:22:49.458283','2024-10-10 11:22:49.458283','READ',0,'GIFT',6),(229,'2024-10-10 11:22:58.641361','2024-10-10 11:22:58.641361','READ',0,'GIFT',6),(230,'2024-10-10 11:23:54.667107','2024-10-10 11:23:54.667107','READ',0,'GIFT',6),(231,'2024-10-10 11:26:14.112773','2024-10-10 11:26:14.112773','READ',0,'GIFT',6),(232,'2024-10-10 11:26:23.562652','2024-10-10 11:26:23.562652','READ',0,'GIFT',6),(233,'2024-10-10 11:27:55.206795','2024-10-10 11:27:55.206795','READ',0,'GIFT',6),(234,'2024-10-10 11:28:11.885018','2024-10-10 11:28:11.885018','READ',0,'GIFT',6),(235,'2024-10-10 11:31:00.621709','2024-10-10 11:31:00.621709','READ',0,'GIFT',6),(236,'2024-10-10 11:31:08.614953','2024-10-10 11:31:08.614953','READ',0,'GIFT',6),(237,'2024-10-10 11:31:56.731677','2024-10-10 11:31:56.731677','READ',0,'GIFT',6),(238,'2024-10-10 11:32:07.536151','2024-10-10 11:32:07.536151','READ',0,'GIFT',6),(239,'2024-10-10 11:33:53.699807','2024-10-10 11:33:53.699807','READ',0,'GIFT',6),(240,'2024-10-10 11:34:03.937489','2024-10-10 11:34:03.937489','READ',0,'GIFT',6),(241,'2024-10-10 11:35:55.917288','2024-10-10 11:35:55.917288','READ',0,'GIFT',6),(242,'2024-10-10 11:36:04.482721','2024-10-10 11:36:04.482721','READ',0,'GIFT',6),(243,'2024-10-10 11:39:12.627866','2024-10-10 11:39:12.627866','READ',0,'GIFT',6),(244,'2024-10-10 11:39:24.361840','2024-10-10 11:39:24.361840','READ',0,'GIFT',6),(245,'2024-10-10 11:39:43.183001','2024-10-10 11:39:43.183001','READ',0,'GIFT',6),(246,'2024-10-10 11:39:58.419287','2024-10-10 11:39:58.419287','READ',0,'GIFT',6),(247,'2024-10-10 11:40:15.879298','2024-10-10 11:40:15.879298','READ',0,'GIFT',6),(248,'2024-10-10 11:40:36.002833','2024-10-10 11:40:36.002833','READ',0,'GIFT',6),(249,'2024-10-10 11:40:39.143083','2024-10-10 11:40:39.143083','READ',0,'GIFT',6),(250,'2024-10-10 11:41:55.791507','2024-10-10 11:41:55.791507','READ',0,'GIFT',6),(251,'2024-10-10 11:42:03.175525','2024-10-10 11:42:03.175525','READ',0,'GIFT',6),(252,'2024-10-10 11:44:12.910903','2024-10-10 11:44:12.910903','READ',0,'GIFT',6),(253,'2024-10-10 11:45:27.761223','2024-10-10 11:45:27.761223','READ',0,'GIFT',6),(254,'2024-10-10 11:45:36.461433','2024-10-10 11:45:36.461433','READ',0,'GIFT',6),(255,'2024-10-10 11:46:46.567966','2024-10-10 11:46:46.567966','CREATE',44,'GIFT',3),(256,'2024-10-10 11:47:10.280957','2024-10-10 11:47:10.280957','DELETE',44,'GIFT',3),(257,'2024-10-10 11:47:28.237568','2024-10-10 11:47:28.237568','CREATE',45,'GIFT',3),(258,'2024-10-10 11:48:32.096641','2024-10-10 11:48:32.096641','READ',0,'GIFT',6),(259,'2024-10-10 11:51:44.888996','2024-10-10 11:51:44.888996','READ',0,'GIFT',6),(260,'2024-10-10 12:16:25.498287','2024-10-10 12:16:25.498287','READ',0,'GIFT',6),(261,'2024-10-10 12:16:25.498287','2024-10-10 12:16:25.498287','READ',0,'GIFT',6),(262,'2024-10-10 12:16:38.495085','2024-10-10 12:16:38.495085','READ',0,'GIFT',6),(263,'2024-10-10 12:22:07.398104','2024-10-10 12:22:07.398104','READ',0,'GIFT',6),(264,'2024-10-10 12:22:24.015716','2024-10-10 12:22:24.015716','READ',0,'GIFT',6),(265,'2024-10-10 12:23:08.020942','2024-10-10 12:23:08.020942','READ',0,'GIFT',6),(266,'2024-10-10 12:23:46.419388','2024-10-10 12:23:46.419388','READ',0,'GIFT',6),(267,'2024-10-10 12:24:02.704701','2024-10-10 12:24:02.704701','READ',0,'GIFT',6),(268,'2024-10-10 12:24:47.552793','2024-10-10 12:24:47.552793','READ',0,'GIFT',6),(269,'2024-10-10 12:25:08.083261','2024-10-10 12:25:08.083261','READ',0,'GIFT',6),(270,'2024-10-10 12:26:39.813923','2024-10-10 12:26:39.813923','READ',0,'GIFT',6),(271,'2024-10-10 12:27:00.729252','2024-10-10 12:27:00.729252','READ',0,'GIFT',6),(272,'2024-10-10 12:30:39.243139','2024-10-10 12:30:39.243139','READ',0,'GIFT',6),(273,'2024-10-10 12:38:51.538606','2024-10-10 12:38:51.538606','READ',0,'GIFT',6),(274,'2024-10-10 12:40:17.248728','2024-10-10 12:40:17.248728','READ',0,'GIFT',6),(275,'2024-10-10 12:40:29.450436','2024-10-10 12:40:29.450436','READ',0,'GIFT',6),(276,'2024-10-10 12:42:31.596083','2024-10-10 12:42:31.596083','READ',0,'GIFT',6),(277,'2024-10-10 12:42:32.519684','2024-10-10 12:42:32.519684','READ',0,'GIFT',6),(278,'2024-10-10 12:43:00.578256','2024-10-10 12:43:00.578256','READ',0,'GIFT',6),(279,'2024-10-10 12:43:03.181593','2024-10-10 12:43:03.181593','READ',0,'GIFT',6),(280,'2024-10-10 12:43:03.869341','2024-10-10 12:43:03.869341','READ',0,'GIFT',6),(281,'2024-10-10 12:43:10.528428','2024-10-10 12:43:10.528428','READ',0,'GIFT',6),(282,'2024-10-10 12:47:59.897321','2024-10-10 12:47:59.897321','READ',0,'GIFT',12),(283,'2024-10-10 12:48:04.859123','2024-10-10 12:48:04.859123','READ',0,'GIFT',12),(284,'2024-10-10 13:02:21.946960','2024-10-10 13:02:21.946960','READ',0,'GIFT',6),(285,'2024-10-10 13:42:08.659147','2024-10-10 13:42:08.659147','READ',0,'GIFT',6),(286,'2024-10-10 13:42:15.314837','2024-10-10 13:42:15.314837','READ',0,'GIFT',6),(287,'2024-10-10 13:45:53.389046','2024-10-10 13:45:53.389046','CREATE',46,'GIFT',3),(288,'2024-10-10 13:46:38.283327','2024-10-10 13:46:38.283327','READ',0,'GIFT',70),(289,'2024-10-10 13:46:42.784205','2024-10-10 13:46:42.784205','READ',0,'GIFT',70),(290,'2024-10-10 13:46:46.264124','2024-10-10 13:46:46.264124','READ',0,'GIFT',70),(291,'2024-10-10 13:46:51.591528','2024-10-10 13:46:51.591528','READ',0,'GIFT',70),(292,'2024-10-10 13:46:51.594875','2024-10-10 13:46:51.594875','READ',0,'GIFT',70),(293,'2024-10-10 13:46:51.593949','2024-10-10 13:46:51.593949','READ',0,'GIFT',70),(294,'2024-10-10 13:48:47.326429','2024-10-10 13:48:47.326429','READ',0,'GIFT',70),(295,'2024-10-10 13:53:07.403303','2024-10-10 13:53:07.403303','READ',0,'GIFT',6),(296,'2024-10-10 13:53:15.084600','2024-10-10 13:53:15.084600','READ',0,'GIFT',70),(297,'2024-10-10 13:56:39.206743','2024-10-10 13:56:39.206743','READ',0,'GIFT',6),(298,'2024-10-10 13:59:21.371001','2024-10-10 13:59:21.371001','READ',0,'GIFT',70),(299,'2024-10-10 14:00:51.364178','2024-10-10 14:00:51.364178','READ',0,'GIFT',6),(300,'2024-10-10 14:01:53.125946','2024-10-10 14:01:53.125946','READ',0,'GIFT',70),(301,'2024-10-10 14:02:02.341830','2024-10-10 14:02:02.341830','READ',0,'GIFT',70),(302,'2024-10-10 14:02:03.774911','2024-10-10 14:02:03.774911','READ',0,'GIFT',70),(303,'2024-10-10 14:02:22.020937','2024-10-10 14:02:22.020937','DELETE',4,'GIFT',3),(304,'2024-10-10 14:03:46.173936','2024-10-10 14:03:46.173936','READ',0,'GIFT',70),(305,'2024-10-10 14:03:46.589262','2024-10-10 14:03:46.589262','READ',0,'GIFT',70),(306,'2024-10-10 14:03:46.590548','2024-10-10 14:03:46.590548','READ',0,'GIFT',70),(307,'2024-10-10 14:03:49.145048','2024-10-10 14:03:49.145048','READ',0,'GIFT',70),(308,'2024-10-10 14:03:51.501289','2024-10-10 14:03:51.501289','READ',0,'GIFT',70),(309,'2024-10-10 14:06:11.971798','2024-10-10 14:06:11.971798','CREATE',47,'GIFT',3),(310,'2024-10-10 14:06:52.344907','2024-10-10 14:06:52.344907','READ',0,'GIFT',70),(311,'2024-10-10 14:06:56.032266','2024-10-10 14:06:56.032266','READ',0,'GIFT',70),(312,'2024-10-10 14:07:00.331741','2024-10-10 14:07:00.331741','READ',0,'GIFT',70),(313,'2024-10-10 14:07:00.332666','2024-10-10 14:07:00.332666','READ',0,'GIFT',70),(314,'2024-10-10 14:07:00.331886','2024-10-10 14:07:00.331886','READ',0,'GIFT',70),(315,'2024-10-10 14:07:03.439819','2024-10-10 14:07:03.439819','UPDATE',42,'GIFT',3),(316,'2024-10-10 14:07:39.859396','2024-10-10 14:07:39.859396','READ',0,'GIFT',70),(317,'2024-10-10 14:10:00.527888','2024-10-10 14:10:00.527888','READ',0,'GIFT',3),(318,'2024-10-10 14:17:07.675535','2024-10-10 14:17:07.675535','READ',0,'GIFT',70),(319,'2024-10-10 14:17:15.255565','2024-10-10 14:17:15.255565','READ',0,'GIFT',70),(320,'2024-10-10 14:17:20.066520','2024-10-10 14:17:20.066520','READ',0,'GIFT',70),(321,'2024-10-10 14:17:24.881480','2024-10-10 14:17:24.881480','READ',0,'GIFT',70),(322,'2024-10-10 14:20:04.826695','2024-10-10 14:20:04.826695','READ',0,'GIFT',70),(323,'2024-10-10 14:20:07.388980','2024-10-10 14:20:07.388980','READ',0,'GIFT',70),(324,'2024-10-10 14:20:11.587022','2024-10-10 14:20:11.587022','READ',0,'GIFT',70),(325,'2024-10-10 14:20:17.115111','2024-10-10 14:20:17.115111','READ',0,'GIFT',70),(326,'2024-10-10 14:20:17.115932','2024-10-10 14:20:17.115932','READ',0,'GIFT',70),(327,'2024-10-10 14:20:17.115932','2024-10-10 14:20:17.115932','READ',0,'GIFT',70),(328,'2024-10-10 14:20:34.219348','2024-10-10 14:20:34.219348','READ',0,'GIFT',70),(329,'2024-10-10 14:22:52.457323','2024-10-10 14:22:52.457323','READ',0,'GIFT',70),(330,'2024-10-10 14:22:52.458312','2024-10-10 14:22:52.458312','READ',0,'GIFT',70),(331,'2024-10-10 14:22:52.969357','2024-10-10 14:22:52.969357','READ',0,'GIFT',70),(332,'2024-10-10 14:23:37.106673','2024-10-10 14:23:37.106673','READ',0,'GIFT',70),(333,'2024-10-10 14:23:43.763020','2024-10-10 14:23:43.763020','READ',0,'GIFT',70),(334,'2024-10-10 14:42:30.521259','2024-10-10 14:42:30.521259','CREATE',48,'GIFT',3),(335,'2024-10-10 14:43:48.711703','2024-10-10 14:43:48.711703','READ',0,'GIFT',70),(336,'2024-10-10 14:43:51.086488','2024-10-10 14:43:51.086488','READ',0,'GIFT',70),(337,'2024-10-10 14:43:55.978524','2024-10-10 14:43:55.978524','READ',0,'GIFT',70),(338,'2024-10-10 14:43:55.978805','2024-10-10 14:43:55.978805','READ',0,'GIFT',70),(339,'2024-10-10 14:43:55.978103','2024-10-10 14:43:55.978103','READ',0,'GIFT',70),(340,'2024-10-10 14:44:49.918606','2024-10-10 14:44:49.918606','READ',0,'GIFT',70),(341,'2024-10-10 14:44:58.581752','2024-10-10 14:44:58.581752','READ',0,'GIFT',70),(342,'2024-10-10 14:49:09.409356','2024-10-10 14:49:09.409356','READ',0,'GIFT',3),(343,'2024-10-10 14:54:03.056747','2024-10-10 14:54:03.056747','DELETE',48,'GIFT',3),(344,'2024-10-10 14:54:07.080516','2024-10-10 14:54:07.080516','DELETE',46,'GIFT',3),(345,'2024-10-10 14:55:02.150894','2024-10-10 14:55:02.150894','READ',0,'GIFT',3),(346,'2024-10-10 14:55:51.528295','2024-10-10 14:55:51.528295','READ',0,'GIFT',3),(347,'2024-10-10 15:05:44.709935','2024-10-10 15:05:44.709935','READ',0,'GIFT',3),(348,'2024-10-10 15:11:42.755597','2024-10-10 15:11:42.755597','READ',0,'GIFT',6),(349,'2024-10-10 15:15:44.685080','2024-10-10 15:15:44.685080','READ',0,'GIFT',6),(350,'2024-10-10 15:15:56.557551','2024-10-10 15:15:56.557551','READ',0,'GIFT',6),(351,'2024-10-10 15:16:10.044134','2024-10-10 15:16:10.044134','READ',0,'GIFT',6),(352,'2024-10-10 15:16:22.579975','2024-10-10 15:16:22.579975','READ',0,'GIFT',6),(353,'2024-10-10 15:17:14.674138','2024-10-10 15:17:14.674138','READ',0,'GIFT',6),(354,'2024-10-10 15:18:17.878655','2024-10-10 15:18:17.878655','READ',0,'GIFT',6),(355,'2024-10-10 15:18:52.388950','2024-10-10 15:18:52.388950','READ',0,'GIFT',6),(356,'2024-10-10 15:23:02.293481','2024-10-10 15:23:02.293481','READ',0,'GIFT',70),(357,'2024-10-10 15:25:26.066699','2024-10-10 15:25:26.066699','READ',0,'GIFT',70),(358,'2024-10-10 15:26:43.375588','2024-10-10 15:26:43.375588','READ',0,'GIFT',70),(359,'2024-10-10 15:27:16.966223','2024-10-10 15:27:16.966223','READ',0,'GIFT',70),(360,'2024-10-10 15:27:22.698532','2024-10-10 15:27:22.698532','READ',0,'GIFT',70),(361,'2024-10-10 15:27:27.715158','2024-10-10 15:27:27.715158','READ',0,'GIFT',70),(362,'2024-10-10 15:27:30.278714','2024-10-10 15:27:30.278714','READ',0,'GIFT',70),(363,'2024-10-10 15:27:36.009585','2024-10-10 15:27:36.009585','READ',0,'GIFT',70),(364,'2024-10-10 15:27:37.443673','2024-10-10 15:27:37.443673','READ',0,'GIFT',70),(365,'2024-10-10 15:27:47.579711','2024-10-10 15:27:47.579711','READ',0,'GIFT',70),(366,'2024-10-10 15:27:56.390006','2024-10-10 15:27:56.390006','READ',0,'GIFT',70),(367,'2024-10-10 15:28:00.585429','2024-10-10 15:28:00.585429','READ',0,'GIFT',70),(368,'2024-10-10 15:28:21.065468','2024-10-10 15:28:21.065468','READ',0,'GIFT',70),(369,'2024-10-10 15:28:21.065354','2024-10-10 15:28:21.065354','READ',0,'GIFT',70),(370,'2024-10-10 15:28:21.065247','2024-10-10 15:28:21.065247','READ',0,'GIFT',70),(371,'2024-10-10 15:28:37.346864','2024-10-10 15:28:37.346864','READ',0,'GIFT',70),(372,'2024-10-10 15:28:37.347314','2024-10-10 15:28:37.347314','READ',0,'GIFT',70),(373,'2024-10-10 15:28:37.861404','2024-10-10 15:28:37.861404','READ',0,'GIFT',70),(374,'2024-10-10 15:28:47.995349','2024-10-10 15:28:47.995349','READ',0,'GIFT',70),(375,'2024-10-10 15:28:47.995396','2024-10-10 15:28:47.995396','READ',0,'GIFT',70),(376,'2024-10-10 15:28:47.998025','2024-10-10 15:28:47.998025','READ',0,'GIFT',70),(377,'2024-10-10 15:29:45.307824','2024-10-10 15:29:45.307824','CREATE',49,'GIFT',3),(378,'2024-10-10 15:30:09.202637','2024-10-10 15:30:09.202637','READ',0,'GIFT',70),(379,'2024-10-10 15:30:20.675117','2024-10-10 15:30:20.675117','READ',0,'GIFT',70),(380,'2024-10-10 15:31:05.831067','2024-10-10 15:31:05.831067','READ',0,'GIFT',70),(381,'2024-10-10 15:31:28.463108','2024-10-10 15:31:28.463108','READ',0,'GIFT',70),(382,'2024-10-10 15:31:50.376792','2024-10-10 15:31:50.376792','READ',0,'GIFT',70),(383,'2024-10-10 15:32:14.131851','2024-10-10 15:32:14.131851','READ',0,'GIFT',70),(384,'2024-10-10 15:32:24.374075','2024-10-10 15:32:24.374075','READ',0,'GIFT',70),(385,'2024-10-10 15:33:53.257710','2024-10-10 15:33:53.257710','READ',0,'GIFT',70),(386,'2024-10-10 15:34:00.835120','2024-10-10 15:34:00.835120','READ',0,'GIFT',70),(387,'2024-10-10 15:34:46.299675','2024-10-10 15:34:46.299675','READ',0,'GIFT',70),(388,'2024-10-10 15:34:52.444859','2024-10-10 15:34:52.444859','READ',0,'GIFT',70),(389,'2024-10-10 15:35:04.428492','2024-10-10 15:35:04.428492','READ',0,'GIFT',70),(390,'2024-10-10 15:35:14.772177','2024-10-10 15:35:14.772177','READ',0,'GIFT',70),(391,'2024-10-10 15:35:39.351340','2024-10-10 15:35:39.351340','READ',0,'GIFT',6),(392,'2024-10-10 15:36:11.422203','2024-10-10 15:36:11.422203','READ',0,'GIFT',70),(393,'2024-10-10 15:36:14.139368','2024-10-10 15:36:14.139368','READ',0,'GIFT',6),(394,'2024-10-10 15:36:19.395600','2024-10-10 15:36:19.395600','READ',0,'GIFT',70),(395,'2024-10-10 15:36:28.444099','2024-10-10 15:36:28.444099','READ',0,'GIFT',6),(396,'2024-10-10 15:37:32.455344','2024-10-10 15:37:32.455344','READ',0,'GIFT',6),(397,'2024-10-10 15:37:42.830579','2024-10-10 15:37:42.830579','READ',0,'GIFT',6),(398,'2024-10-10 15:37:54.464126','2024-10-10 15:37:54.464126','READ',0,'GIFT',6),(399,'2024-10-10 15:38:13.270911','2024-10-10 15:38:13.270911','READ',0,'GIFT',6),(400,'2024-10-10 15:38:18.617798','2024-10-10 15:38:18.617798','READ',0,'GIFT',6),(401,'2024-10-10 15:38:26.705551','2024-10-10 15:38:26.705551','READ',0,'GIFT',6),(402,'2024-10-10 15:44:17.188793','2024-10-10 15:44:17.188793','READ',0,'GIFT',6),(403,'2024-10-10 15:44:29.584069','2024-10-10 15:44:29.584069','READ',0,'GIFT',6),(404,'2024-10-10 15:44:56.712725','2024-10-10 15:44:56.712725','READ',0,'GIFT',70),(405,'2024-10-10 15:46:02.562282','2024-10-10 15:46:02.562282','READ',0,'GIFT',70),(406,'2024-10-10 15:46:03.071880','2024-10-10 15:46:03.071880','READ',0,'GIFT',70),(407,'2024-10-10 15:46:03.684997','2024-10-10 15:46:03.684997','READ',0,'GIFT',70),(408,'2024-10-10 15:46:05.222951','2024-10-10 15:46:05.222951','READ',0,'GIFT',70),(409,'2024-10-10 15:46:06.143741','2024-10-10 15:46:06.143741','READ',0,'GIFT',70),(410,'2024-10-10 15:46:09.423189','2024-10-10 15:46:09.423189','READ',0,'GIFT',70),(411,'2024-10-10 15:46:14.229836','2024-10-10 15:46:14.229836','READ',0,'GIFT',6),(412,'2024-10-10 15:47:52.841999','2024-10-10 15:47:52.841999','READ',0,'GIFT',70),(413,'2024-10-10 15:48:00.526802','2024-10-10 15:48:00.526802','READ',0,'GIFT',70),(414,'2024-10-10 15:48:25.042937','2024-10-10 15:48:25.042937','READ',0,'GIFT',6),(415,'2024-10-10 15:48:45.387087','2024-10-10 15:48:45.387087','READ',0,'GIFT',6),(416,'2024-10-10 15:57:21.983627','2024-10-10 15:57:21.983627','READ',0,'GIFT',70),(417,'2024-10-10 15:57:29.356999','2024-10-10 15:57:29.356999','READ',0,'GIFT',70),(418,'2024-10-10 15:57:42.668953','2024-10-10 15:57:42.668953','READ',0,'GIFT',70),(419,'2024-10-10 16:04:49.478327','2024-10-10 16:04:49.478327','READ',0,'GIFT',6),(420,'2024-10-10 16:05:10.867293','2024-10-10 16:05:10.867293','READ',0,'GIFT',6),(421,'2024-10-10 16:06:34.394467','2024-10-10 16:06:34.394467','READ',0,'GIFT',6),(422,'2024-10-10 16:10:05.968377','2024-10-10 16:10:05.968377','READ',0,'GIFT',6),(423,'2024-10-10 16:14:10.834649','2024-10-10 16:14:10.834649','READ',0,'GIFT',6),(424,'2024-10-10 16:14:50.390294','2024-10-10 16:14:50.390294','READ',0,'GIFT',6),(425,'2024-10-10 16:14:57.666872','2024-10-10 16:14:57.666872','READ',0,'GIFT',6),(426,'2024-10-10 16:15:00.078791','2024-10-10 16:15:00.078791','READ',0,'GIFT',6),(427,'2024-10-10 16:15:01.759173','2024-10-10 16:15:01.759173','READ',0,'GIFT',6),(428,'2024-10-10 16:15:09.304739','2024-10-10 16:15:09.304739','READ',0,'GIFT',6),(429,'2024-10-10 16:15:22.717279','2024-10-10 16:15:22.717279','READ',0,'GIFT',6),(430,'2024-10-10 16:15:23.231494','2024-10-10 16:15:23.231494','READ',0,'GIFT',6),(431,'2024-10-10 16:15:26.301602','2024-10-10 16:15:26.301602','READ',0,'GIFT',6),(432,'2024-10-10 16:16:02.759665','2024-10-10 16:16:02.759665','READ',0,'GIFT',6),(433,'2024-10-10 16:16:09.929075','2024-10-10 16:16:09.929075','READ',0,'GIFT',6),(434,'2024-10-10 16:16:10.541337','2024-10-10 16:16:10.541337','READ',0,'GIFT',6),(435,'2024-10-10 16:16:12.487691','2024-10-10 16:16:12.487691','READ',0,'GIFT',6),(436,'2024-10-10 16:16:35.231206','2024-10-10 16:16:35.231206','READ',0,'GIFT',6),(437,'2024-10-10 16:18:09.432991','2024-10-10 16:18:09.432991','READ',0,'GIFT',6),(438,'2024-10-10 16:18:25.207172','2024-10-10 16:18:25.207172','READ',0,'GIFT',6),(439,'2024-10-10 16:18:37.308362','2024-10-10 16:18:37.308362','READ',0,'GIFT',6),(440,'2024-10-10 16:18:43.267776','2024-10-10 16:18:43.267776','READ',0,'GIFT',6),(441,'2024-10-10 16:19:31.084631','2024-10-10 16:19:31.084631','READ',0,'GIFT',6),(442,'2024-10-10 16:19:37.027904','2024-10-10 16:19:37.027904','READ',0,'GIFT',6),(443,'2024-10-10 16:19:51.466659','2024-10-10 16:19:51.466659','READ',0,'GIFT',6),(444,'2024-10-10 16:19:51.937284','2024-10-10 16:19:51.937284','READ',0,'GIFT',6),(445,'2024-10-10 16:20:00.644075','2024-10-10 16:20:00.644075','READ',0,'GIFT',6),(446,'2024-10-10 16:20:50.948018','2024-10-10 16:20:50.948018','READ',0,'GIFT',6),(447,'2024-10-10 16:25:41.563721','2024-10-10 16:25:41.563721','READ',0,'GIFT',6),(448,'2024-10-10 16:27:16.681839','2024-10-10 16:27:16.681839','READ',0,'GIFT',6),(449,'2024-10-10 16:28:10.626109','2024-10-10 16:28:10.626109','READ',0,'GIFT',6),(450,'2024-10-10 16:28:46.075537','2024-10-10 16:28:46.075537','READ',0,'GIFT',6),(451,'2024-10-10 16:29:59.656406','2024-10-10 16:29:59.656406','READ',0,'GIFT',6),(452,'2024-10-10 16:31:56.717344','2024-10-10 16:31:56.717344','READ',0,'GIFT',6),(453,'2024-10-10 16:32:32.658574','2024-10-10 16:32:32.658574','READ',0,'GIFT',6),(454,'2024-10-10 16:33:24.369619','2024-10-10 16:33:24.369619','READ',0,'GIFT',6),(455,'2024-10-10 16:33:39.875967','2024-10-10 16:33:39.875967','READ',0,'GIFT',6),(456,'2024-10-10 16:34:32.406982','2024-10-10 16:34:32.406982','READ',0,'GIFT',6),(457,'2024-10-10 16:34:42.010149','2024-10-10 16:34:42.010149','READ',0,'GIFT',6),(458,'2024-10-10 16:37:10.951994','2024-10-10 16:37:10.951994','READ',0,'GIFT',6),(459,'2024-10-10 16:38:17.038982','2024-10-10 16:38:17.038982','READ',0,'GIFT',6),(460,'2024-10-10 16:39:00.800493','2024-10-10 16:39:00.800493','DELETE',47,'GIFT',3),(461,'2024-10-10 16:39:17.435862','2024-10-10 16:39:17.435862','DELETE',49,'GIFT',3),(462,'2024-10-10 16:40:17.367565','2024-10-10 16:40:17.367565','READ',0,'GIFT',6),(463,'2024-10-10 16:40:25.782333','2024-10-10 16:40:25.782333','READ',0,'GIFT',6),(464,'2024-10-10 16:40:33.863173','2024-10-10 16:40:33.863173','READ',0,'GIFT',6),(465,'2024-10-10 16:40:40.186858','2024-10-10 16:40:40.186858','READ',0,'GIFT',6),(466,'2024-10-10 16:40:42.440629','2024-10-10 16:40:42.440629','READ',0,'GIFT',6),(467,'2024-10-10 16:40:46.080889','2024-10-10 16:40:46.080889','READ',0,'GIFT',6),(468,'2024-10-10 16:41:37.879187','2024-10-10 16:41:37.879187','READ',0,'GIFT',6),(469,'2024-10-10 16:41:44.828301','2024-10-10 16:41:44.828301','READ',0,'GIFT',6),(470,'2024-10-10 16:41:51.792076','2024-10-10 16:41:51.792076','READ',0,'GIFT',6),(471,'2024-10-10 16:42:19.969900','2024-10-10 16:42:19.969900','READ',0,'GIFT',6),(472,'2024-10-10 16:50:24.193684','2024-10-10 16:50:24.193684','READ',0,'GIFT',6),(473,'2024-10-10 16:56:56.074974','2024-10-10 16:56:56.074974','READ',0,'GIFT',6),(474,'2024-10-10 17:09:27.490532','2024-10-10 17:09:27.490532','READ',0,'GIFT',6),(475,'2024-10-10 17:09:39.881130','2024-10-10 17:09:39.881130','READ',0,'GIFT',6),(476,'2024-10-10 17:12:59.524919','2024-10-10 17:12:59.524919','READ',0,'GIFT',6),(477,'2024-10-10 17:14:11.758529','2024-10-10 17:14:11.758529','READ',0,'GIFT',6),(478,'2024-10-10 17:14:19.565891','2024-10-10 17:14:19.565891','READ',0,'GIFT',6),(479,'2024-10-10 17:17:25.838773','2024-10-10 17:17:25.838773','READ',0,'GIFT',6),(480,'2024-10-10 17:17:44.087683','2024-10-10 17:17:44.087683','READ',0,'GIFT',6),(481,'2024-10-10 17:17:51.264737','2024-10-10 17:17:51.264737','READ',0,'GIFT',6),(482,'2024-10-10 17:32:08.832874','2024-10-10 17:32:08.832874','READ',0,'GIFT',6),(483,'2024-10-10 17:32:44.874329','2024-10-10 17:32:44.874329','READ',0,'GIFT',6),(484,'2024-10-10 17:32:53.482696','2024-10-10 17:32:53.482696','READ',0,'GIFT',6),(485,'2024-10-10 17:32:56.743335','2024-10-10 17:32:56.743335','READ',0,'GIFT',6),(486,'2024-10-10 17:33:04.263967','2024-10-10 17:33:04.263967','READ',0,'GIFT',6),(487,'2024-10-10 17:33:48.249772','2024-10-10 17:33:48.249772','READ',0,'GIFT',6),(488,'2024-10-10 17:34:09.029516','2024-10-10 17:34:09.029516','READ',0,'GIFT',6),(489,'2024-10-10 17:35:35.458387','2024-10-10 17:35:35.458387','READ',0,'GIFT',6),(490,'2024-10-10 17:35:45.082630','2024-10-10 17:35:45.082630','READ',0,'GIFT',6),(491,'2024-10-10 17:35:51.330796','2024-10-10 17:35:51.330796','READ',0,'GIFT',6),(492,'2024-10-10 17:38:27.832582','2024-10-10 17:38:27.832582','READ',0,'GIFT',6),(493,'2024-10-10 17:41:05.402053','2024-10-10 17:41:05.402053','READ',0,'GIFT',6),(494,'2024-10-10 17:41:22.908041','2024-10-10 17:41:22.908041','READ',0,'GIFT',6),(495,'2024-10-10 17:47:34.045275','2024-10-10 17:47:34.045275','READ',0,'GIFT',6),(496,'2024-10-10 18:33:44.255648','2024-10-10 18:33:44.255648','READ',0,'GIFT',70),(497,'2024-10-10 18:35:03.755783','2024-10-10 18:35:03.755783','READ',0,'GIFT',70),(498,'2024-10-10 20:31:14.018515','2024-10-10 20:31:14.018515','READ',0,'GIFT',6),(499,'2024-10-10 20:34:23.407438','2024-10-10 20:34:23.407438','READ',0,'GIFT',12),(500,'2024-10-10 20:37:59.178423','2024-10-10 20:37:59.178423','READ',0,'GIFT',6),(501,'2024-10-10 20:41:27.451930','2024-10-10 20:41:27.451930','READ',0,'GIFT',6),(502,'2024-10-10 20:41:44.625769','2024-10-10 20:41:44.625769','READ',0,'GIFT',6),(503,'2024-10-10 20:41:58.023448','2024-10-10 20:41:58.023448','READ',0,'GIFT',6),(504,'2024-10-10 20:42:11.815459','2024-10-10 20:42:11.815459','READ',0,'GIFT',6),(505,'2024-10-10 20:42:20.639369','2024-10-10 20:42:20.639369','READ',0,'GIFT',6),(506,'2024-10-10 20:44:22.447622','2024-10-10 20:44:22.447622','READ',0,'GIFT',12),(507,'2024-10-10 20:44:33.732663','2024-10-10 20:44:33.732663','READ',0,'GIFT',6),(508,'2024-10-10 20:44:37.783394','2024-10-10 20:44:37.783394','READ',0,'GIFT',12),(509,'2024-10-10 20:44:43.072504','2024-10-10 20:44:43.072504','READ',0,'GIFT',6),(510,'2024-10-10 20:45:08.611879','2024-10-10 20:45:08.611879','READ',0,'GIFT',6),(511,'2024-10-10 20:46:12.704710','2024-10-10 20:46:12.704710','READ',0,'GIFT',6),(512,'2024-10-10 20:46:25.484582','2024-10-10 20:46:25.484582','READ',0,'GIFT',6),(513,'2024-10-10 20:49:47.738174','2024-10-10 20:49:47.738174','READ',0,'GIFT',6),(514,'2024-10-10 20:50:50.835324','2024-10-10 20:50:50.835324','READ',0,'GIFT',12),(515,'2024-10-10 20:50:59.485808','2024-10-10 20:50:59.485808','READ',0,'GIFT',12),(516,'2024-10-10 20:54:39.749867','2024-10-10 20:54:39.749867','READ',0,'GIFT',12),(517,'2024-10-10 20:54:47.982714','2024-10-10 20:54:47.982714','READ',0,'GIFT',12),(518,'2024-10-10 20:55:10.482699','2024-10-10 20:55:10.482699','READ',0,'GIFT',6),(519,'2024-10-10 20:55:18.832494','2024-10-10 20:55:18.832494','READ',0,'GIFT',6),(520,'2024-10-10 20:55:23.048190','2024-10-10 20:55:23.048190','READ',0,'GIFT',6),(521,'2024-10-10 20:56:00.460187','2024-10-10 20:56:00.460187','READ',0,'GIFT',6),(522,'2024-10-10 20:57:46.659178','2024-10-10 20:57:46.659178','READ',0,'GIFT',6),(523,'2024-10-10 20:58:13.363464','2024-10-10 20:58:13.363464','READ',0,'GIFT',6),(524,'2024-10-10 20:58:27.334182','2024-10-10 20:58:27.334182','READ',0,'GIFT',6),(525,'2024-10-10 20:59:55.012858','2024-10-10 20:59:55.012858','READ',0,'GIFT',6),(526,'2024-10-10 21:00:09.430312','2024-10-10 21:00:09.430312','READ',0,'GIFT',6),(527,'2024-10-10 21:08:49.298321','2024-10-10 21:08:49.298321','READ',0,'GIFT',6),(528,'2024-10-10 21:08:54.049125','2024-10-10 21:08:54.049125','READ',0,'GIFT',6),(529,'2024-10-10 21:10:22.187505','2024-10-10 21:10:22.187505','READ',0,'GIFT',6),(530,'2024-10-10 21:10:35.832441','2024-10-10 21:10:35.832441','READ',0,'GIFT',6),(531,'2024-10-10 21:12:41.721963','2024-10-10 21:12:41.721963','READ',0,'GIFT',6),(532,'2024-10-10 21:12:45.913092','2024-10-10 21:12:45.913092','READ',0,'GIFT',6),(533,'2024-10-10 21:13:26.360933','2024-10-10 21:13:26.360933','READ',0,'GIFT',6),(534,'2024-10-10 21:14:28.694194','2024-10-10 21:14:28.694194','READ',0,'GIFT',6),(535,'2024-10-10 21:19:09.888753','2024-10-10 21:19:09.888753','READ',0,'GIFT',6),(536,'2024-10-10 21:20:05.633787','2024-10-10 21:20:05.633787','READ',0,'GIFT',6),(537,'2024-10-10 21:20:14.569922','2024-10-10 21:20:14.569922','READ',0,'GIFT',6),(538,'2024-10-10 21:20:17.272878','2024-10-10 21:20:17.272878','READ',0,'GIFT',6),(539,'2024-10-10 21:20:20.729732','2024-10-10 21:20:20.729732','READ',0,'GIFT',6),(540,'2024-10-10 21:22:47.528720','2024-10-10 21:22:47.528720','READ',0,'GIFT',6),(541,'2024-10-10 21:24:41.944606','2024-10-10 21:24:41.944606','READ',0,'GIFT',6),(542,'2024-10-10 21:26:30.076635','2024-10-10 21:26:30.076635','DELETE',45,'GIFT',3),(543,'2024-10-10 21:26:32.999993','2024-10-10 21:26:32.999993','DELETE',43,'GIFT',3),(544,'2024-10-10 21:27:38.461631','2024-10-10 21:27:38.461631','READ',0,'GIFT',6),(545,'2024-10-10 21:27:48.105605','2024-10-10 21:27:48.105605','READ',0,'GIFT',6),(546,'2024-10-10 21:31:33.980635','2024-10-10 21:31:33.980635','READ',0,'GIFT',6),(547,'2024-10-10 21:31:45.780047','2024-10-10 21:31:45.780047','READ',0,'GIFT',6),(548,'2024-10-10 21:31:54.142016','2024-10-10 21:31:54.142016','READ',0,'GIFT',6),(549,'2024-10-10 21:37:34.660202','2024-10-10 21:37:34.660202','READ',0,'GIFT',6),(550,'2024-10-10 21:37:47.107104','2024-10-10 21:37:47.107104','READ',0,'GIFT',6),(551,'2024-10-10 21:38:01.360366','2024-10-10 21:38:01.360366','READ',0,'GIFT',6),(552,'2024-10-10 21:38:10.554214','2024-10-10 21:38:10.554214','READ',0,'GIFT',6),(553,'2024-10-10 21:38:17.570132','2024-10-10 21:38:17.570132','READ',0,'GIFT',6),(554,'2024-10-10 21:39:18.098804','2024-10-10 21:39:18.098804','READ',0,'GIFT',71),(555,'2024-10-10 21:39:27.451280','2024-10-10 21:39:27.451280','READ',0,'GIFT',71),(556,'2024-10-10 21:39:37.216905','2024-10-10 21:39:37.216905','READ',0,'GIFT',6),(557,'2024-10-10 21:39:58.655541','2024-10-10 21:39:58.655541','READ',0,'GIFT',71),(558,'2024-10-10 21:41:22.949407','2024-10-10 21:41:22.949407','READ',0,'GIFT',71),(559,'2024-10-10 21:41:39.217607','2024-10-10 21:41:39.217607','READ',0,'GIFT',71),(560,'2024-10-10 21:42:34.298150','2024-10-10 21:42:34.298150','READ',0,'GIFT',71),(561,'2024-10-10 21:43:32.658649','2024-10-10 21:43:32.658649','READ',0,'GIFT',6),(562,'2024-10-10 21:44:20.680215','2024-10-10 21:44:20.680215','READ',0,'GIFT',71),(563,'2024-10-10 21:44:26.800735','2024-10-10 21:44:26.800735','READ',0,'GIFT',71),(564,'2024-10-10 21:44:30.744800','2024-10-10 21:44:30.744800','READ',0,'GIFT',6),(565,'2024-10-10 21:44:36.080290','2024-10-10 21:44:36.080290','READ',0,'GIFT',71),(566,'2024-10-10 21:45:59.513165','2024-10-10 21:45:59.513165','READ',0,'GIFT',71),(567,'2024-10-10 21:46:02.557495','2024-10-10 21:46:02.557495','READ',0,'GIFT',71),(568,'2024-10-10 21:48:27.277811','2024-10-10 21:48:27.277811','READ',0,'GIFT',6),(569,'2024-10-10 21:49:38.252540','2024-10-10 21:49:38.252540','READ',0,'GIFT',6),(570,'2024-10-10 21:49:57.075634','2024-10-10 21:49:57.075634','READ',0,'GIFT',71),(571,'2024-10-10 21:50:26.789876','2024-10-10 21:50:26.789876','READ',0,'GIFT',6),(572,'2024-10-10 21:50:30.456577','2024-10-10 21:50:30.456577','READ',0,'GIFT',71),(573,'2024-10-10 21:50:58.935319','2024-10-10 21:50:58.935319','READ',0,'GIFT',71),(574,'2024-10-10 21:51:04.100667','2024-10-10 21:51:04.100667','READ',0,'GIFT',12),(575,'2024-10-10 21:53:19.727544','2024-10-10 21:53:19.727544','READ',0,'GIFT',71),(576,'2024-10-10 21:53:22.578129','2024-10-10 21:53:22.578129','READ',0,'GIFT',6),(577,'2024-10-10 21:54:02.752844','2024-10-10 21:54:02.752844','READ',0,'GIFT',71),(578,'2024-10-10 21:54:45.120842','2024-10-10 21:54:45.120842','READ',0,'GIFT',6),(579,'2024-10-10 21:54:55.965295','2024-10-10 21:54:55.965295','READ',0,'GIFT',12),(580,'2024-10-10 21:55:05.482998','2024-10-10 21:55:05.482998','READ',0,'GIFT',12),(581,'2024-10-10 21:55:14.251918','2024-10-10 21:55:14.251918','READ',0,'GIFT',12),(582,'2024-10-10 21:56:18.294024','2024-10-10 21:56:18.294024','READ',0,'GIFT',6),(583,'2024-10-10 21:57:00.911199','2024-10-10 21:57:00.911199','READ',0,'GIFT',6),(584,'2024-10-10 21:57:47.160702','2024-10-10 21:57:47.160702','READ',0,'GIFT',71),(585,'2024-10-10 21:58:51.878678','2024-10-10 21:58:51.878678','READ',0,'GIFT',6),(586,'2024-10-10 21:59:51.816644','2024-10-10 21:59:51.816644','READ',0,'GIFT',12),(587,'2024-10-10 22:00:03.486800','2024-10-10 22:00:03.486800','READ',0,'GIFT',12),(588,'2024-10-10 22:00:07.876302','2024-10-10 22:00:07.876302','READ',0,'GIFT',12),(589,'2024-10-10 22:00:08.332759','2024-10-10 22:00:08.332759','READ',0,'GIFT',71),(590,'2024-10-10 22:00:38.849789','2024-10-10 22:00:38.849789','READ',0,'GIFT',6),(591,'2024-10-10 22:01:30.649957','2024-10-10 22:01:30.649957','READ',0,'GIFT',6),(592,'2024-10-10 22:04:00.415108','2024-10-10 22:04:00.415108','READ',0,'GIFT',71),(593,'2024-10-10 22:04:29.887101','2024-10-10 22:04:29.887101','READ',0,'GIFT',12),(594,'2024-10-10 22:04:56.448926','2024-10-10 22:04:56.448926','READ',0,'GIFT',6),(595,'2024-10-10 22:05:48.051489','2024-10-10 22:05:48.051489','READ',0,'GIFT',12),(596,'2024-10-10 22:06:55.062116','2024-10-10 22:06:55.062116','READ',0,'GIFT',6),(597,'2024-10-10 22:09:42.388145','2024-10-10 22:09:42.388145','READ',0,'GIFT',6),(598,'2024-10-10 22:10:24.874750','2024-10-10 22:10:24.874750','READ',0,'GIFT',6),(599,'2024-10-10 22:10:36.945485','2024-10-10 22:10:36.945485','READ',0,'GIFT',6),(600,'2024-10-10 22:10:47.115202','2024-10-10 22:10:47.115202','READ',0,'GIFT',6),(601,'2024-10-10 22:13:53.036162','2024-10-10 22:13:53.036162','READ',0,'GIFT',12),(602,'2024-10-10 22:14:24.370025','2024-10-10 22:14:24.370025','READ',0,'GIFT',71),(603,'2024-10-10 22:14:57.593235','2024-10-10 22:14:57.593235','READ',0,'GIFT',71),(604,'2024-10-10 22:15:28.946853','2024-10-10 22:15:28.946853','READ',0,'GIFT',71),(605,'2024-10-10 22:16:49.105302','2024-10-10 22:16:49.105302','READ',0,'GIFT',12),(606,'2024-10-10 22:17:59.816039','2024-10-10 22:17:59.816039','READ',0,'GIFT',12),(607,'2024-10-10 22:19:12.103546','2024-10-10 22:19:12.103546','READ',0,'GIFT',12),(608,'2024-10-10 22:21:03.798704','2024-10-10 22:21:03.798704','READ',0,'GIFT',12),(609,'2024-10-10 22:21:17.104855','2024-10-10 22:21:17.104855','READ',0,'GIFT',6),(610,'2024-10-10 22:22:14.622232','2024-10-10 22:22:14.622232','READ',0,'GIFT',12),(611,'2024-10-10 22:22:25.286410','2024-10-10 22:22:25.286410','READ',0,'GIFT',6),(612,'2024-10-10 22:22:53.640433','2024-10-10 22:22:53.640433','READ',0,'GIFT',6),(613,'2024-10-10 22:23:24.174899','2024-10-10 22:23:24.174899','READ',0,'GIFT',71),(614,'2024-10-10 22:24:13.723660','2024-10-10 22:24:13.723660','READ',0,'GIFT',71),(615,'2024-10-10 22:25:38.726118','2024-10-10 22:25:38.726118','READ',0,'GIFT',71),(616,'2024-10-10 22:25:44.561451','2024-10-10 22:25:44.561451','READ',0,'GIFT',71),(617,'2024-10-10 22:27:04.640887','2024-10-10 22:27:04.640887','READ',0,'GIFT',71),(618,'2024-10-10 22:27:21.845643','2024-10-10 22:27:21.845643','READ',0,'GIFT',71),(619,'2024-10-10 22:28:45.608588','2024-10-10 22:28:45.608588','READ',0,'GIFT',6),(620,'2024-10-10 22:29:03.613606','2024-10-10 22:29:03.613606','READ',0,'GIFT',6),(621,'2024-10-10 22:29:13.369874','2024-10-10 22:29:13.369874','READ',0,'GIFT',71),(622,'2024-10-10 22:35:10.528335','2024-10-10 22:35:10.528335','READ',0,'GIFT',12),(623,'2024-10-10 22:35:14.060096','2024-10-10 22:35:14.060096','READ',0,'GIFT',12),(624,'2024-10-10 22:35:27.193984','2024-10-10 22:35:27.193984','READ',0,'GIFT',12),(625,'2024-10-10 22:35:54.984397','2024-10-10 22:35:54.984397','READ',0,'GIFT',12),(626,'2024-10-10 22:36:26.992217','2024-10-10 22:36:26.992217','READ',0,'GIFT',12),(627,'2024-10-10 22:36:43.878131','2024-10-10 22:36:43.878131','READ',0,'GIFT',12),(628,'2024-10-10 22:36:45.627443','2024-10-10 22:36:45.627443','READ',0,'GIFT',12),(629,'2024-10-10 22:36:54.503822','2024-10-10 22:36:54.503822','READ',0,'GIFT',12),(630,'2024-10-10 22:37:00.749458','2024-10-10 22:37:00.749458','READ',0,'GIFT',12),(631,'2024-10-10 22:37:22.900858','2024-10-10 22:37:22.900858','READ',0,'GIFT',12),(632,'2024-10-10 22:37:25.899703','2024-10-10 22:37:25.899703','READ',0,'GIFT',12),(633,'2024-10-10 22:37:32.109936','2024-10-10 22:37:32.109936','READ',0,'GIFT',12),(634,'2024-10-10 22:37:37.565798','2024-10-10 22:37:37.565798','READ',0,'GIFT',71),(635,'2024-10-10 22:37:58.350051','2024-10-10 22:37:58.350051','READ',0,'GIFT',12),(636,'2024-10-10 22:38:04.546741','2024-10-10 22:38:04.546741','READ',0,'GIFT',12),(637,'2024-10-10 22:38:08.920221','2024-10-10 22:38:08.920221','READ',0,'GIFT',12),(638,'2024-10-10 22:38:20.820753','2024-10-10 22:38:20.820753','READ',0,'GIFT',12),(639,'2024-10-10 22:39:53.090627','2024-10-10 22:39:53.090627','READ',0,'GIFT',12),(640,'2024-10-10 22:41:15.473900','2024-10-10 22:41:15.473900','READ',0,'GIFT',12),(641,'2024-10-10 22:41:25.653305','2024-10-10 22:41:25.653305','READ',0,'GIFT',12),(642,'2024-10-10 22:41:31.463769','2024-10-10 22:41:31.463769','READ',0,'GIFT',12),(643,'2024-10-10 22:42:04.434718','2024-10-10 22:42:04.434718','READ',0,'GIFT',12),(644,'2024-10-10 22:42:07.456415','2024-10-10 22:42:07.456415','READ',0,'GIFT',12),(645,'2024-10-10 22:42:25.820975','2024-10-10 22:42:25.820975','READ',0,'GIFT',12),(646,'2024-10-10 22:43:17.343392','2024-10-10 22:43:17.343392','READ',0,'GIFT',71),(647,'2024-10-10 22:43:56.804976','2024-10-10 22:43:56.804976','READ',0,'GIFT',71),(648,'2024-10-10 22:45:02.954544','2024-10-10 22:45:02.954544','READ',0,'GIFT',71),(649,'2024-10-10 22:45:46.998819','2024-10-10 22:45:46.998819','READ',0,'GIFT',12),(650,'2024-10-10 22:46:03.286586','2024-10-10 22:46:03.286586','READ',0,'GIFT',71),(651,'2024-10-10 22:46:49.406096','2024-10-10 22:46:49.406096','READ',0,'GIFT',71),(652,'2024-10-10 22:47:16.918694','2024-10-10 22:47:16.918694','READ',0,'GIFT',71),(653,'2024-10-10 22:47:40.647370','2024-10-10 22:47:40.647370','READ',0,'GIFT',12),(654,'2024-10-10 22:49:08.811815','2024-10-10 22:49:08.811815','READ',0,'GIFT',71),(655,'2024-10-10 22:49:11.769633','2024-10-10 22:49:11.769633','READ',0,'GIFT',12),(656,'2024-10-10 22:49:22.945917','2024-10-10 22:49:22.945917','READ',0,'GIFT',71),(657,'2024-10-10 22:49:35.086322','2024-10-10 22:49:35.086322','READ',0,'GIFT',12),(658,'2024-10-10 22:49:47.278391','2024-10-10 22:49:47.278391','READ',0,'GIFT',12),(659,'2024-10-10 22:50:11.198926','2024-10-10 22:50:11.198926','READ',0,'GIFT',12),(660,'2024-10-10 22:50:16.519505','2024-10-10 22:50:16.519505','READ',0,'GIFT',12),(661,'2024-10-10 22:50:23.485181','2024-10-10 22:50:23.485181','READ',0,'GIFT',12),(662,'2024-10-10 22:50:43.554867','2024-10-10 22:50:43.554867','READ',0,'GIFT',12),(663,'2024-10-10 22:50:43.556041','2024-10-10 22:50:43.556041','READ',0,'GIFT',12),(664,'2024-10-10 22:50:45.798666','2024-10-10 22:50:45.798666','READ',0,'GIFT',12),(665,'2024-10-10 22:50:53.677575','2024-10-10 22:50:53.677575','READ',0,'GIFT',12),(666,'2024-10-10 22:51:06.148867','2024-10-10 22:51:06.148867','READ',0,'GIFT',12),(667,'2024-10-10 22:52:01.300480','2024-10-10 22:52:01.300480','READ',0,'GIFT',71),(668,'2024-10-10 22:52:15.425505','2024-10-10 22:52:15.425505','READ',0,'GIFT',12),(669,'2024-10-10 22:52:29.829956','2024-10-10 22:52:29.829956','READ',0,'GIFT',71),(670,'2024-10-10 22:52:58.132402','2024-10-10 22:52:58.132402','READ',0,'GIFT',71),(671,'2024-10-10 22:53:35.558852','2024-10-10 22:53:35.558852','READ',0,'GIFT',12),(672,'2024-10-10 22:53:35.560287','2024-10-10 22:53:35.560287','READ',0,'GIFT',12),(673,'2024-10-10 22:54:12.251450','2024-10-10 22:54:12.251450','READ',0,'GIFT',71),(674,'2024-10-10 22:55:23.313937','2024-10-10 22:55:23.313937','READ',0,'GIFT',12),(675,'2024-10-10 22:55:40.190030','2024-10-10 22:55:40.190030','READ',0,'GIFT',12),(676,'2024-10-10 22:55:55.302753','2024-10-10 22:55:55.302753','READ',0,'GIFT',12),(677,'2024-10-10 22:55:55.302729','2024-10-10 22:55:55.302729','READ',0,'GIFT',12),(678,'2024-10-10 22:56:13.925017','2024-10-10 22:56:13.925017','READ',0,'GIFT',12),(679,'2024-10-10 22:56:19.003582','2024-10-10 22:56:19.003582','READ',0,'GIFT',12),(680,'2024-10-10 22:56:28.632050','2024-10-10 22:56:28.632050','READ',0,'GIFT',12),(681,'2024-10-10 22:56:28.631941','2024-10-10 22:56:28.631941','READ',0,'GIFT',12),(682,'2024-10-10 22:56:35.686684','2024-10-10 22:56:35.686684','READ',0,'GIFT',6),(683,'2024-10-10 22:56:48.333332','2024-10-10 22:56:48.333332','READ',0,'GIFT',12),(684,'2024-10-10 22:57:03.799412','2024-10-10 22:57:03.799412','READ',0,'GIFT',6),(685,'2024-10-10 22:57:03.803629','2024-10-10 22:57:03.803629','READ',0,'GIFT',6),(686,'2024-10-10 22:57:15.123216','2024-10-10 22:57:15.123216','READ',0,'GIFT',12),(687,'2024-10-10 22:57:15.134794','2024-10-10 22:57:15.134794','READ',0,'GIFT',12),(688,'2024-10-10 22:57:15.414434','2024-10-10 22:57:15.414434','READ',0,'GIFT',6),(689,'2024-10-10 22:57:16.387058','2024-10-10 22:57:16.387058','READ',0,'GIFT',12),(690,'2024-10-10 22:57:37.291314','2024-10-10 22:57:37.291314','READ',0,'GIFT',71),(691,'2024-10-10 22:57:49.010817','2024-10-10 22:57:49.010817','READ',0,'GIFT',12),(692,'2024-10-10 22:58:02.587262','2024-10-10 22:58:02.587262','READ',0,'GIFT',12),(693,'2024-10-10 22:58:09.067091','2024-10-10 22:58:09.067091','READ',0,'GIFT',6),(694,'2024-10-10 22:58:10.667414','2024-10-10 22:58:10.667414','READ',0,'GIFT',71),(695,'2024-10-10 22:58:22.083805','2024-10-10 22:58:22.083805','READ',0,'GIFT',71),(696,'2024-10-10 22:58:24.758477','2024-10-10 22:58:24.758477','READ',0,'GIFT',6),(697,'2024-10-10 22:59:03.290703','2024-10-10 22:59:03.290703','READ',0,'GIFT',6),(698,'2024-10-10 22:59:15.154555','2024-10-10 22:59:15.154555','READ',0,'GIFT',6),(699,'2024-10-10 22:59:25.837256','2024-10-10 22:59:25.837256','READ',0,'GIFT',6),(700,'2024-10-10 22:59:47.429434','2024-10-10 22:59:47.429434','READ',0,'GIFT',6),(701,'2024-10-10 22:59:56.892184','2024-10-10 22:59:56.892184','READ',0,'GIFT',6),(702,'2024-10-10 23:00:02.376087','2024-10-10 23:00:02.376087','READ',0,'GIFT',71),(703,'2024-10-10 23:01:24.876435','2024-10-10 23:01:24.876435','READ',0,'GIFT',71),(704,'2024-10-10 23:02:01.334684','2024-10-10 23:02:01.334684','READ',0,'GIFT',12),(705,'2024-10-10 23:02:32.313553','2024-10-10 23:02:32.313553','READ',0,'GIFT',71),(706,'2024-10-10 23:02:36.574867','2024-10-10 23:02:36.574867','READ',0,'GIFT',6),(707,'2024-10-10 23:02:46.681938','2024-10-10 23:02:46.681938','READ',0,'GIFT',6),(708,'2024-10-10 23:02:56.353661','2024-10-10 23:02:56.353661','READ',0,'GIFT',6),(709,'2024-10-10 23:03:09.038985','2024-10-10 23:03:09.038985','READ',0,'GIFT',6),(710,'2024-10-10 23:03:20.203684','2024-10-10 23:03:20.203684','READ',0,'GIFT',6),(711,'2024-10-10 23:03:29.749566','2024-10-10 23:03:29.749566','READ',0,'GIFT',71),(712,'2024-10-10 23:03:33.338773','2024-10-10 23:03:33.338773','READ',0,'GIFT',6),(713,'2024-10-10 23:03:47.973757','2024-10-10 23:03:47.973757','READ',0,'GIFT',6),(714,'2024-10-10 23:03:53.202378','2024-10-10 23:03:53.202378','READ',0,'GIFT',6),(715,'2024-10-10 23:04:02.951015','2024-10-10 23:04:02.951015','READ',0,'GIFT',6),(716,'2024-10-10 23:04:14.374786','2024-10-10 23:04:14.374786','READ',0,'GIFT',6),(717,'2024-10-10 23:11:49.450939','2024-10-10 23:11:49.450939','READ',0,'GIFT',6),(718,'2024-10-10 23:12:01.970647','2024-10-10 23:12:01.970647','READ',0,'GIFT',6),(719,'2024-10-10 23:12:13.268244','2024-10-10 23:12:13.268244','READ',0,'GIFT',6),(720,'2024-10-10 23:12:49.592429','2024-10-10 23:12:49.592429','READ',0,'GIFT',12),(721,'2024-10-10 23:13:11.897757','2024-10-10 23:13:11.897757','READ',0,'GIFT',6),(722,'2024-10-10 23:13:20.172224','2024-10-10 23:13:20.172224','READ',0,'GIFT',12),(723,'2024-10-10 23:13:20.420135','2024-10-10 23:13:20.420135','READ',0,'GIFT',6),(724,'2024-10-10 23:13:24.069636','2024-10-10 23:13:24.069636','READ',0,'GIFT',12),(725,'2024-10-10 23:13:33.339224','2024-10-10 23:13:33.339224','READ',0,'GIFT',6),(726,'2024-10-10 23:13:36.945900','2024-10-10 23:13:36.945900','READ',0,'GIFT',12),(727,'2024-10-10 23:13:41.558473','2024-10-10 23:13:41.558473','READ',0,'GIFT',6),(728,'2024-10-10 23:14:28.894515','2024-10-10 23:14:28.894515','READ',0,'GIFT',6),(729,'2024-10-10 23:14:38.772934','2024-10-10 23:14:38.772934','READ',0,'GIFT',12),(730,'2024-10-10 23:14:54.936944','2024-10-10 23:14:54.936944','READ',0,'GIFT',71),(731,'2024-10-10 23:15:15.034826','2024-10-10 23:15:15.034826','READ',0,'GIFT',6),(732,'2024-10-10 23:15:23.477605','2024-10-10 23:15:23.477605','READ',0,'GIFT',71),(733,'2024-10-10 23:15:33.426046','2024-10-10 23:15:33.426046','READ',0,'GIFT',6),(734,'2024-10-10 23:15:42.210244','2024-10-10 23:15:42.210244','READ',0,'GIFT',6),(735,'2024-10-10 23:16:41.112683','2024-10-10 23:16:41.112683','READ',0,'GIFT',6),(736,'2024-10-10 23:16:50.192920','2024-10-10 23:16:50.192920','READ',0,'GIFT',12),(737,'2024-10-10 23:16:59.209495','2024-10-10 23:16:59.209495','READ',0,'GIFT',6),(738,'2024-10-10 23:17:31.437067','2024-10-10 23:17:31.437067','READ',0,'GIFT',12),(739,'2024-10-10 23:18:00.438122','2024-10-10 23:18:00.438122','READ',0,'GIFT',6),(740,'2024-10-10 23:18:01.723732','2024-10-10 23:18:01.723732','READ',0,'GIFT',6),(741,'2024-10-10 23:18:10.599536','2024-10-10 23:18:10.599536','READ',0,'GIFT',6),(742,'2024-10-10 23:18:26.024734','2024-10-10 23:18:26.024734','READ',0,'GIFT',6),(743,'2024-10-10 23:18:28.350989','2024-10-10 23:18:28.350989','READ',0,'GIFT',12),(744,'2024-10-10 23:18:32.773508','2024-10-10 23:18:32.773508','READ',0,'GIFT',6),(745,'2024-10-10 23:20:09.091394','2024-10-10 23:20:09.091394','READ',0,'GIFT',12),(746,'2024-10-10 23:20:14.179977','2024-10-10 23:20:14.179977','READ',0,'GIFT',12),(747,'2024-10-10 23:21:00.574302','2024-10-10 23:21:00.574302','READ',0,'GIFT',6),(748,'2024-10-10 23:21:28.085611','2024-10-10 23:21:28.085611','READ',0,'GIFT',71),(749,'2024-10-10 23:22:08.514396','2024-10-10 23:22:08.514396','READ',0,'GIFT',12),(750,'2024-10-10 23:23:43.901541','2024-10-10 23:23:43.901541','READ',0,'GIFT',12),(751,'2024-10-10 23:24:13.094634','2024-10-10 23:24:13.094634','READ',0,'GIFT',71),(752,'2024-10-10 23:24:23.839697','2024-10-10 23:24:23.839697','READ',0,'GIFT',12),(753,'2024-10-10 23:27:32.990691','2024-10-10 23:27:32.990691','READ',0,'GIFT',71),(754,'2024-10-10 23:28:28.921577','2024-10-10 23:28:28.921577','READ',0,'GIFT',71),(755,'2024-10-10 23:28:40.242438','2024-10-10 23:28:40.242438','READ',0,'GIFT',71),(756,'2024-10-10 23:32:16.760257','2024-10-10 23:32:16.760257','READ',0,'GIFT',6),(757,'2024-10-10 23:32:20.644220','2024-10-10 23:32:20.644220','READ',0,'GIFT',6),(758,'2024-10-10 23:35:00.391121','2024-10-10 23:35:00.391121','READ',0,'GIFT',6),(759,'2024-10-10 23:36:03.118961','2024-10-10 23:36:03.118961','READ',0,'GIFT',6),(760,'2024-10-10 23:36:18.120798','2024-10-10 23:36:18.120798','READ',0,'GIFT',71),(761,'2024-10-10 23:36:26.087836','2024-10-10 23:36:26.087836','READ',0,'GIFT',71),(762,'2024-10-10 23:37:06.068173','2024-10-10 23:37:06.068173','READ',0,'GIFT',71),(763,'2024-10-10 23:38:05.633225','2024-10-10 23:38:05.633225','READ',0,'GIFT',71),(764,'2024-10-10 23:39:51.233764','2024-10-10 23:39:51.233764','READ',0,'GIFT',71),(765,'2024-10-10 23:40:46.035968','2024-10-10 23:40:46.035968','READ',0,'GIFT',71),(766,'2024-10-10 23:49:31.418373','2024-10-10 23:49:31.418373','READ',0,'GIFT',71),(767,'2024-10-10 23:52:13.435054','2024-10-10 23:52:13.435054','READ',0,'GIFT',6),(768,'2024-10-10 23:52:26.988262','2024-10-10 23:52:26.988262','READ',0,'GIFT',6),(769,'2024-10-10 23:52:33.913346','2024-10-10 23:52:33.913346','READ',0,'GIFT',6),(770,'2024-10-10 23:52:45.035513','2024-10-10 23:52:45.035513','READ',0,'GIFT',6),(771,'2024-10-10 23:52:50.141608','2024-10-10 23:52:50.141608','READ',0,'GIFT',6),(772,'2024-10-10 23:53:12.281553','2024-10-10 23:53:12.281553','READ',0,'GIFT',6),(773,'2024-10-10 23:55:19.748824','2024-10-10 23:55:19.748824','READ',0,'GIFT',6),(774,'2024-10-10 23:55:53.950746','2024-10-10 23:55:53.950746','READ',0,'GIFT',6),(775,'2024-10-10 23:56:18.281322','2024-10-10 23:56:18.281322','READ',0,'GIFT',6),(776,'2024-10-10 23:56:30.966935','2024-10-10 23:56:30.966935','READ',0,'GIFT',6),(777,'2024-10-10 23:56:40.438677','2024-10-10 23:56:40.438677','READ',0,'GIFT',6),(778,'2024-10-10 23:58:57.118682','2024-10-10 23:58:57.118682','READ',0,'GIFT',71),(779,'2024-10-11 00:00:05.769461','2024-10-11 00:00:05.769461','READ',0,'GIFT',71),(780,'2024-10-11 00:00:33.185085','2024-10-11 00:00:33.185085','READ',0,'GIFT',71),(781,'2024-10-11 00:00:39.661464','2024-10-11 00:00:39.661464','READ',0,'GIFT',71),(782,'2024-10-11 00:01:57.062593','2024-10-11 00:01:57.062593','READ',0,'GIFT',6),(783,'2024-10-11 00:02:24.232891','2024-10-11 00:02:24.232891','READ',0,'GIFT',6),(784,'2024-10-11 00:02:27.739298','2024-10-11 00:02:27.739298','READ',0,'GIFT',71),(785,'2024-10-11 00:02:30.291583','2024-10-11 00:02:30.291583','READ',0,'GIFT',6),(786,'2024-10-11 00:02:44.380737','2024-10-11 00:02:44.380737','READ',0,'GIFT',6),(787,'2024-10-11 00:03:37.905935','2024-10-11 00:03:37.905935','READ',0,'GIFT',6),(788,'2024-10-11 00:03:45.172332','2024-10-11 00:03:45.172332','READ',0,'GIFT',6),(789,'2024-10-11 00:07:53.097723','2024-10-11 00:07:53.097723','READ',0,'GIFT',6),(790,'2024-10-11 00:07:53.175299','2024-10-11 00:07:53.175299','READ',0,'GIFT',6),(791,'2024-10-11 00:08:04.052840','2024-10-11 00:08:04.052840','READ',0,'GIFT',6),(792,'2024-10-11 00:08:04.062998','2024-10-11 00:08:04.062998','READ',0,'GIFT',6),(793,'2024-10-11 00:08:10.905445','2024-10-11 00:08:10.905445','READ',0,'GIFT',6),(794,'2024-10-11 00:08:10.910533','2024-10-11 00:08:10.910533','READ',0,'GIFT',6),(795,'2024-10-11 00:08:19.802700','2024-10-11 00:08:19.802700','READ',0,'GIFT',6),(796,'2024-10-11 00:08:19.807365','2024-10-11 00:08:19.807365','READ',0,'GIFT',6),(797,'2024-10-11 00:08:34.165299','2024-10-11 00:08:34.165299','READ',0,'GIFT',71),(798,'2024-10-11 00:10:56.237774','2024-10-11 00:10:56.237774','READ',0,'GIFT',6),(799,'2024-10-11 00:10:56.256151','2024-10-11 00:10:56.256151','READ',0,'GIFT',6),(800,'2024-10-11 00:11:22.397921','2024-10-11 00:11:22.397921','READ',0,'GIFT',71),(801,'2024-10-11 00:11:44.093542','2024-10-11 00:11:44.093542','READ',0,'GIFT',71),(802,'2024-10-11 00:13:43.108617','2024-10-11 00:13:43.108617','READ',0,'GIFT',71),(803,'2024-10-11 00:16:17.841726','2024-10-11 00:16:17.841726','READ',0,'GIFT',71),(804,'2024-10-11 00:18:27.775048','2024-10-11 00:18:27.775048','READ',0,'GIFT',71),(805,'2024-10-11 00:18:46.611120','2024-10-11 00:18:46.611120','READ',0,'GIFT',6),(806,'2024-10-11 00:18:46.640284','2024-10-11 00:18:46.640284','READ',0,'GIFT',6),(807,'2024-10-11 00:18:56.931025','2024-10-11 00:18:56.931025','READ',0,'GIFT',71),(808,'2024-10-11 00:19:05.159061','2024-10-11 00:19:05.159061','READ',0,'GIFT',71),(809,'2024-10-11 00:21:49.614092','2024-10-11 00:21:49.614092','READ',0,'GIFT',6),(810,'2024-10-11 00:21:49.804142','2024-10-11 00:21:49.804142','READ',0,'GIFT',6),(811,'2024-10-11 00:22:03.712539','2024-10-11 00:22:03.712539','READ',0,'GIFT',12),(812,'2024-10-11 00:23:05.564080','2024-10-11 00:23:05.564080','READ',0,'GIFT',6),(813,'2024-10-11 00:23:05.565688','2024-10-11 00:23:05.565688','READ',0,'GIFT',6),(814,'2024-10-11 00:23:15.314333','2024-10-11 00:23:15.314333','READ',0,'GIFT',6),(815,'2024-10-11 00:23:15.324442','2024-10-11 00:23:15.324442','READ',0,'GIFT',6),(816,'2024-10-11 00:23:22.127063','2024-10-11 00:23:22.127063','READ',0,'GIFT',6),(817,'2024-10-11 00:23:22.129878','2024-10-11 00:23:22.129878','READ',0,'GIFT',6),(818,'2024-10-11 00:23:31.236020','2024-10-11 00:23:31.236020','READ',0,'GIFT',6),(819,'2024-10-11 00:23:31.242374','2024-10-11 00:23:31.242374','READ',0,'GIFT',6),(820,'2024-10-11 00:24:18.595097','2024-10-11 00:24:18.595097','READ',0,'GIFT',12),(821,'2024-10-11 00:25:53.559463','2024-10-11 00:25:53.559463','READ',0,'GIFT',71),(822,'2024-10-11 00:26:28.730577','2024-10-11 00:26:28.730577','READ',0,'GIFT',71),(823,'2024-10-11 00:26:58.341035','2024-10-11 00:26:58.341035','READ',0,'GIFT',71),(824,'2024-10-11 00:27:02.069221','2024-10-11 00:27:02.069221','READ',0,'GIFT',71),(825,'2024-10-11 00:28:47.477663','2024-10-11 00:28:47.477663','READ',0,'GIFT',71),(826,'2024-10-11 00:29:27.680388','2024-10-11 00:29:27.680388','READ',0,'GIFT',71),(827,'2024-10-11 00:30:58.868293','2024-10-11 00:30:58.868293','READ',0,'GIFT',71),(828,'2024-10-11 00:33:56.413279','2024-10-11 00:33:56.413279','READ',0,'GIFT',71),(829,'2024-10-11 00:33:58.749368','2024-10-11 00:33:58.749368','READ',0,'GIFT',6),(830,'2024-10-11 00:33:58.751110','2024-10-11 00:33:58.751110','READ',0,'GIFT',6),(831,'2024-10-11 00:34:32.408653','2024-10-11 00:34:32.408653','READ',0,'GIFT',6),(832,'2024-10-11 00:34:32.418296','2024-10-11 00:34:32.418296','READ',0,'GIFT',6),(833,'2024-10-11 00:35:13.898222','2024-10-11 00:35:13.898222','READ',0,'GIFT',6),(834,'2024-10-11 00:35:13.899076','2024-10-11 00:35:13.899076','READ',0,'GIFT',6),(835,'2024-10-11 00:35:33.833533','2024-10-11 00:35:33.833533','READ',0,'GIFT',71),(836,'2024-10-11 00:35:56.420356','2024-10-11 00:35:56.420356','READ',0,'GIFT',60),(837,'2024-10-11 00:37:18.021903','2024-10-11 00:37:18.021903','READ',0,'GIFT',6),(838,'2024-10-11 00:37:18.227956','2024-10-11 00:37:18.227956','READ',0,'GIFT',6),(839,'2024-10-11 00:40:23.958497','2024-10-11 00:40:23.958497','READ',0,'GIFT',71),(840,'2024-10-11 00:40:44.931141','2024-10-11 00:40:44.931141','READ',0,'GIFT',6),(841,'2024-10-11 00:40:56.042874','2024-10-11 00:40:56.042874','READ',0,'GIFT',6),(842,'2024-10-11 00:41:01.921726','2024-10-11 00:41:01.921726','READ',0,'GIFT',6),(843,'2024-10-11 00:41:08.975709','2024-10-11 00:41:08.975709','READ',0,'GIFT',71),(844,'2024-10-11 00:41:11.199376','2024-10-11 00:41:11.199376','READ',0,'GIFT',6),(845,'2024-10-11 00:41:25.372981','2024-10-11 00:41:25.372981','READ',0,'GIFT',6),(846,'2024-10-11 00:41:52.362724','2024-10-11 00:41:52.362724','READ',0,'GIFT',6),(847,'2024-10-11 00:42:11.944287','2024-10-11 00:42:11.944287','READ',0,'GIFT',60),(848,'2024-10-11 00:43:56.122549','2024-10-11 00:43:56.122549','READ',0,'GIFT',60),(849,'2024-10-11 00:44:51.207361','2024-10-11 00:44:51.207361','READ',0,'GIFT',71),(850,'2024-10-11 00:48:31.931988','2024-10-11 00:48:31.931988','READ',0,'GIFT',6),(851,'2024-10-11 00:48:57.520495','2024-10-11 00:48:57.520495','READ',0,'GIFT',6),(852,'2024-10-11 00:49:18.102799','2024-10-11 00:49:18.102799','READ',0,'GIFT',6),(853,'2024-10-11 00:49:41.661595','2024-10-11 00:49:41.661595','READ',0,'GIFT',6),(854,'2024-10-11 00:58:08.370873','2024-10-11 00:58:08.370873','READ',0,'GIFT',60),(855,'2024-10-11 00:58:18.916024','2024-10-11 00:58:18.916024','READ',0,'GIFT',60),(856,'2024-10-11 01:01:55.662127','2024-10-11 01:01:55.662127','READ',0,'GIFT',6),(857,'2024-10-11 01:02:12.246913','2024-10-11 01:02:12.246913','READ',0,'GIFT',6),(858,'2024-10-11 01:02:18.433951','2024-10-11 01:02:18.433951','READ',0,'GIFT',6),(859,'2024-10-11 01:14:13.988956','2024-10-11 01:14:13.988956','READ',0,'GIFT',6),(860,'2024-10-11 01:14:21.988653','2024-10-11 01:14:21.988653','READ',0,'GIFT',6),(861,'2024-10-11 01:14:28.690529','2024-10-11 01:14:28.690529','READ',0,'GIFT',6),(862,'2024-10-11 01:14:51.190816','2024-10-11 01:14:51.190816','READ',0,'GIFT',6),(863,'2024-10-11 01:15:11.084423','2024-10-11 01:15:11.084423','READ',0,'GIFT',6),(864,'2024-10-11 01:17:11.329832','2024-10-11 01:17:11.329832','READ',0,'GIFT',71),(865,'2024-10-11 01:19:48.835091','2024-10-11 01:19:48.835091','READ',0,'GIFT',6),(866,'2024-10-11 01:20:03.902392','2024-10-11 01:20:03.902392','READ',0,'GIFT',6),(867,'2024-10-11 01:20:22.952536','2024-10-11 01:20:22.952536','READ',0,'GIFT',6),(868,'2024-10-11 01:21:10.323257','2024-10-11 01:21:10.323257','READ',0,'GIFT',6),(869,'2024-10-11 01:21:38.560861','2024-10-11 01:21:38.560861','READ',0,'GIFT',6),(870,'2024-10-11 01:22:17.252632','2024-10-11 01:22:17.252632','READ',0,'GIFT',71),(871,'2024-10-11 01:22:29.785645','2024-10-11 01:22:29.785645','READ',0,'GIFT',71),(872,'2024-10-11 01:23:06.794688','2024-10-11 01:23:06.794688','READ',0,'GIFT',71),(873,'2024-10-11 01:23:23.606426','2024-10-11 01:23:23.606426','READ',0,'GIFT',6),(874,'2024-10-11 01:23:47.385719','2024-10-11 01:23:47.385719','READ',0,'GIFT',6),(875,'2024-10-11 01:24:24.583295','2024-10-11 01:24:24.583295','READ',0,'GIFT',71),(876,'2024-10-11 01:25:16.923119','2024-10-11 01:25:16.923119','READ',0,'GIFT',71),(877,'2024-10-11 01:26:30.993271','2024-10-11 01:26:30.993271','READ',0,'GIFT',6),(878,'2024-10-11 01:28:32.054409','2024-10-11 01:28:32.054409','READ',0,'GIFT',71),(879,'2024-10-11 01:29:23.764788','2024-10-11 01:29:23.764788','READ',0,'GIFT',71),(880,'2024-10-11 01:29:34.568460','2024-10-11 01:29:34.568460','READ',0,'GIFT',71),(881,'2024-10-11 01:30:44.982323','2024-10-11 01:30:44.982323','READ',0,'GIFT',6),(882,'2024-10-11 01:30:55.316591','2024-10-11 01:30:55.316591','READ',0,'GIFT',6),(883,'2024-10-11 01:32:37.811055','2024-10-11 01:32:37.811055','READ',0,'GIFT',71),(884,'2024-10-11 01:32:40.189027','2024-10-11 01:32:40.189027','READ',0,'GIFT',71),(885,'2024-10-11 01:32:47.972411','2024-10-11 01:32:47.972411','READ',0,'GIFT',71),(886,'2024-10-11 01:33:54.537368','2024-10-11 01:33:54.537368','READ',0,'GIFT',71),(887,'2024-10-11 01:34:02.680096','2024-10-11 01:34:02.680096','READ',0,'GIFT',71),(888,'2024-10-11 01:35:13.585252','2024-10-11 01:35:13.585252','READ',0,'GIFT',71),(889,'2024-10-11 01:35:17.769721','2024-10-11 01:35:17.769721','READ',0,'GIFT',6),(890,'2024-10-11 01:35:56.029562','2024-10-11 01:35:56.029562','READ',0,'GIFT',6),(891,'2024-10-11 01:36:53.322146','2024-10-11 01:36:53.322146','READ',0,'GIFT',71),(892,'2024-10-11 01:40:00.599423','2024-10-11 01:40:00.599423','READ',0,'GIFT',6),(893,'2024-10-11 01:44:24.716606','2024-10-11 01:44:24.716606','READ',0,'GIFT',71),(894,'2024-10-11 01:44:47.882116','2024-10-11 01:44:47.882116','READ',0,'GIFT',71),(895,'2024-10-11 01:49:09.981011','2024-10-11 01:49:09.981011','READ',0,'GIFT',71),(896,'2024-10-11 01:51:39.009917','2024-10-11 01:51:39.009917','READ',0,'GIFT',6),(897,'2024-10-11 01:52:04.504705','2024-10-11 01:52:04.504705','READ',0,'GIFT',6),(898,'2024-10-11 01:52:10.541153','2024-10-11 01:52:10.541153','READ',0,'GIFT',6),(899,'2024-10-11 01:52:26.016799','2024-10-11 01:52:26.016799','READ',0,'GIFT',6),(900,'2024-10-11 01:52:35.961440','2024-10-11 01:52:35.961440','READ',0,'GIFT',6),(901,'2024-10-11 01:52:51.867353','2024-10-11 01:52:51.867353','READ',0,'GIFT',6),(902,'2024-10-11 01:56:46.218922','2024-10-11 01:56:46.218922','READ',0,'GIFT',9),(903,'2024-10-11 01:57:04.821726','2024-10-11 01:57:04.821726','READ',0,'GIFT',9),(904,'2024-10-11 02:08:11.153988','2024-10-11 02:08:11.153988','READ',0,'GIFT',9),(905,'2024-10-11 02:09:17.181305','2024-10-11 02:09:17.181305','READ',0,'GIFT',9),(906,'2024-10-11 02:18:41.607364','2024-10-11 02:18:41.607364','READ',0,'GIFT',6),(907,'2024-10-11 02:19:28.199837','2024-10-11 02:19:28.199837','READ',0,'GIFT',9),(908,'2024-10-11 02:21:21.468886','2024-10-11 02:21:21.468886','READ',0,'GIFT',6),(909,'2024-10-11 02:21:24.717706','2024-10-11 02:21:24.717706','READ',0,'GIFT',9),(910,'2024-10-11 02:21:49.352284','2024-10-11 02:21:49.352284','READ',0,'GIFT',71),(911,'2024-10-11 02:21:50.988170','2024-10-11 02:21:50.988170','READ',0,'GIFT',6),(912,'2024-10-11 02:22:42.595426','2024-10-11 02:22:42.595426','READ',0,'GIFT',6),(913,'2024-10-11 02:23:32.079959','2024-10-11 02:23:32.079959','READ',0,'GIFT',6),(914,'2024-10-11 02:24:32.593892','2024-10-11 02:24:32.593892','READ',0,'GIFT',6),(915,'2024-10-11 02:24:56.734848','2024-10-11 02:24:56.734848','READ',0,'GIFT',6),(916,'2024-10-11 02:27:59.191367','2024-10-11 02:27:59.191367','READ',0,'GIFT',71),(917,'2024-10-11 02:28:10.638654','2024-10-11 02:28:10.638654','READ',0,'GIFT',71),(918,'2024-10-11 02:28:18.415430','2024-10-11 02:28:18.415430','READ',0,'GIFT',71),(919,'2024-10-11 02:28:40.961751','2024-10-11 02:28:40.961751','READ',0,'GIFT',70),(920,'2024-10-11 02:29:04.180522','2024-10-11 02:29:04.180522','READ',0,'GIFT',6),(921,'2024-10-11 02:29:14.864389','2024-10-11 02:29:14.864389','READ',0,'GIFT',71),(922,'2024-10-11 02:29:26.173492','2024-10-11 02:29:26.173492','READ',0,'GIFT',71),(923,'2024-10-11 02:29:37.606291','2024-10-11 02:29:37.606291','READ',0,'GIFT',71),(924,'2024-10-11 02:29:42.662743','2024-10-11 02:29:42.662743','READ',0,'GIFT',6),(925,'2024-10-11 02:30:08.422915','2024-10-11 02:30:08.422915','READ',0,'GIFT',6),(926,'2024-10-11 02:30:39.776124','2024-10-11 02:30:39.776124','READ',0,'GIFT',6),(927,'2024-10-11 02:30:58.344163','2024-10-11 02:30:58.344163','READ',0,'GIFT',71),(928,'2024-10-11 02:31:48.757258','2024-10-11 02:31:48.757258','READ',0,'GIFT',71),(929,'2024-10-11 02:32:11.787453','2024-10-11 02:32:11.787453','READ',0,'GIFT',6),(930,'2024-10-11 02:50:44.360260','2024-10-11 02:50:44.360260','READ',0,'GIFT',71),(931,'2024-10-11 02:50:58.247376','2024-10-11 02:50:58.247376','READ',0,'GIFT',71),(932,'2024-10-11 02:54:44.209605','2024-10-11 02:54:44.209605','READ',0,'GIFT',6),(933,'2024-10-11 02:55:14.593189','2024-10-11 02:55:14.593189','READ',0,'GIFT',6),(934,'2024-10-11 02:56:29.856387','2024-10-11 02:56:29.856387','READ',0,'GIFT',71),(935,'2024-10-11 02:57:26.026699','2024-10-11 02:57:26.026699','READ',0,'GIFT',71),(936,'2024-10-11 02:59:31.613184','2024-10-11 02:59:31.613184','READ',0,'GIFT',6),(937,'2024-10-11 02:59:50.633623','2024-10-11 02:59:50.633623','READ',0,'GIFT',6),(938,'2024-10-11 03:01:36.006817','2024-10-11 03:01:36.006817','READ',0,'GIFT',6),(939,'2024-10-11 03:01:46.477958','2024-10-11 03:01:46.477958','READ',0,'GIFT',6),(940,'2024-10-11 03:02:31.866777','2024-10-11 03:02:31.866777','READ',0,'GIFT',6),(941,'2024-10-11 03:02:59.502116','2024-10-11 03:02:59.502116','READ',0,'GIFT',6),(942,'2024-10-11 03:05:29.199540','2024-10-11 03:05:29.199540','READ',0,'GIFT',6),(943,'2024-10-11 03:05:57.921907','2024-10-11 03:05:57.921907','READ',0,'GIFT',6),(944,'2024-10-11 03:11:33.565801','2024-10-11 03:11:33.565801','READ',0,'GIFT',6),(945,'2024-10-11 03:11:49.560252','2024-10-11 03:11:49.560252','READ',0,'GIFT',6),(946,'2024-10-11 03:13:24.800585','2024-10-11 03:13:24.800585','READ',0,'GIFT',6),(947,'2024-10-11 03:13:49.279106','2024-10-11 03:13:49.279106','READ',0,'GIFT',6),(948,'2024-10-11 03:26:01.156885','2024-10-11 03:26:01.156885','READ',0,'GIFT',12),(949,'2024-10-11 03:26:19.582294','2024-10-11 03:26:19.582294','READ',0,'GIFT',70),(950,'2024-10-11 03:26:29.838760','2024-10-11 03:26:29.838760','READ',0,'GIFT',70),(951,'2024-10-11 03:28:20.353365','2024-10-11 03:28:20.353365','READ',0,'GIFT',70),(952,'2024-10-11 03:28:27.784387','2024-10-11 03:28:27.784387','READ',0,'GIFT',70),(953,'2024-10-11 03:28:31.338016','2024-10-11 03:28:31.338016','READ',0,'GIFT',70),(954,'2024-10-11 03:28:34.692349','2024-10-11 03:28:34.692349','READ',0,'GIFT',70),(955,'2024-10-11 03:28:38.955043','2024-10-11 03:28:38.955043','READ',0,'GIFT',70),(956,'2024-10-11 03:28:42.374989','2024-10-11 03:28:42.374989','READ',0,'GIFT',70),(957,'2024-10-11 03:28:50.793710','2024-10-11 03:28:50.793710','READ',0,'GIFT',70),(958,'2024-10-11 03:28:54.592253','2024-10-11 03:28:54.592253','READ',0,'GIFT',70),(959,'2024-10-11 03:28:57.870045','2024-10-11 03:28:57.870045','READ',0,'GIFT',70),(960,'2024-10-11 03:29:18.364795','2024-10-11 03:29:18.364795','READ',0,'GIFT',12),(961,'2024-10-11 03:29:40.143073','2024-10-11 03:29:40.143073','READ',0,'GIFT',70),(962,'2024-10-11 03:29:42.961055','2024-10-11 03:29:42.961055','READ',0,'GIFT',70),(963,'2024-10-11 03:29:44.710953','2024-10-11 03:29:44.710953','READ',0,'GIFT',70),(964,'2024-10-11 03:30:03.703622','2024-10-11 03:30:03.703622','READ',0,'GIFT',70),(965,'2024-10-11 03:30:49.444038','2024-10-11 03:30:49.444038','READ',0,'GIFT',70),(966,'2024-10-11 03:30:52.251908','2024-10-11 03:30:52.251908','READ',0,'GIFT',70),(967,'2024-10-11 03:31:45.276642','2024-10-11 03:31:45.276642','READ',0,'GIFT',70),(968,'2024-10-11 03:31:45.287598','2024-10-11 03:31:45.287598','READ',0,'GIFT',70),(969,'2024-10-11 03:31:45.288401','2024-10-11 03:31:45.288401','READ',0,'GIFT',70),(970,'2024-10-11 03:32:36.618256','2024-10-11 03:32:36.618256','READ',0,'GIFT',12),(971,'2024-10-11 03:33:04.976840','2024-10-11 03:33:04.976840','READ',0,'GIFT',12),(972,'2024-10-11 03:33:50.806212','2024-10-11 03:33:50.806212','READ',0,'GIFT',12),(973,'2024-10-11 03:37:46.587542','2024-10-11 03:37:46.587542','READ',0,'GIFT',70),(974,'2024-10-11 03:38:22.728610','2024-10-11 03:38:22.728610','READ',0,'GIFT',70),(975,'2024-10-11 03:38:22.728429','2024-10-11 03:38:22.728429','READ',0,'GIFT',70),(976,'2024-10-11 03:38:22.730834','2024-10-11 03:38:22.730834','READ',0,'GIFT',70),(977,'2024-10-11 03:38:25.302071','2024-10-11 03:38:25.302071','READ',0,'GIFT',12),(978,'2024-10-11 03:38:32.134070','2024-10-11 03:38:32.134070','READ',0,'GIFT',12),(979,'2024-10-11 03:38:35.744769','2024-10-11 03:38:35.744769','READ',0,'GIFT',12),(980,'2024-10-11 03:38:50.135013','2024-10-11 03:38:50.135013','READ',0,'GIFT',12),(981,'2024-10-11 03:38:54.892217','2024-10-11 03:38:54.892217','READ',0,'GIFT',12),(982,'2024-10-11 03:46:40.138508','2024-10-11 03:46:40.138508','READ',0,'GIFT',70),(983,'2024-10-11 03:46:51.206564','2024-10-11 03:46:51.206564','READ',0,'GIFT',70),(984,'2024-10-11 03:47:17.579748','2024-10-11 03:47:17.579748','READ',0,'GIFT',70),(985,'2024-10-11 03:50:25.023766','2024-10-11 03:50:25.023766','READ',0,'GIFT',70),(986,'2024-10-11 03:50:31.522573','2024-10-11 03:50:31.522573','READ',0,'GIFT',70),(987,'2024-10-11 03:50:45.948660','2024-10-11 03:50:45.948660','READ',0,'GIFT',70),(988,'2024-10-11 03:50:45.948882','2024-10-11 03:50:45.948882','READ',0,'GIFT',70),(989,'2024-10-11 03:50:45.952154','2024-10-11 03:50:45.952154','READ',0,'GIFT',70),(990,'2024-10-11 03:50:45.954795','2024-10-11 03:50:45.954795','READ',0,'GIFT',70),(991,'2024-10-11 03:50:52.831181','2024-10-11 03:50:52.831181','READ',0,'GIFT',70),(992,'2024-10-11 03:52:08.394335','2024-10-11 03:52:08.394335','READ',0,'GIFT',70),(993,'2024-10-11 03:52:31.108224','2024-10-11 03:52:31.108224','READ',0,'GIFT',12),(994,'2024-10-11 03:53:15.313621','2024-10-11 03:53:15.313621','READ',0,'GIFT',12),(995,'2024-10-11 03:54:01.850954','2024-10-11 03:54:01.850954','READ',0,'GIFT',12),(996,'2024-10-11 03:55:10.748620','2024-10-11 03:55:10.748620','READ',0,'GIFT',70),(997,'2024-10-11 03:55:16.579852','2024-10-11 03:55:16.579852','READ',0,'GIFT',70),(998,'2024-10-11 03:55:18.121206','2024-10-11 03:55:18.121206','READ',0,'GIFT',70),(999,'2024-10-11 03:56:09.943946','2024-10-11 03:56:09.943946','READ',0,'GIFT',12),(1000,'2024-10-11 03:56:48.409948','2024-10-11 03:56:48.409948','READ',0,'GIFT',70),(1001,'2024-10-11 03:56:49.039691','2024-10-11 03:56:49.039691','READ',0,'GIFT',12),(1002,'2024-10-11 03:56:57.949304','2024-10-11 03:56:57.949304','READ',0,'GIFT',70),(1003,'2024-10-11 03:57:38.266426','2024-10-11 03:57:38.266426','READ',0,'GIFT',70),(1004,'2024-10-11 04:05:46.475214','2024-10-11 04:05:46.475214','READ',0,'GIFT',9),(1005,'2024-10-11 04:08:41.458882','2024-10-11 04:08:41.458882','READ',0,'GIFT',70),(1006,'2024-10-11 04:08:43.865354','2024-10-11 04:08:43.865354','READ',0,'GIFT',70),(1007,'2024-10-11 04:09:06.737070','2024-10-11 04:09:06.737070','READ',0,'GIFT',9),(1008,'2024-10-11 04:11:49.128589','2024-10-11 04:11:49.128589','CREATE',50,'GIFT',67),(1009,'2024-10-11 04:12:00.486789','2024-10-11 04:12:00.486789','READ',0,'GIFT',9),(1010,'2024-10-11 04:12:22.432154','2024-10-11 04:12:22.432154','READ',0,'GIFT',9),(1011,'2024-10-11 04:12:56.192908','2024-10-11 04:12:56.192908','READ',0,'GIFT',9),(1012,'2024-10-11 04:13:14.630904','2024-10-11 04:13:14.630904','READ',0,'GIFT',9),(1013,'2024-10-11 04:19:11.414640','2024-10-11 04:19:11.414640','DELETE',50,'GIFT',67),(1014,'2024-10-11 04:29:08.263421','2024-10-11 04:29:08.263421','CREATE',51,'GIFT',67),(1015,'2024-10-11 04:29:40.917017','2024-10-11 04:29:40.917017','READ',0,'GIFT',70),(1016,'2024-10-11 04:31:02.236775','2024-10-11 04:31:02.236775','READ',0,'GIFT',70),(1017,'2024-10-11 04:32:05.946076','2024-10-11 04:32:05.946076','READ',0,'GIFT',70),(1018,'2024-10-11 04:36:37.776535','2024-10-11 04:36:37.776535','READ',0,'GIFT',70),(1019,'2024-10-11 04:36:38.198486','2024-10-11 04:36:38.198486','READ',0,'GIFT',70),(1020,'2024-10-11 04:36:41.514897','2024-10-11 04:36:41.514897','READ',0,'GIFT',70),(1021,'2024-10-11 04:37:01.662094','2024-10-11 04:37:01.662094','READ',0,'GIFT',70),(1022,'2024-10-11 04:41:45.086687','2024-10-11 04:41:45.086687','READ',0,'GIFT',9),(1023,'2024-10-11 04:41:46.671042','2024-10-11 04:41:46.671042','READ',0,'GIFT',9),(1024,'2024-10-11 04:44:17.075859','2024-10-11 04:44:17.075859','READ',0,'GIFT',70),(1025,'2024-10-11 08:51:35.620059','2024-10-11 08:51:35.620059','READ',0,'GIFT',6),(1026,'2024-10-11 09:05:09.915519','2024-10-11 09:05:09.915519','DELETE',51,'GIFT',67),(1027,'2024-10-11 09:14:06.814285','2024-10-11 09:14:06.814285','CREATE',52,'GIFT',67),(1028,'2024-10-11 09:14:15.060495','2024-10-11 09:14:15.060495','READ',0,'GIFT',67),(1029,'2024-10-11 09:17:20.107111','2024-10-11 09:17:20.107111','CREATE',53,'GIFT',67),(1030,'2024-10-11 09:18:58.796609','2024-10-11 09:18:58.796609','CREATE',54,'GIFT',68),(1031,'2024-10-11 09:20:24.465928','2024-10-11 09:20:24.465928','CREATE',55,'GIFT',68),(1032,'2024-10-11 09:23:26.394742','2024-10-11 09:23:26.394742','CREATE',56,'GIFT',3),(1033,'2024-10-11 09:24:43.639706','2024-10-11 09:24:43.639706','READ',0,'GIFT',6),(1034,'2024-10-11 09:24:46.160321','2024-10-11 09:24:46.160321','READ',0,'GIFT',6),(1035,'2024-10-11 09:25:09.830956','2024-10-11 09:25:09.830956','DELETE',56,'GIFT',3),(1036,'2024-10-11 09:27:08.862010','2024-10-11 09:27:08.862010','READ',0,'GIFT',70),(1037,'2024-10-11 09:27:37.047484','2024-10-11 09:27:37.047484','READ',0,'GIFT',67),(1038,'2024-10-11 09:29:11.118365','2024-10-11 09:29:11.118365','READ',0,'GIFT',71),(1039,'2024-10-11 09:29:19.953111','2024-10-11 09:29:19.953111','READ',0,'GIFT',12),(1040,'2024-10-11 09:29:59.712746','2024-10-11 09:29:59.712746','READ',0,'GIFT',12),(1041,'2024-10-11 09:30:20.029643','2024-10-11 09:30:20.029643','READ',0,'GIFT',12),(1042,'2024-10-11 09:30:33.948153','2024-10-11 09:30:33.948153','READ',0,'GIFT',12),(1043,'2024-10-11 09:34:15.528674','2024-10-11 09:34:15.528674','READ',0,'GIFT',12),(1044,'2024-10-11 09:34:23.383084','2024-10-11 09:34:23.383084','READ',0,'GIFT',12),(1045,'2024-10-11 09:34:28.505217','2024-10-11 09:34:28.505217','READ',0,'GIFT',12),(1046,'2024-10-11 09:34:32.720377','2024-10-11 09:34:32.720377','READ',0,'GIFT',12),(1047,'2024-10-11 09:34:39.384184','2024-10-11 09:34:39.384184','READ',0,'GIFT',12),(1048,'2024-10-11 09:38:30.723949','2024-10-11 09:38:30.723949','READ',0,'GIFT',12),(1049,'2024-10-11 09:38:37.602820','2024-10-11 09:38:37.602820','READ',0,'GIFT',12),(1050,'2024-10-11 09:41:46.554598','2024-10-11 09:41:46.554598','READ',0,'GIFT',12),(1051,'2024-10-11 09:44:38.127319','2024-10-11 09:44:38.127319','READ',0,'GIFT',12),(1052,'2024-10-11 09:51:14.436334','2024-10-11 09:51:14.436334','READ',0,'GIFT',12),(1053,'2024-10-11 09:51:35.118477','2024-10-11 09:51:35.118477','READ',0,'GIFT',12),(1054,'2024-10-11 09:57:22.150734','2024-10-11 09:57:22.150734','READ',0,'GIFT',9),(1055,'2024-10-11 09:57:29.010817','2024-10-11 09:57:29.010817','READ',0,'GIFT',9),(1056,'2024-10-11 09:58:20.422487','2024-10-11 09:58:20.422487','READ',0,'GIFT',9),(1057,'2024-10-11 09:58:47.359207','2024-10-11 09:58:47.359207','READ',0,'GIFT',9);
/*!40000 ALTER TABLE `user_view_logs` ENABLE KEYS */;
UNLOCK TABLES;

--
-- Table structure for table `users`
--

DROP TABLE IF EXISTS `users`;
/*!40101 SET @saved_cs_client     = @@character_set_client */;
/*!50503 SET character_set_client = utf8mb4 */;
CREATE TABLE `users` (
  `user_idx` int NOT NULL AUTO_INCREMENT,
  `created_date` datetime(6) NOT NULL,
  `modified_date` datetime(6) NOT NULL,
  `birth` date DEFAULT NULL,
  `email` varchar(255) NOT NULL,
  `is_male` bit(1) DEFAULT NULL,
  `is_social` bit(1) NOT NULL,
  `is_withdraw` bit(1) NOT NULL,
  `landline_phone` varchar(255) DEFAULT NULL,
  `mobile_phone` varchar(255) DEFAULT NULL,
  `name` varchar(255) NOT NULL,
  `password` varchar(255) NOT NULL,
  `profile_image_url` varchar(255) DEFAULT NULL,
  `roles` enum('ROLE_ADMIN','ROLE_CLIENT','ROLE_CORPORATION','ROLE_CORPORATIONYET') NOT NULL,
  `social_serial_num` varchar(255) DEFAULT NULL,
  `social_type` enum('GOOGLE') DEFAULT NULL,
  `region_idx` int DEFAULT NULL,
  PRIMARY KEY (`user_idx`),
  UNIQUE KEY `UK6dotkott2kjsp8vw4d0m25fb7` (`email`),
  KEY `FKp97a2qmywpvcwxpy8jlfb7wyv` (`region_idx`),
  CONSTRAINT `FKp97a2qmywpvcwxpy8jlfb7wyv` FOREIGN KEY (`region_idx`) REFERENCES `region` (`region_idx`)
) ENGINE=InnoDB AUTO_INCREMENT=73 DEFAULT CHARSET=utf8mb4 COLLATE=utf8mb4_0900_ai_ci;
/*!40101 SET character_set_client = @saved_cs_client */;

--
-- Dumping data for table `users`
--

LOCK TABLES `users` WRITE;
/*!40000 ALTER TABLE `users` DISABLE KEYS */;
INSERT INTO `users` VALUES (1,'2024-10-07 17:38:59.234323','2024-10-09 15:43:46.142668',NULL,'imsil@imsil.com',NULL,_binary '\0',_binary '\0','02-123-4567','010-1234-5678','임실 자치단체','$2a$10$4Ly.cbvmQWewUQlnMmV8GetvmUYrzWGsbPvh0K465BehaXt93UW4u','https://d21hr323cyxfck.cloudfront.net/public/profiles/ee7e7ebe-c4ab-43a1-9368-2021ac4e8bd3.PNG','ROLE_CORPORATIONYET',NULL,NULL,258),(2,'2024-10-07 17:40:22.088319','2024-10-07 17:40:22.088319',NULL,'ssafy777@naver.com',NULL,_binary '\0',_binary '\0','02-1234-1234','010-2345-3421','메뚜기','$2a$10$0WJ.0f7peBrDwooyDNwpGeO7Jvq4ttHpxBIUuoxdfdhfyvbpLNmVu','https://d21hr323cyxfck.cloudfront.net/public/profiles/defad616-09b2-4c3c-9dcc-cb32f5ef721c.png','ROLE_CORPORATIONYET',NULL,NULL,228),(3,'2024-10-07 17:49:46.545762','2024-10-08 09:37:57.609268',NULL,'hero@naver.com',NULL,_binary '\0',_binary '\0','02-1234-5322','010-2341-1253','오하윤','$2a$10$FNZyizfXM4boh1MN9JmAe.YdSDc593XrVa9KL9VidqM/cd771HxAS','https://d21hr323cyxfck.cloudfront.net/public/profiles/43c19d91-2cc3-4028-8fc4-82c23d28c77b.png','ROLE_CORPORATION',NULL,NULL,245),(4,'2024-10-07 17:50:18.943977','2024-10-07 17:50:18.943977','2024-09-09','boll0918@naver.com',_binary '\0',_binary '\0',_binary '\0','02-123-4567','010-1234-5678','김땡땡','$2a$10$s1dlvKhwjTZtBQgETKj3LebzlR4GzO4TyZ4qkCnbWQNwIF1yvIUEO',NULL,'ROLE_CLIENT',NULL,NULL,NULL),(5,'2024-10-07 17:56:17.743377','2024-10-07 17:56:17.743377',NULL,'ssafy7@naver.com',NULL,_binary '\0',_binary '\0','02-1234-1234','010-2345-3421','오하윤','$2a$10$69JApgXNboIVjfoancr.se/9tMf37AUV7wlG4Qm6wPL80mNXeWM9y','https://d21hr323cyxfck.cloudfront.net/public/profiles/45097570-b850-43ee-a74b-0fec4cd201f8.png','ROLE_CORPORATIONYET',NULL,NULL,258),(6,'2024-10-07 23:46:55.295522','2024-10-07 23:46:55.295522','2024-09-09','jjj@naver.com',_binary '\0',_binary '\0',_binary '\0','02-123-4567','010-1234-5678','진아현','$2a$10$lfmv1ZS/bbWYhQ5XN20qD.7D9O4gc.rPgBrhk/SPjkGnZIO/YXTIi',NULL,'ROLE_CLIENT',NULL,NULL,NULL),(7,'2024-10-08 09:34:10.307554','2024-10-08 09:34:10.307554',NULL,'admin@admin.com',NULL,_binary '\0',_binary '\0',NULL,NULL,'관리자','$2a$10$L3yipYJZeJzUxjyB7DInI.r0mD/m8rS1jlSwTNyAoPD80KBCxH6sS',NULL,'ROLE_ADMIN',NULL,NULL,NULL),(8,'2024-10-08 10:10:32.668881','2024-10-08 10:10:32.668881','2024-09-09','hello6@naver.com',_binary '\0',_binary '\0',_binary '\0','02-123-4567','010-1234-5678','김종훈','$2a$10$D25OqsSR18xkwGSq4tmEaOKbrTPXILjyu8qzdpF1NtHRFtPIcHydi','https://d21hr323cyxfck.cloudfront.net/public/profiles/f9f73e5e-5ce6-4cfe-9cc6-f7fdd7e68029.jpg','ROLE_CLIENT',NULL,NULL,NULL),(9,'2024-10-08 10:12:27.707724','2024-10-11 01:07:53.239770','2024-09-09','wlgjs8474@naver.com',_binary '\0',_binary '\0',_binary '\0','02-123-4567','010-1234-5678','서지헌','$2a$10$dFMDL6sEnoNZs/eUkvZILeJDThr4sKIVaA3.cNagJ0DAOmlqb8rcC','https://d21hr323cyxfck.cloudfront.net/public/profiles/6496c43d-6040-4d45-a3aa-702ede2fa510.jfif','ROLE_CLIENT',NULL,NULL,NULL),(10,'2024-10-08 10:13:46.790495','2024-10-08 10:13:46.790495','2000-02-16','hwk216@naver.com',_binary '',_binary '\0',_binary '\0','02-123-4567','010-1234-5678','김현우','$2a$10$e2.dQH44VNdrmM60bG1fBujeyJKFy6TJHEFPXNbh/CQBaLSS/o7O6','https://d21hr323cyxfck.cloudfront.net/public/profiles/03276e0c-71cd-4c34-a775-660319562e5d.jpg','ROLE_CLIENT',NULL,NULL,NULL),(11,'2024-10-08 10:14:49.545397','2024-10-08 10:14:49.545397','1990-01-01','gustjd@naver.com',_binary '',_binary '\0',_binary '\0','02-123-4567','010-1234-5678','강현성','$2a$10$2/R3HZ2.Lfvi1AtWjD4n7OySP8PwN9dMOTxRjtlAKu5X3eeOz2jpS','https://d21hr323cyxfck.cloudfront.net/public/profiles/e933657a-bd20-4027-9c9b-dbd073aee4a3.jpg','ROLE_CLIENT',NULL,NULL,NULL),(12,'2024-10-08 15:51:07.506304','2024-10-08 15:51:07.506304','2000-01-01','test01@naver.com',_binary '',_binary '\0',_binary '\0','02-123-4567','010-1234-5678','김지원','$2a$10$YFY55.puThraT7dYk3GcjeU.5NKmcG1eOBC2EUK3s95xnodZdgnbS','https://d21hr323cyxfck.cloudfront.net/public/profiles/f38bff19-4abf-4823-9a6d-43c38c344c17.jpg','ROLE_CLIENT',NULL,NULL,NULL),(13,'2024-10-08 15:51:25.124299','2024-10-08 15:51:25.124299','2000-01-01','test02@naver.com',_binary '',_binary '\0',_binary '\0','02-123-4567','010-1234-5678','이서연','$2a$10$0IV.zLzhRr9MiSShJck1femnUpcgPhjv8lDqqiCsWCdXZSdb5/D8a','https://d21hr323cyxfck.cloudfront.net/public/profiles/f683dd9d-e4de-4f28-9a97-93e5ffe6eaf6.jpg','ROLE_CLIENT',NULL,NULL,NULL),(14,'2024-10-08 15:51:33.128227','2024-10-08 15:51:33.128227','2000-01-01','test03@naver.com',_binary '',_binary '\0',_binary '\0','02-123-4567','010-1234-5678','박민준','$2a$10$Xf69aPK7CFSd4Hg/jRRvlO57xzLbyRn3xYuYcp2ZYT2T6x7PspG4q','https://d21hr323cyxfck.cloudfront.net/public/profiles/73c2f281-0140-4e83-b424-7f3d213bf4ca.jpg','ROLE_CLIENT',NULL,NULL,NULL),(15,'2024-10-08 15:51:39.515161','2024-10-08 15:51:39.515161','2000-01-01','test04@naver.com',_binary '',_binary '\0',_binary '\0','02-123-4567','010-1234-5678','정수빈','$2a$10$.2FSeqCKOjddya2JBI1.4ueKYgGRL5K6.NQoj4icuhCeC3O1YZ/NO','https://d21hr323cyxfck.cloudfront.net/public/profiles/66a688c7-1fcc-4e1f-b131-e90f76e6983e.jpg','ROLE_CLIENT',NULL,NULL,NULL),(16,'2024-10-08 15:51:45.794606','2024-10-08 15:51:45.794606','2000-01-01','test05@naver.com',_binary '',_binary '\0',_binary '\0','02-123-4567','010-1234-5678','최예린','$2a$10$tVBcCnPgNJcVyivSxYV7NOm2thSOVYScgu5QAk6qBb37uF5lBkWR6','https://d21hr323cyxfck.cloudfront.net/public/profiles/35418b84-a540-4939-a466-0a008785d9e5.jpg','ROLE_CLIENT',NULL,NULL,NULL),(17,'2024-10-08 15:52:02.908690','2024-10-08 15:52:02.908690','2000-01-01','test06@naver.com',_binary '\0',_binary '\0',_binary '\0','02-123-4567','010-1234-5678','강동현','$2a$10$fJDqaA/Q8RIejT0XWfyFz.FplS.gI7G2soGq/2nXdjRHi2bdiQyxS','https://d21hr323cyxfck.cloudfront.net/public/profiles/6f679ef5-31aa-48a4-b622-59f27e8af5c8.jpg','ROLE_CLIENT',NULL,NULL,NULL),(18,'2024-10-08 15:52:10.856482','2024-10-08 15:52:10.856482','2000-01-01','test07@naver.com',_binary '\0',_binary '\0',_binary '\0','02-123-4567','010-1234-5678','윤서아','$2a$10$Dn1GIEEzDc8QkrHo1vQVsO8KQRiJPlC2VwJR.Is5e/EcLAEgPMrEa','https://d21hr323cyxfck.cloudfront.net/public/profiles/9d0ec832-8041-4a8f-9019-d115d512dc59.jpg','ROLE_CLIENT',NULL,NULL,NULL),(19,'2024-10-08 15:52:17.764672','2024-10-08 15:52:17.764672','2000-01-01','test08@naver.com',_binary '\0',_binary '\0',_binary '\0','02-123-4567','010-1234-5678','장현우','$2a$10$xwJYjHtjpeZslNSaRI5pv.ZCf9HB/x533I9zEiX.EhOpQhefcghmO','https://d21hr323cyxfck.cloudfront.net/public/profiles/c0435813-00e9-46f3-975a-ba9c65a3ab53.jpg','ROLE_CLIENT',NULL,NULL,NULL),(20,'2024-10-08 15:52:23.959382','2024-10-08 15:52:23.959382','2000-01-01','test09@naver.com',_binary '\0',_binary '\0',_binary '\0','02-123-4567','010-1234-5678','임지혜','$2a$10$6U3IMkki6kbQUbd0jDJ5Juq9TkGPL7okesTcXFZUcjN49q5ivZkbW','https://d21hr323cyxfck.cloudfront.net/public/profiles/58838573-cba9-4a21-8e52-866d613bb25a.jpg','ROLE_CLIENT',NULL,NULL,NULL),(21,'2024-10-08 15:52:31.029366','2024-10-08 15:52:31.029366','2000-01-01','test10@naver.com',_binary '\0',_binary '\0',_binary '\0','02-123-4567','010-1234-5678','조은서','$2a$10$4LYnH4OYzn2IPR3FdmXQsebXKc3yyZ/fX4v1aTvEXUIhomiBXrEOW','https://d21hr323cyxfck.cloudfront.net/public/profiles/3c620270-75d9-47f1-84d7-c3d829dbd995.jpg','ROLE_CLIENT',NULL,NULL,NULL),(22,'2024-10-08 15:52:56.023084','2024-10-08 15:52:56.023084','1990-01-01','test11@naver.com',_binary '',_binary '\0',_binary '\0','02-123-4567','010-1234-5678','황민석','$2a$10$OzUQlPBXgjF0.5urkqeIfegx7i22aHzip7t4tYQmv.Izk8KhuINz.','https://d21hr323cyxfck.cloudfront.net/public/profiles/f772ea1e-0c19-428c-bd3f-186f949c5aba.jpg','ROLE_CLIENT',NULL,NULL,NULL),(23,'2024-10-08 15:53:01.603280','2024-10-08 15:53:01.603280','1990-01-01','test12@naver.com',_binary '',_binary '\0',_binary '\0','02-123-4567','010-1234-5678','신아영','$2a$10$/W5ScoFhpo6r1jtiam2s8eJbb0dWrIxLTxOqH/hje81PL1Ct23kOG','https://d21hr323cyxfck.cloudfront.net/public/profiles/4c198d6a-cf32-41c3-8ebf-f0c441a8e3df.jpg','ROLE_CLIENT',NULL,NULL,NULL),(24,'2024-10-08 15:53:11.235610','2024-10-08 15:53:11.235610','1990-01-01','test13@naver.com',_binary '',_binary '\0',_binary '\0','02-123-4567','010-1234-5678','오태윤','$2a$10$2bhG1v.RjXRDhlK85vgzBOidlBFmGSL6OwtMhctiBz4.9nhuQkBX.','https://d21hr323cyxfck.cloudfront.net/public/profiles/01f4618d-1900-400f-8263-dd10a0299956.jpg','ROLE_CLIENT',NULL,NULL,NULL),(25,'2024-10-08 15:53:20.764731','2024-10-11 00:53:20.016158','1990-01-01','test14@naver.com',_binary '',_binary '\0',_binary '\0','02-123-4567','010-1234-5678','서지은','$2a$10$M4NV/In1CZUXKLpoQPeBvuMdhlt/KcN8ULZzSa4e0nkw53o6K7E6W','https://d21hr323cyxfck.cloudfront.net/public/profiles/687e738a-1ce9-41b4-b808-6b99587be6ed.png','ROLE_CLIENT',NULL,NULL,NULL),(26,'2024-10-08 15:53:26.710249','2024-10-08 15:53:26.710249','1990-01-01','test15@naver.com',_binary '',_binary '\0',_binary '\0','02-123-4567','010-1234-5678','유진호','$2a$10$sdQy853RVc4xHSmnIIcO4eZn543PyK2QFqsVenVYNL0rxLtzAZPcS','https://d21hr323cyxfck.cloudfront.net/public/profiles/055f6e28-35a5-4bf4-b5e4-36d17df2dd1d.jpg','ROLE_CLIENT',NULL,NULL,NULL),(27,'2024-10-08 15:53:44.140462','2024-10-08 15:53:44.140462','1990-01-01','test16@naver.com',_binary '\0',_binary '\0',_binary '\0','02-123-4567','010-1234-5678','한소희','$2a$10$iR89/B9tFgQnwkalwgCFbuVT1.SSFPnZM5vZEFLoWLTc1Oqz5Lkfa','https://d21hr323cyxfck.cloudfront.net/public/profiles/889727f9-30d2-4bcc-834b-d2936411148a.jpg','ROLE_CLIENT',NULL,NULL,NULL),(28,'2024-10-08 15:53:49.688689','2024-10-08 15:53:49.688689','1990-01-01','test17@naver.com',_binary '\0',_binary '\0',_binary '\0','02-123-4567','010-1234-5678','권도윤','$2a$10$0JjpkX7oUhQdSYF4kXZ2Fu7MZTtYiPbZgsYszm1iV6bgSjUoqgtNW','https://d21hr323cyxfck.cloudfront.net/public/profiles/66dd7bb6-9904-4b75-b265-8f2a77f677d5.jpg','ROLE_CLIENT',NULL,NULL,NULL),(29,'2024-10-08 15:53:56.503722','2024-10-08 15:53:56.503722','1990-01-01','test18@naver.com',_binary '\0',_binary '\0',_binary '\0','02-123-4567','010-1234-5678','노혜진','$2a$10$N5CporrjAd4fnPaCpa.PO.uRTzLfTTagxsqQ3I8jKqnpdYDcGPove','https://d21hr323cyxfck.cloudfront.net/public/profiles/c86a026e-5c73-49dc-a744-47306528bd26.jpg','ROLE_CLIENT',NULL,NULL,NULL),(30,'2024-10-08 15:54:02.858183','2024-10-08 15:54:02.858183','1990-01-01','test19@naver.com',_binary '\0',_binary '\0',_binary '\0','02-123-4567','010-1234-5678','문승민','$2a$10$zRiPKAUGrRij/ld6Y4TMYO8zlNSmZH5IHsFrDckhxnE4nCOasKnEy','https://d21hr323cyxfck.cloudfront.net/public/profiles/5fb0beaa-90ba-4296-91d9-ac42410a917b.jpg','ROLE_CLIENT',NULL,NULL,NULL),(31,'2024-10-08 15:54:13.031778','2024-10-08 15:54:13.031778','1990-01-01','test20@naver.com',_binary '\0',_binary '\0',_binary '\0','02-123-4567','010-1234-5678','백지영','$2a$10$gQHFMQgd9gGYEbAlUHEokO30Stftspnqt.SjHPXYK.w3.E7/UdpEi','https://d21hr323cyxfck.cloudfront.net/public/profiles/e5f9b391-11bd-4720-becf-e22fbb5efc28.jpg','ROLE_CLIENT',NULL,NULL,NULL),(32,'2024-10-08 15:54:24.625531','2024-10-08 15:54:24.625531','1980-01-01','test21@naver.com',_binary '',_binary '\0',_binary '\0','02-123-4567','010-1234-5678','송현철','$2a$10$7ZqySe6hU0sS7FQ/ljTV2OZUep3hWo76C4uQY7wI9JcG2IrxhIIde','https://d21hr323cyxfck.cloudfront.net/public/profiles/061d62b3-1c19-4da9-acb0-37267483c0c8.jpg','ROLE_CLIENT',NULL,NULL,NULL),(33,'2024-10-08 15:54:31.759732','2024-10-08 15:54:31.759732','1980-01-01','test22@naver.com',_binary '',_binary '\0',_binary '\0','02-123-4567','010-1234-5678','안미라','$2a$10$GFgH2EItLNOVtaX3paICku60uWVQfGuAgJSKlmsn8nT2BaeXg5EKS','https://d21hr323cyxfck.cloudfront.net/public/profiles/b74ca096-b0b1-43b5-8774-622e7d677fff.jpg','ROLE_CLIENT',NULL,NULL,NULL),(34,'2024-10-08 15:54:39.010507','2024-10-08 15:54:39.010507','1980-01-01','test23@naver.com',_binary '',_binary '\0',_binary '\0','02-123-4567','010-1234-5678','양준혁','$2a$10$ZNDvtCp/hJGhcWlFYq/z2OM9gaSQnEEFIOZ.M8Wvxsw5csZVSAUDC','https://d21hr323cyxfck.cloudfront.net/public/profiles/1934b519-6bac-4311-8ed0-09caa2a947fb.jpg','ROLE_CLIENT',NULL,NULL,NULL),(35,'2024-10-08 15:54:44.946578','2024-10-08 15:54:44.946578','1980-01-01','test24@naver.com',_binary '',_binary '\0',_binary '\0','02-123-4567','010-1234-5678','우하늘','$2a$10$dEnLuQV.N1nBGXq90g.cIeW6kBD8vdPPRDLCxTKBRCwwJcGeZetjS','https://d21hr323cyxfck.cloudfront.net/public/profiles/f8ad2a4e-9ace-479c-9dc7-2df1493d2d93.jpg','ROLE_CLIENT',NULL,NULL,NULL),(36,'2024-10-08 15:54:53.477755','2024-10-08 15:54:53.477755','1980-01-01','test25@naver.com',_binary '',_binary '\0',_binary '\0','02-123-4567','010-1234-5678','이태호','$2a$10$mWBn/GMrY1av21aesuBUEuTkuzWMvlyG8.oteCJB1fdAWiHxS0y1u','https://d21hr323cyxfck.cloudfront.net/public/profiles/9c64e4e5-1273-4a13-9cfe-2aa7f221e855.jpg','ROLE_CLIENT',NULL,NULL,NULL),(37,'2024-10-08 15:55:03.505141','2024-10-11 00:43:50.112708','1980-01-01','test26@naver.com',_binary '\0',_binary '\0',_binary '\0','02-123-4567','010-1234-5678','전민지','$2a$10$NEMq96crEMIZ9garKawyyuZLIaw4E2uq1nDF7jbGDffiYlxqXIhF6','https://d21hr323cyxfck.cloudfront.net/public/profiles/fae05263-f53b-4f55-b3d6-2d2cfc9f8303.jpg','ROLE_CLIENT',NULL,NULL,NULL),(38,'2024-10-08 15:55:11.725359','2024-10-08 15:55:11.725359','1980-01-01','test27@naver.com',_binary '\0',_binary '\0',_binary '\0','02-123-4567','010-1234-5678','차예은','$2a$10$zxowE9CTpi08HM/Bb6JMD.teOPv9aCamuwg9JfJkNjPrQ3Rd7PyUK','https://d21hr323cyxfck.cloudfront.net/public/profiles/257adbae-8382-4b3f-9c77-c399bb90b494.jpg','ROLE_CLIENT',NULL,NULL,NULL),(39,'2024-10-08 15:55:17.996874','2024-10-08 15:55:17.996874','1980-01-01','test28@naver.com',_binary '\0',_binary '\0',_binary '\0','02-123-4567','010-1234-5678','추민우','$2a$10$riUlsjZ1ZDuo8neyxANDUemaoyX89.bHwiY9i5LDOZLCFXeBhmZy.','https://d21hr323cyxfck.cloudfront.net/public/profiles/cbf6ba03-d992-4df7-acd4-419e01ba8b88.jpg','ROLE_CLIENT',NULL,NULL,NULL),(40,'2024-10-08 15:55:23.443327','2024-10-08 15:55:23.443327','1980-01-01','test29@naver.com',_binary '\0',_binary '\0',_binary '\0','02-123-4567','010-1234-5678','하윤서','$2a$10$f3fCf8at44my4WpN/dnJAOi54yifSquvHXW19GYFSX5SaPf1.COfm','https://d21hr323cyxfck.cloudfront.net/public/profiles/310f2ef9-11d8-46ed-9644-8566716b4ed0.jpg','ROLE_CLIENT',NULL,NULL,NULL),(41,'2024-10-08 15:55:31.456143','2024-10-08 15:55:31.456143','1980-01-01','test30@naver.com',_binary '\0',_binary '\0',_binary '\0','02-123-4567','010-1234-5678','홍석준','$2a$10$IeoP.tyvTlWGIzupM9uPf.07AERDAVUCINT03WmG813Mjhzqh0swy','https://d21hr323cyxfck.cloudfront.net/public/profiles/504a932a-15c8-42ce-b3c1-70a659ed1dcc.jpg','ROLE_CLIENT',NULL,NULL,NULL),(42,'2024-10-08 15:55:45.104783','2024-10-08 15:55:45.104783','1970-01-01','test31@naver.com',_binary '',_binary '\0',_binary '\0','02-123-4567','010-1234-5678','고은별','$2a$10$6h8F7QC1FROXEBQ6UbYjLeAzO1s4ijJw9f0H.uNV/cSIvE9m3Jmx2','https://d21hr323cyxfck.cloudfront.net/public/profiles/23354b93-afde-4cc3-b5d5-9fd2ea0b31b9.jpg','ROLE_CLIENT',NULL,NULL,NULL),(43,'2024-10-08 15:55:52.063786','2024-10-08 15:55:52.063786','1970-01-01','test32@naver.com',_binary '',_binary '\0',_binary '\0','02-123-4567','010-1234-5678','구자민','$2a$10$5gF9Qio30Jdj/IBfE/4RJOE02jRtRPRfW.eqf1ESCFxLowyrygOIm','https://d21hr323cyxfck.cloudfront.net/public/profiles/8fad0ebf-86f7-4b39-943a-bc9edd0f3b79.jpg','ROLE_CLIENT',NULL,NULL,NULL),(44,'2024-10-08 15:55:58.503023','2024-10-08 15:55:58.503023','1970-01-01','test33@naver.com',_binary '',_binary '\0',_binary '\0','02-123-4567','010-1234-5678','금지원','$2a$10$NE4D.JVKJfanxjpxY5QYvO9uKfuXPD78qH/kLI.MpwGOUZGGYFETi','https://d21hr323cyxfck.cloudfront.net/public/profiles/cba91e34-4acc-41b8-a41f-fb82bf7b4b41.jpg','ROLE_CLIENT',NULL,NULL,NULL),(45,'2024-10-08 15:56:03.782240','2024-10-11 00:55:19.150780','1970-01-01','test34@naver.com',_binary '',_binary '\0',_binary '\0','02-123-4567','010-1234-5678','남도현','$2a$10$DwBol5AAIZmdOQe1gTaOrO/b3BfdD39/tpaYqgtf5N/DAP3z1nn12','https://d21hr323cyxfck.cloudfront.net/public/profiles/65e512f6-a087-460d-baf7-50f6f43fabcc.jfif','ROLE_CLIENT',NULL,NULL,NULL),(46,'2024-10-08 15:56:09.060376','2024-10-08 15:56:09.060376','1970-01-01','test35@naver.com',_binary '',_binary '\0',_binary '\0','02-123-4567','010-1234-5678','류채원','$2a$10$ajXPF8Uz7CaGjNSl/hoGneefA5.DlrC93F3Rwaox2ABL.pKewqzsS','https://d21hr323cyxfck.cloudfront.net/public/profiles/2e4eb6c4-9cee-4f95-915c-759e1ee584ca.jpg','ROLE_CLIENT',NULL,NULL,NULL),(47,'2024-10-08 15:56:18.321676','2024-10-08 15:56:18.321676','1970-01-01','test36@naver.com',_binary '\0',_binary '\0',_binary '\0','02-123-4567','010-1234-5678','민서영','$2a$10$BbPJyNaLpJFdCrfbvcjAOubFHf.akyMy4VjMScYw6HWem02ECC8U.','https://d21hr323cyxfck.cloudfront.net/public/profiles/fb801cb3-d84d-4dc5-aeab-da61531261fb.jpg','ROLE_CLIENT',NULL,NULL,NULL),(48,'2024-10-08 15:56:25.556092','2024-10-08 15:56:25.556092','1970-01-01','test37@naver.com',_binary '\0',_binary '\0',_binary '\0','02-123-4567','010-1234-5678','배현우','$2a$10$L8kxIKhknkAKhyX7OyjIr.4obO.6GCD99Yti6nBHfw7c9gq/VHbdq','https://d21hr323cyxfck.cloudfront.net/public/profiles/7c5c6537-bc1e-413b-9243-89b1144a0d16.jpg','ROLE_CLIENT',NULL,NULL,NULL),(49,'2024-10-08 15:56:32.414314','2024-10-08 15:56:32.414314','1970-01-01','test38@naver.com',_binary '\0',_binary '\0',_binary '\0','02-123-4567','010-1234-5678','성지훈','$2a$10$CB7mpt3X0o1enZhTyayuoOLmJzBsuz8XOjmcaf9M1kmY2kbp.zWtC','https://d21hr323cyxfck.cloudfront.net/public/profiles/88fad8c5-8962-45b5-9c88-87985049fdba.jpg','ROLE_CLIENT',NULL,NULL,NULL),(50,'2024-10-08 15:56:38.120945','2024-10-08 15:56:38.120945','1970-01-01','test39@naver.com',_binary '\0',_binary '\0',_binary '\0','02-123-4567','010-1234-5678','손예진','$2a$10$m.hrGWIHJJgS9YK2RpwMWOhEifx4.cp1OmKsgZdqAC3YoIhMv0kqO','https://d21hr323cyxfck.cloudfront.net/public/profiles/e0ffb21d-cbaf-4a42-bed8-9bc3b0e2b3b4.jpg','ROLE_CLIENT',NULL,NULL,NULL),(51,'2024-10-08 15:56:45.202076','2024-10-08 15:56:45.202076','1970-01-01','test40@naver.com',_binary '\0',_binary '\0',_binary '\0','02-123-4567','010-1234-5678','심우진','$2a$10$5dp2Vkm3a98ngjugcTAqg.JwlEZz72DMop5XcZidKmnw2gJy.T8qW','https://d21hr323cyxfck.cloudfront.net/public/profiles/06e39f7f-ec51-4afc-a338-bde911219058.jpg','ROLE_CLIENT',NULL,NULL,NULL),(52,'2024-10-08 15:57:00.230726','2024-10-11 00:42:04.391308','1960-01-01','test41@naver.com',_binary '',_binary '\0',_binary '\0','02-123-4567','010-1234-5678','안수현','$2a$10$OnwsLJefWuflvKV5C4aDF..r5AJhkBBqvCZ85FSZFciasrL5IKSKO','https://d21hr323cyxfck.cloudfront.net/public/profiles/72d21753-f784-43d6-9147-853e99b84901.png','ROLE_CLIENT',NULL,NULL,NULL),(53,'2024-10-08 15:57:19.543804','2024-10-08 15:57:19.543804','1960-01-01','test42@naver.com',_binary '',_binary '\0',_binary '\0','02-123-4567','010-1234-5678','엄지원','$2a$10$or09Kp3uep5YECOU.RyGLebYqocvMl5QMWSrlXzX4L4J97/aHzzfe','https://d21hr323cyxfck.cloudfront.net/public/profiles/122919dc-5b68-4162-afc2-0cb425e0da49.jpg','ROLE_CLIENT',NULL,NULL,NULL),(54,'2024-10-08 15:57:27.256849','2024-10-08 15:57:27.256849','1960-01-01','test43@naver.com',_binary '',_binary '\0',_binary '\0','02-123-4567','010-1234-5678','원서연','$2a$10$pObxan/73TrcKqU6tXbHqe2af1L51/wdHSP7SsaYybZvT69QgaPP.','https://d21hr323cyxfck.cloudfront.net/public/profiles/3a03a453-27aa-452a-bb7f-f0eff4f1711c.jpg','ROLE_CLIENT',NULL,NULL,NULL),(55,'2024-10-08 15:57:32.695488','2024-10-08 15:57:32.695488','1960-01-01','test44@naver.com',_binary '',_binary '\0',_binary '\0','02-123-4567','010-1234-5678','유승호','$2a$10$9koBuCqSrqd6sgxfihyWq.AsfC3IqAUdbHLJfamSEOYdzfCKSPxq.','https://d21hr323cyxfck.cloudfront.net/public/profiles/9b330d8c-8675-411d-bde7-9bbf977b672f.jpg','ROLE_CLIENT',NULL,NULL,NULL),(56,'2024-10-08 15:57:39.197420','2024-10-08 15:57:39.197420','1960-01-01','test45@naver.com',_binary '',_binary '\0',_binary '\0','02-123-4567','010-1234-5678','윤하은','$2a$10$Y0zmhl9p6pbyCe4j0cQa1ecDpOsvel3stQrouGMAfJ/taEtyXtFPm','https://d21hr323cyxfck.cloudfront.net/public/profiles/37eec55e-23b6-4e8c-b14d-3822f85e74d7.jpg','ROLE_CLIENT',NULL,NULL,NULL),(57,'2024-10-08 15:57:49.313757','2024-10-08 15:57:49.313757','1960-01-01','test46@naver.com',_binary '\0',_binary '\0',_binary '\0','02-123-4567','010-1234-5678','이규민','$2a$10$SoZImboVMMLEOLsmKvmOhOlh4z/N2OW2XGozX2Ol.zUdyQW8CCuHW','https://d21hr323cyxfck.cloudfront.net/public/profiles/ca8bd3fe-7271-4442-bb50-df85cb9d18ea.jpg','ROLE_CLIENT',NULL,NULL,NULL),(58,'2024-10-08 15:57:55.019688','2024-10-08 15:57:55.019688','1960-01-01','test47@naver.com',_binary '\0',_binary '\0',_binary '\0','02-123-4567','010-1234-5678','임태용','$2a$10$c.GKu.rLhSdeqd9g5hq.6eK71kXuol6nuS4Upg/U/pss7dvC0Y7BG','https://d21hr323cyxfck.cloudfront.net/public/profiles/dc0d0f15-af4d-4b0c-b617-647f7b2390a4.jpg','ROLE_CLIENT',NULL,NULL,NULL),(59,'2024-10-08 15:58:01.848974','2024-10-08 15:58:01.848974','1960-01-01','test48@naver.com',_binary '\0',_binary '\0',_binary '\0','02-123-4567','010-1234-5678','정다은','$2a$10$5LNYfu1XPUudbjlNjVcKGeZbJkKQGc6Rt7USEGOXqRCVcudXvuMmK','https://d21hr323cyxfck.cloudfront.net/public/profiles/cb21ee34-ddc2-4093-bfe4-724469e3f96d.jpg','ROLE_CLIENT',NULL,NULL,NULL),(60,'2024-10-08 15:58:08.357164','2024-10-08 15:58:08.357164','1960-01-01','test49@naver.com',_binary '\0',_binary '\0',_binary '\0','02-123-4567','010-1234-5678','조민재','$2a$10$k7TYI1hcM3uy0LFdIvG6U.wiLnjso2Gi4Er/VAqelbW89InCJ9ZAq','https://d21hr323cyxfck.cloudfront.net/public/profiles/b487531b-a21c-47a4-8a46-3b042d2f5c8f.jpg','ROLE_CLIENT',NULL,NULL,NULL),(61,'2024-10-08 15:58:14.982249','2024-10-08 15:58:14.982249','1960-01-01','test50@naver.com',_binary '\0',_binary '\0',_binary '\0','02-123-4567','010-1234-5678','진세은','$2a$10$MaFEAE6UC024/YYD1jRd5em.IK/js3oTBT3fOM7wekn.jTr6AGQXG','https://d21hr323cyxfck.cloudfront.net/public/profiles/ad97fb4c-4562-420d-9a5a-ba8b1332ef91.jpg','ROLE_CLIENT',NULL,NULL,NULL),(62,'2024-10-08 17:00:24.669949','2024-10-09 15:44:02.258530',NULL,'imsil@imsil.go.kr',NULL,_binary '\0',_binary '\0','063-640-2114','010-2345-6789','전북 임실군','$2a$10$nXqrp4OGLuuhFqL5VVBkkOJs7.PEJkmUBk2gSjlZ2IrT3ZiynxWhW',NULL,'ROLE_CORPORATION',NULL,NULL,258),(63,'2024-10-08 17:01:53.790511','2024-10-09 15:44:13.305264',NULL,'boseong@boseong.go.kr',NULL,_binary '\0',_binary '\0','061-850-5114','010-3456-7890','전남 보성군','$2a$10$66oDcIUwWTxMMluTYY8tzO6loyJR9XPbZls0XSUMfJ4tAG8RW24WO',NULL,'ROLE_CORPORATION',NULL,NULL,175),(64,'2024-10-08 17:02:07.223936','2024-10-09 15:44:19.803289',NULL,'hadong@hadong.go.kr',NULL,_binary '\0',_binary '\0','055-880-2114','010-4567-8901','경남 하동군','$2a$10$SvLA8K5EedElaMDD8gSs0uA1XtQNcZrM3K/uXBlzTOiMuXvWwEIvW',NULL,'ROLE_CORPORATION',NULL,NULL,223),(65,'2024-10-08 17:02:17.724500','2024-10-09 15:44:27.255168',NULL,'mungyeong@mungyeong.go.kr',NULL,_binary '\0',_binary '\0','054-550-6114','010-5678-9012','경북 문경시','$2a$10$HgEF8ZckCJ0A2ebVMjx6GeJonFHVmBLWtW7qdEIgcW.Q9GGrfGrQW',NULL,'ROLE_CORPORATION',NULL,NULL,196),(66,'2024-10-08 17:04:28.709954','2024-10-09 15:44:35.363310',NULL,'taebaek@taebaek.go.kr',NULL,_binary '\0',_binary '\0','033-550-2114','010-6789-0123','강원 태백시','$2a$10$GwBlzlBHUWmiJMkp0jcs4OABxybSyEnZoXCuL7ddVeBV6ZC7cKzB.',NULL,'ROLE_CORPORATION',NULL,NULL,234),(67,'2024-10-08 17:04:57.517403','2024-10-09 15:44:43.826796',NULL,'boeun@boeun.go.kr',NULL,_binary '\0',_binary '\0','043-540-3114','010-7890-1234','충북 보은군','$2a$10$0WH1kvPx2uVT6EL8R8IwzO5iufZwE8KkL4k1loKJcw9m3DiD4HsRy',NULL,'ROLE_CORPORATION',NULL,NULL,143),(68,'2024-10-08 17:05:05.571025','2024-10-09 15:44:50.611192',NULL,'boryeong@boryeong.go.kr',NULL,_binary '\0',_binary '\0','041-930-3114','010-8901-2345','충남 보령시','$2a$10$R6w7Zh6Y4zAbKJsShk82CufTI3LNO.oO.7r0Vuu3dn/ffV0mQLVnW',NULL,'ROLE_CORPORATION',NULL,NULL,153),(69,'2024-10-10 11:05:49.733903','2024-10-10 11:05:49.733903',NULL,'kal@naver.com',NULL,_binary '\0',_binary '\0','010-0000-0000','010-0000-0000','칼국수','$2a$10$LYcbCBD3RDl8rDxFUPc0heM2tPLvun4z/DdTWrRR7asHZisZ/NNmm','https://d21hr323cyxfck.cloudfront.net/public/profiles/2712d1b3-4d9e-476a-b07e-1cf544822a77.gif','ROLE_CORPORATIONYET',NULL,NULL,34),(70,'2024-10-10 13:44:06.780193','2024-10-10 13:44:06.780193','2024-09-09','jah000118@naver.com',_binary '\0',_binary '\0',_binary '\0','02-123-4567','010-1234-5678','진아현','$2a$10$ow2cFlgDbUe0ieDWzJ8ElOXvCRYsbisV4ti1z87XExJs1RytBA8PG',NULL,'ROLE_CLIENT',NULL,NULL,NULL),(71,'2024-10-10 21:39:03.616554','2024-10-10 21:39:03.616554','2024-09-09','jah0118@naver.com',_binary '\0',_binary '\0',_binary '\0','02-123-4567','010-1234-5678','아현진','$2a$10$QHbuBc/BL/8fFzaz919MwuIF0kPXDFkTR8O8aZI3F59PVxl3jw.Z2',NULL,'ROLE_CLIENT',NULL,NULL,NULL),(72,'2024-10-10 22:35:21.334641','2024-10-10 22:35:21.334641','1997-01-01','hero2@naver.com',_binary '\0',_binary '\0',_binary '\0','02-123-4567','010-1234-5678','정유진','$2a$10$JzlqiDNEuZLs.TsMVDZ76OJX9Sp.qfgH3gIbOEERr8PCZ22gyjdiW',NULL,'ROLE_CLIENT',NULL,NULL,NULL);
/*!40000 ALTER TABLE `users` ENABLE KEYS */;
UNLOCK TABLES;

--
-- Table structure for table `wish`
--

DROP TABLE IF EXISTS `wish`;
/*!40101 SET @saved_cs_client     = @@character_set_client */;
/*!50503 SET character_set_client = utf8mb4 */;
CREATE TABLE `wish` (
  `wish_idx` int NOT NULL AUTO_INCREMENT,
  `created_date` datetime(6) NOT NULL,
  `modified_date` datetime(6) NOT NULL,
  `gift_idx` int DEFAULT NULL,
  `user_idx` int DEFAULT NULL,
  PRIMARY KEY (`wish_idx`),
  KEY `FKb5hb1ycb6kf4qgw2uemnhpu1l` (`gift_idx`),
  KEY `FKambql78l66di1932jbixebysh` (`user_idx`),
  CONSTRAINT `FKambql78l66di1932jbixebysh` FOREIGN KEY (`user_idx`) REFERENCES `users` (`user_idx`),
  CONSTRAINT `FKb5hb1ycb6kf4qgw2uemnhpu1l` FOREIGN KEY (`gift_idx`) REFERENCES `gifts` (`gift_idx`)
) ENGINE=InnoDB AUTO_INCREMENT=60 DEFAULT CHARSET=utf8mb4 COLLATE=utf8mb4_0900_ai_ci;
/*!40101 SET character_set_client = @saved_cs_client */;

--
-- Dumping data for table `wish`
--

LOCK TABLES `wish` WRITE;
/*!40000 ALTER TABLE `wish` DISABLE KEYS */;
INSERT INTO `wish` VALUES (15,'2024-10-10 12:16:35.187372','2024-10-10 12:16:35.187372',45,6),(17,'2024-10-10 13:46:45.853390','2024-10-10 13:46:45.853390',23,70),(18,'2024-10-10 13:46:49.749092','2024-10-10 13:46:49.749092',24,70),(19,'2024-10-10 14:20:04.425159','2024-10-10 14:20:04.425159',22,70),(44,'2024-10-11 00:10:55.019823','2024-10-11 00:10:55.019823',42,6),(48,'2024-10-11 02:07:55.074642','2024-10-11 02:07:55.074642',21,9),(49,'2024-10-11 02:22:03.954885','2024-10-11 02:22:03.954885',21,6),(51,'2024-10-11 02:30:16.737825','2024-10-11 02:30:16.737825',17,6),(52,'2024-10-11 03:05:26.226719','2024-10-11 03:05:26.226719',26,6),(55,'2024-10-11 03:47:09.954267','2024-10-11 03:47:09.954267',21,12),(56,'2024-10-11 03:50:27.787976','2024-10-11 03:50:27.787976',30,70),(57,'2024-10-11 04:01:32.053620','2024-10-11 04:01:32.053620',42,70),(58,'2024-10-11 04:12:05.175300','2024-10-11 04:12:05.175300',50,9),(59,'2024-10-11 04:29:22.498926','2024-10-11 04:29:22.498926',51,70);
/*!40000 ALTER TABLE `wish` ENABLE KEYS */;
UNLOCK TABLES;
/*!40103 SET TIME_ZONE=@OLD_TIME_ZONE */;

/*!40101 SET SQL_MODE=@OLD_SQL_MODE */;
/*!40014 SET FOREIGN_KEY_CHECKS=@OLD_FOREIGN_KEY_CHECKS */;
/*!40014 SET UNIQUE_CHECKS=@OLD_UNIQUE_CHECKS */;
/*!40101 SET CHARACTER_SET_CLIENT=@OLD_CHARACTER_SET_CLIENT */;
/*!40101 SET CHARACTER_SET_RESULTS=@OLD_CHARACTER_SET_RESULTS */;
/*!40101 SET COLLATION_CONNECTION=@OLD_COLLATION_CONNECTION */;
/*!40111 SET SQL_NOTES=@OLD_SQL_NOTES */;

-- Dump completed on 2024-10-11 10:02:21
